city,id,height,n_floors,year,EC8_eccentricityRatio,EC8_radiusRatio,EC8_compactness,ASCE7_setbackRatio,ASCE7_holeRatio,ASCE7_parallelityAngle,GNDTII_beta1_mainShapeSlenderness,GNDTII_beta2_setbackRatio,GNDTII_beta4_eccentricityRatio,GNDTII_beta6_setbackSlenderness,CSCR2010_eccentricityRatio,NTC23_setbackRatio,NTC23_holeRatio,polsby_popper,convex_hull_irregularity,inertia_circle_ratio,slenderness_bbox,slenderness_inertia,contact_force,contact_confinementRatio,contact_angularAcc,contact_angle,code_quality,roof_material_dark_shadow,roof_material_metallic,relativePosition_corner,relativePosition_isolated,relativePosition_lateral,relativePosition_torque,pred_LogisticRegression,pred_RandomForest,pred_XGBoost,majority_vote,agreement_ratio,normalized_entropy,is_contested,ensemble_pred,y_true
guatemala,guatemala_7,1.8949778403357305,1.948038519694622,-1.0894063429134349e-15,1.7549046908582522,-1.1784399193336952,-1.7386743058684142,1.6415757852648492,-0.04189151576075955,1.183420085475352,-0.19640443869295174,1.6415757852648492,1.5219380385621555,1.7249772270738344,1.4578820256900902,1.6415757852648492,-0.041891515767540875,-0.34290260486754903,1.6172722202691914,0.18931302982267434,-0.5795463406369843,-0.25084694316785944,0.33566743652572745,-0.8783362558105012,-0.12615218535077322,-0.7741054527925392,-0.15064309242680043,-0.4202042656508556,1.139586643533865,-0.3687637902528508,-0.5731921693416263,1.3864901546010127,-0.06172586219167556,1,1,1,1,1.0,-0.0,False,1,1.0
guatemala,guatemala_8,0.44562301584187464,0.43016405536437863,-1.0894063429134349e-15,1.6114033622753114,-1.5115682226126759,-0.5057966954132829,1.4421709684009967,-0.04189151576075955,1.1780832156938068,1.432788857900623,1.4421709684009967,0.704701568561183,1.8082124905561923,1.083753629271872,1.4421709684009967,-0.041891515767540875,0.8078645546027053,0.47836551091636387,1.4321707592853876,-1.4433521399821265,-1.3384406140640281,1.3057336957258543,0.5466293090741358,-0.20558697056065933,1.4751520540429872,-0.15064309242680043,-0.4202042656508556,-0.8775111622043715,2.711762994176452,-0.5731921693416263,-0.7212456552118893,-0.06172586219167556,1,2,1,1,0.6666666666666666,0.5793801642856949,False,1,1.0
guatemala,guatemala_9,1.789245742342774,1.8444518292929826,-1.0894063429134349e-15,1.4598370817624575,-1.2330398575804613,0.6126448520487294,-0.6406117541436054,23.871406682263586,1.1783183645053306,0.5934193230675834,-0.6406117541436054,0.8094485420633064,-0.6432543276936803,1.0714232156759458,-0.6406117541436054,23.8711822393621,0.9234860566334825,-0.6180506919182552,-0.47115136343884423,-0.3689128453700903,-0.4767647271097537,0.9578732837251042,-0.8598987139153796,0.7572618108923896,-0.7738632996264195,-0.15064309242680043,-0.4202042656508556,-0.8775111622043715,-0.3687637902528508,-0.5731921693416263,1.3864901546010127,-0.06172586219167556,1,1,1,1,1.0,-0.0,False,1,1.0
guatemala,guatemala_10,1.0864765235749796,1.1108418934556599,-1.0894063429134349e-15,-0.6222073040722012,-1.0027496179059394,0.5569991160741483,-0.5891544251469348,-0.04189151576075955,1.1707335401456158,0.22725611577553764,-0.5891544251469348,-0.7066162331448388,1.868644313780563,-0.7070693099729454,-0.5891544251469348,-0.041891515767540875,0.6169426239878937,-0.5620632979326304,0.35365614127088363,0.0025640013964441043,-0.11263775375966233,-1.2157392834680243,-0.8783362558105012,-0.9543809745130295,-0.7736144252043047,-0.15064309242680043,2.3797949753105847,-0.8775111622043715,-0.3687637902528508,1.7446155992475947,-0.7212456552118893,-0.06172586219167556,1,1,1,1,1.0,-0.0,False,1,1.0
guatemala,guatemala_53,-1.1690956482681047,-1.1615383419683167,-1.0894063429134349e-15,-0.7395486411521536,0.1616258680429958,0.6128001078486104,-0.6406117541436054,-0.04189151576075955,-1.3576932615941315,-0.6709409625316031,-0.6406117541436054,-0.7246485736191969,-0.6432543276936803,-0.7615712878322217,-0.6406117541436054,-0.041891515767540875,-0.3211679978331879,-0.6182071054679815,-0.7618053398854069,0.8770553483109638,0.8367250560488354,0.2991958262439542,-0.8783362558105012,-0.9425413810881104,-0.774103997161941,-0.15064309242680043,-0.4202042656508556,-0.8775111622043715,-0.3687637902528508,-0.5731921693416263,1.3864901546010127,-0.06172586219167556,2,2,2,2,1.0,-0.0,False,2,2.0
guatemala,guatemala_54,1.4297638893569307,1.4752466898621746,-1.0894063429134349e-15,1.9894461073836625,-1.4220399066904188,-2.1326547133035803,1.7676283593492346,-0.04189151576075955,1.1877919122975278,-1.9086890140135213,1.7676283593492346,1.9708623797875597,1.643012227534464,1.9314582569695784,1.7676283593492346,-0.041891515767540875,-1.6814323450555277,1.995582006140888,-1.6320449197707059,0.7811652448924442,1.1840460756634847,1.2981296974725813,0.8615072157638286,1.1813465106442433,1.334876305053397,-0.15064309242680043,2.3797949753105847,-0.8775111622043715,2.711762994176452,-0.5731921693416263,-0.7212456552118893,-0.06172586219167556,1,1,1,1,1.0,-0.0,False,1,1.0
guatemala,guatemala_55,-1.1690956482681047,-1.1615383419683167,-1.0894063429134349e-15,1.6892235948975953,-0.448926390996734,-1.5225714772751273,1.564150609069555,-0.04189151576075955,1.1806357958620337,0.9447468817453509,1.564150609069555,1.3958821821741116,1.6428153756618942,1.7031478001988953,1.564150609069555,-0.041891515767540875,-0.0288084584333146,1.421641038291788,0.8746089032716757,-1.1578504235539033,-0.980718366172817,-0.402304499194705,-0.8279526600015013,1.1392653814915694,-0.5921663194108711,-0.15064309242680043,-0.4202042656508556,-0.8775111622043715,-0.3687637902528508,-0.5731921693416263,1.3864901546010127,-0.06172586219167556,2,2,2,2,1.0,-0.0,False,2,2.0
guatemala,guatemala_105,1.6434795811172966,1.6972613034866455,-1.0894063429134349e-15,0.6696286025232939,-0.660593836544119,0.6128001038600493,-0.6406117541436054,-0.04189151576075955,1.1497673145775007,1.4666201764837208,-0.6406117541436054,0.11070215292541884,-0.6432543276936803,0.5318925674261844,-0.6406117541436054,-0.041891515767540875,1.5890970914040359,-0.6182071014496527,1.403999021520482,-1.2210318120807584,-1.4083780695925212,0.6697095637870968,-0.8783362558105012,0.31349847808540277,-0.7741055063348097,-0.15064309242680043,-0.4202042656508556,1.139586643533865,-0.3687637902528508,-0.5731921693416263,1.3864901546010127,-0.06172586219167556,1,1,1,1,1.0,-0.0,False,1,1.0
guatemala,guatemala_106,-1.1690956482681047,-1.1615383419683167,-1.0894063429134349e-15,-0.8163820801651643,-0.8466333700092344,0.6128001078486104,-0.6406117541436054,-0.04189151576075955,1.1789622604233339,-0.37458974005596074,-0.6406117541436054,-0.8293602437163952,-0.6432543276936803,-0.8375544549583456,-0.6406117541436054,-0.041891515767540875,0.04096580245957845,-0.6182071054679752,-0.3689118695664538,0.6045866721862676,0.5017072888727512,1.5304993186603641,0.3968585712074678,-0.9792205567240432,1.4011036727182657,-0.15064309242680043,2.3797949753105847,-0.8775111622043715,2.711762994176452,-0.5731921693416263,-0.7212456552118893,-0.06172586219167556,0,0,0,0,1.0,-0.0,False,0,0.0
guatemala,guatemala_107,-1.1690956482681047,-1.1615383419683167,-1.0894063429134349e-15,0.5355714762184233,-1.1936756308299146,0.6127994453872296,-0.6406117541436054,-0.04189151576075955,1.1622836647360593,0.48328755538654944,-0.6406117541436054,-0.03226350906969257,-0.6432543276936803,0.10057733044436673,-0.6406117541436054,-0.041891515767540875,0.9861525868013776,-0.6182064380641837,0.6325709243814028,-0.2707320393469059,-0.3602103676420971,0.7633400149569917,0.3423163615822059,1.0683473806228467,1.3599079966961423,-0.15064309242680043,2.3797949753105847,-0.8775111622043715,2.711762994176452,-0.5731921693416263,-0.7212456552118893,-0.06172586219167556,2,0,2,2,0.6666666666666666,0.5793801642856949,False,2,0.0
guatemala,guatemala_108,0.44562301584187464,0.43016405536437863,-1.0894063429134349e-15,1.5988880196547473,-1.0410012172858498,-2.1453658359964995,1.777119021482349,-0.04189151576075955,1.1722100115508096,-1.5709708922884544,1.777119021482349,1.8457858573254335,1.2857365559158203,1.4181220415374656,1.777119021482349,-0.041891515767540875,-1.669777142526135,2.013366791666434,-1.519898983723035,0.010069541356996569,0.7781115568948037,1.0887643015910244,1.0944545602102649,1.3347911637433394,1.3179040957144117,-0.15064309242680043,-0.4202042656508556,-0.8775111622043715,-0.3687637902528508,-0.5731921693416263,-0.7212456552118893,-0.06172586219167556,2,2,2,2,1.0,-0.0,False,2,2.0
guatemala,guatemala_109,-1.1690956482681047,-1.1615383419683167,-1.0894063429134349e-15,0.005025161748986511,-1.5328982876353328,0.5470614760598045,-0.5804321043448896,-0.04189151576075955,1.1787878444012896,-0.71826122176505,-0.5804321043448896,-0.2909439291733765,1.8698307523520097,-0.4432216577665917,-0.5804321043448896,-0.041891515767540875,-0.29423097453373626,-0.5520800541290353,-0.7721891581673379,0.936758197122822,0.8531653548486864,0.3148686878328789,1.3872038430803613,-0.7915443150770616,1.6230094965368331,-0.15064309242680043,2.3797949753105847,-0.8775111622043715,-0.3687637902528508,-0.5731921693416263,-0.7212456552118893,-0.06172586219167556,0,0,2,0,0.6666666666666666,0.5793801642856949,False,0,0.0
guatemala,guatemala_110,1.4297638893569307,1.4752466898621746,-1.0894063429134349e-15,-0.6574459020701673,-1.0154650119900093,0.4762138051102728,-0.4073277090138827,-0.04189151576075955,1.1772158945294242,-0.9584428272618521,-0.4073277090138827,-0.6812150759461326,1.8693775440127907,-0.7429396268965336,-0.4073277090138827,-0.041891515767540875,-0.618095733429491,-0.48104311653240833,-1.049481461809769,1.1601035899775367,1.096252133996604,0.25623580099878374,1.3994554653888198,-0.7931024672310454,1.6258595554561237,-0.15064309242680043,-0.4202042656508556,-0.8775111622043715,-0.3687637902528508,-0.5731921693416263,-0.7212456552118893,-0.06172586219167556,1,2,1,1,0.6666666666666666,0.5793801642856949,False,1,2.0
guatemala,guatemala_176,-1.1690956482681047,-1.1615383419683167,-1.0894063429134349e-15,1.4552587920909201,0.32879493961931505,-2.1273925143674024,1.7897244268471877,-0.04189151576075955,1.1888557103342745,-1.0777597122048554,1.7897244268471877,1.9064203300193514,0.9181588892629647,1.7986908396524366,1.7897244268471877,-0.041891515767540875,-1.9629803917530142,1.9874835846788592,-0.6849934057843894,-1.344689015256002,-1.755210590061405,0.38531654805583215,-0.8783361618954629,0.9239844867661945,-0.7722637890566894,-0.15064309242680043,-0.4202042656508556,1.139586643533865,-0.3687637902528508,-0.5731921693416263,1.3864901546010127,-0.06172586219167556,2,2,2,2,1.0,-0.0,False,2,0.0
guatemala,guatemala_177,-1.1690956482681047,-1.1615383419683167,-1.0894063429134349e-15,-0.4674380001035604,-0.3543063966842221,0.6119596679409817,-0.6406117541436054,-0.04189151576075955,1.1688112368186812,1.4560492261473055,-0.6406117541436054,-0.6117668491868152,-0.6432543276936803,-0.4610446610569763,-0.6406117541436054,-0.041891515767540875,1.3280032654377472,-0.6173604119326987,1.3657113797959144,-1.2594709897607277,-1.3595120453611038,-0.0049928484134084215,0.1262700385393007,1.0513795327460198,1.162416742725486,-0.15064309242680043,-0.4202042656508556,1.139586643533865,2.711762994176452,-0.5731921693416263,-0.7212456552118893,-0.06172586219167556,2,2,2,2,1.0,-0.0,False,2,1.0
guatemala,guatemala_178,0.44562301584187464,0.43016405536437863,-1.0894063429134349e-15,-0.7315170346613654,0.18400973245796992,0.4955032336751077,-0.5327062092633024,-0.04189151576075955,1.1688112368579473,-0.3043636390034531,-0.5327062092633024,-0.7147274362361997,1.8697270657347786,-0.7374040784347154,-0.5327062092633024,-0.041891515767540875,0.09630306931056556,-0.5003604298761062,-0.2959264317450401,0.5319501989057365,0.43845540341665895,1.5038731436846864,0.4311777193046763,-0.7830095582363742,1.4093637471780691,-0.15064309242680043,-0.4202042656508556,1.139586643533865,2.711762994176452,-0.5731921693416263,-0.7212456552118893,-0.06172586219167556,2,2,2,2,1.0,-0.0,False,2,2.0
guatemala,guatemala_179,0.44562301584187464,0.43016405536437863,-1.0894063429134349e-15,-0.6394205446996185,-0.08024153650186952,0.5925630410427347,-0.6406117541436054,-0.04189151576075955,1.1683266342348781,0.2882108347168369,-0.6406117541436054,-0.666361025508389,-0.6432543276936803,-0.6583775230646202,-0.6406117541436054,-0.041891515767540875,0.6598805122896432,-0.597828713419315,0.40743624680733337,-0.09764819723888707,-0.1623627936774624,0.5069990747279003,1.3420601521778501,-0.5704240860560914,1.602900079611561,-0.15064309242680043,-0.4202042656508556,-0.8775111622043715,-0.3687637902528508,-0.5731921693416263,-0.7212456552118893,-0.06172586219167556,2,2,2,2,1.0,-0.0,False,2,1.0
guatemala,guatemala_183,-1.1690956482681047,-1.1615383419683167,-1.0894063429134349e-15,-0.7453917380767255,-0.991122490020014,0.6128001078486104,-0.6406117541436054,-0.04189151576075955,-1.2579606820225888,0.3081302542771612,-0.6406117541436054,-0.7904333861135474,-0.6432543276936803,-0.7774441960995025,-0.6406117541436054,-0.041891515767540875,0.7126059146501239,-0.6182071054679817,0.47496499113963264,-0.08640495248608131,-0.22150803427409604,0.8063917794018928,-0.8783362558105012,1.1875986513901906,-0.7741055249509806,-0.15064309242680043,2.3797949753105847,-0.8775111622043715,-0.3687637902528508,-0.5731921693416263,1.3864901546010127,-0.06172586219167556,2,2,2,2,1.0,-0.0,False,2,0.0
guatemala,guatemala_184,-1.1690956482681047,-1.1615383419683167,-1.0894063429134349e-15,-0.6611833752600287,-1.3144634629700938,0.6128001077050796,-0.6406117541436054,-0.04189151576075955,-1.3336990276124172,-0.815136102944952,-0.6406117541436054,-0.7029183676847065,-0.6432543276936803,-0.7480419618216159,-0.6406117541436054,-0.041891515767540875,-0.456714715780476,-0.6182071053233631,-0.8993214617392922,1.0341800127065581,0.9592832641332296,0.29464439973676715,1.392155691783062,-0.9201293745298887,1.6255619042682052,-0.15064309242680043,-0.4202042656508556,1.139586643533865,-0.3687637902528508,-0.5731921693416263,-0.7212456552118893,-0.06172586219167556,0,0,0,0,1.0,-0.0,False,0,2.0
guatemala,guatemala_185,-1.1690956482681047,-1.1615383419683167,-1.0894063429134349e-15,1.9988870832055878,-1.6669530753528343,-2.077891467191373,1.6922068490177244,-0.04189151576075955,-1.3027546032214863,-0.9202206856167421,1.6922068490177244,1.968935752947188,1.4751104046791137,1.9453046099850713,1.6922068490177244,-0.041891515767540875,-1.5688553717216103,1.9334359932844707,-0.6212810558288135,-0.41430881364229705,-0.1693942466069368,0.1364730225398392,1.3438579122077965,-0.17116390276413956,1.3937565009887607,-0.15064309242680043,2.3797949753105847,-0.8775111622043715,-0.3687637902528508,-0.5731921693416263,-0.7212456552118893,-0.06172586219167556,0,0,2,0,0.6666666666666666,0.5793801642856949,False,2,2.0
guatemala,guatemala_186,1.0864765235749796,1.1108418934556599,-1.0894063429134349e-15,-0.38837491257640827,-1.6399548428891777,0.6128001078486104,-0.6406117541436054,-0.04189151576075955,1.1729010697296502,-1.5709456921419453,-0.6406117541436054,-0.4899260698085314,-0.6432543276936803,-0.6397817674448454,-0.6406117541436054,-0.041891515767540875,-1.3004584141536681,-0.6182071054679682,-1.6412910481364433,1.73578772830773,1.7201979542058146,0.07280432497102804,1.4297242219575406,-0.8011026968110562,1.6346786175866679,-0.15064309242680043,-0.4202042656508556,1.139586643533865,-0.3687637902528508,-0.5731921693416263,-0.7212456552118893,-0.06172586219167556,1,2,2,2,0.6666666666666666,0.5793801642856949,False,2,2.0
guatemala,guatemala_187,0.44562301584187464,0.43016405536437863,-1.0894063429134349e-15,1.9999381364418858,-1.5771418288733172,-2.040551610224965,1.7306092745335815,-0.04189151576075955,1.1806883256668486,-0.19129330600032338,1.7306092745335815,1.952337715136538,0.9949103445305423,1.9603504811129049,1.7306092745335815,-0.041891515767540875,-1.2223983100149745,1.8962022880004719,-0.7151725456190816,0.40713339944484184,0.32952281060546096,0.5927975720758992,1.362038376556348,-0.18143857173545158,1.6130424170700068,-0.15064309242680043,2.3797949753105847,-0.8775111622043715,-0.3687637902528508,-0.5731921693416263,-0.7212456552118893,-0.06172586219167556,2,2,2,2,1.0,-0.0,False,2,1.0
guatemala,guatemala_188,0.44562301584187464,0.43016405536437863,-1.0894063429134349e-15,-0.6185714610965882,-0.6449580765085825,0.6127983702935436,-0.6406117541436054,-0.04189151576075955,-1.2194455613022543,1.3605300559400504,-0.6406117541436054,-0.7202785192525349,-0.6432543276936803,-0.6693774176501656,-0.6406117541436054,-0.041891515767540875,1.285397798436986,-0.618205354949587,1.3242738265450722,-1.1307739230911777,-1.2674058530488892,0.1698176938850717,0.544117636868376,-0.2476749519669255,1.472513854353076,-0.15064309242680043,-0.4202042656508556,-0.8775111622043715,2.711762994176452,-0.5731921693416263,-0.7212456552118893,-0.06172586219167556,2,2,2,2,1.0,-0.0,False,2,2.0
guatemala,guatemala_191,-1.1690956482681047,-1.1615383419683167,-1.0894063429134349e-15,1.0583118646002987,-1.1736197366724797,0.612800105609671,-0.6406117541436054,-0.04189151576075955,-1.1871271919675475,-0.7571887213767687,-0.6406117541436054,0.7434942340645153,-0.6432543276936803,0.42987828355177693,-0.6406117541436054,-0.041891515767540875,-0.19306981903228057,-0.6182071032123221,-0.8202899465905765,0.9642711148632447,0.9096500527422897,1.2207988994695522,0.436897123492092,1.5115926890421638,1.4256819633210578,-0.15064309242680043,2.3797949753105847,-0.8775111622043715,2.711762994176452,-0.5731921693416263,-0.7212456552118893,-0.06172586219167556,0,0,1,0,0.6666666666666666,0.5793801642856949,False,0,1.0
guatemala,guatemala_192,0.44562301584187464,0.43016405536437863,-1.0894063429134349e-15,1.672432534157931,0.3048856469249375,-2.0669090896657316,1.7645743441567556,-0.04189151576075955,-1.3040649074280666,-0.6838894418803956,1.7645743441567556,1.9277754443647732,1.2447479435495328,1.859570494546947,1.7645743441567556,-0.041891515767540875,-1.668095890950802,1.9222380355743602,-0.39925350123945047,-1.0314867957697489,-0.852623273195615,1.204769909338618,0.5168539917115711,0.2445480252896515,1.4666296922098034,-0.15064309242680043,-0.4202042656508556,1.139586643533865,2.711762994176452,-0.5731921693416263,-0.7212456552118893,-0.06172586219167556,2,2,2,2,1.0,-0.0,False,2,1.0
guatemala,guatemala_193,-1.1690956482681047,-1.1615383419683167,-1.0894063429134349e-15,-0.7904685466848298,-0.34171815785665544,0.6128001074298952,-0.6406117541436054,-0.04189151576075955,1.1634059483091215,-0.42276912147686935,-0.6406117541436054,-0.802756266122067,-0.6432543276936803,-0.8158036290615135,-0.6406117541436054,-0.041891515767540875,-0.02052478152005327,-0.6182071050461325,-0.43722462928725947,0.6370525623583945,0.5588792377867765,0.4712938170309119,1.3451928885258142,1.2808715600259861,1.5707868843955386,-0.15064309242680043,-0.4202042656508556,1.139586643533865,-0.3687637902528508,-0.5731921693416263,-0.7212456552118893,-0.06172586219167556,2,0,0,0,0.6666666666666666,0.5793801642856949,False,0,0.0
guatemala,guatemala_846,-1.1690956482681047,-1.1615383419683167,-1.0894063429134349e-15,0.24433851415369126,-0.17181443495408744,0.6115854769560753,-0.6406117541436054,-0.04189151576075955,1.1563733474824007,-0.060193568942893856,-0.6406117541436054,0.1907099269571018,-0.6432543276936803,0.19349889821170707,-0.6406117541436054,-0.041891515767540875,0.553764830933905,-0.6169834473433905,-0.005722074756384815,0.2730811625443685,0.21595184389404234,0.7750411254185661,0.5270497868709619,1.5315633704757046,1.468669377644772,-0.15064309242680043,-0.4202042656508556,1.139586643533865,2.711762994176452,-0.5731921693416263,-0.7212456552118893,-0.06172586219167556,2,0,0,0,0.6666666666666666,0.5793801642856949,False,0,0.0
guatemala,guatemala_194,-1.1690956482681047,-1.1615383419683167,-1.0894063429134349e-15,0.6088492725139122,-0.738229660108429,0.6128001011060772,-0.6406117541436054,-0.04189151576075955,-1.2949629837907044,0.17023577273640705,-0.6406117541436054,0.24368907338464127,-0.6432543276936803,0.38610338328808885,-0.6406117541436054,-0.041891515767540875,0.8465321249811337,-0.6182070986751436,0.33313509687295834,0.0612747649689212,-0.0717760230171554,1.2032043798620797,-0.8783362558105001,-0.7299614301131173,-0.7741053998609407,-0.15064309242680043,2.3797949753105847,-0.8775111622043715,-0.3687637902528508,-0.5731921693416263,1.3864901546010127,-0.06172586219167556,2,0,0,0,0.6666666666666666,0.5793801642856949,False,0,0.0
guatemala,guatemala_195,1.4297638893569307,1.4752466898621746,-1.0894063429134349e-15,-0.772567691141033,0.2175824696878529,0.6128001078486104,-0.6406117541436054,-0.04189151576075955,-1.3157379040373234,1.5455362179112682,-0.6406117541436054,-0.7952631430608645,-0.6432543276936803,-0.7793386416679072,-0.6406117541436054,-0.041891515767540875,1.3303660372901647,-0.6182071054679752,1.3954807016831652,-1.2996919516775232,-1.4491534655739366,0.7755298986371365,1.2622609689777402,-0.8472098736537356,1.579787503729662,-0.15064309242680043,-0.4202042656508556,1.139586643533865,-0.3687637902528508,-0.5731921693416263,-0.7212456552118893,-0.06172586219167556,1,2,1,1,0.6666666666666666,0.5793801642856949,False,1,2.0
guatemala,guatemala_196,-1.1690956482681047,-1.1615383419683167,-1.0894063429134349e-15,-0.6167017314466124,-1.653160127711692,0.612800106585355,-0.6406117541436054,-0.04189151576075955,1.1748439124201429,-1.5326494257534133,-0.6406117541436054,-0.6786463994525849,-0.6432543276936803,-0.72798670202606,-0.6406117541436054,-0.041891515767540875,-1.2558420608017355,-0.6182071041952906,-1.6065145063773503,1.7042181732798096,1.6783071714989684,1.8375488276106793,0.21494050781094295,-0.8675844248415687,1.251747264281035,-0.15064309242680043,-0.4202042656508556,1.139586643533865,2.711762994176452,-0.5731921693416263,-0.7212456552118893,-0.06172586219167556,2,0,0,0,0.6666666666666666,0.5793801642856949,False,0,0.0
guatemala,guatemala_302,1.4297638893569307,1.4752466898621746,-1.0894063429134349e-15,1.9630354132019914,-2.847001666880614,-0.508927434229282,0.804940093955835,-0.04189151576075955,-1.230049145103816,-0.21852850775184052,0.804940093955835,0.6450681847688444,1.5511044435842387,0.8202033543302771,0.804940093955835,-0.041891515767540875,-1.205520685672274,1.6482290440761336,-0.08536640807711672,0.23629723238875575,0.18723141457785228,-1.2200849062947319,-0.8783362558105012,-0.9813275446940439,-0.7741063532673469,-0.15064309242680043,-0.4202042656508556,-0.8775111622043715,-0.3687637902528508,1.7446155992475947,-0.7212456552118893,-0.06172586219167556,1,1,1,1,1.0,-0.0,False,1,1.0
guatemala,guatemala_303,0.44562301584187464,0.43016405536437863,-1.0894063429134349e-15,1.1653247911958806,-0.5292459497215145,-1.8451651167727567,1.623254543374347,-0.04189151576075955,-1.225657379011065,-1.0683869944306654,1.623254543374347,1.4232022517130236,1.7615916961471354,0.9471885916041554,1.623254543374347,-0.041891515767540875,-1.0094775538779344,1.7139925933981164,-0.9331676689146566,0.4122454163928765,0.7658070350601044,0.655844357364605,0.4649562753106429,1.3590158908889802,1.4549928137981003,-0.15064309242680043,-0.4202042656508556,1.139586643533865,2.711762994176452,-0.5731921693416263,-0.7212456552118893,-0.06172586219167556,2,2,2,2,1.0,-0.0,False,2,2.0
guatemala,guatemala_304,0.44562301584187464,0.43016405536437863,-1.0894063429134349e-15,1.3045873097652854,-0.03591528832558791,-1.7364054092559695,1.6790686820536607,-0.04189151576075955,1.1568719756832957,-0.7690251433048806,1.6790686820536607,1.5879774782128193,1.758077846343848,1.364222509347064,1.6790686820536607,-0.041891515767540875,-0.6288732296213879,1.6152171160345148,-0.2193842337212756,-0.1487492879712359,0.12115414970667024,0.3186520547724364,1.2636979623490747,1.6687260163970623,-0.30406934801045543,-0.15064309242680043,2.3797949753105847,-0.8775111622043715,-0.3687637902528508,-0.5731921693416263,-0.7212456552118893,-0.06172586219167556,2,2,2,2,1.0,-0.0,False,2,2.0
guatemala,guatemala_305,0.44562301584187464,0.43016405536437863,-1.0894063429134349e-15,1.8204824158727206,-0.6313670521233565,-2.144501137947248,1.774653747923724,-0.04189151576075955,-1.3125911684094214,-0.8882245378503868,1.774653747923724,1.9153135636760787,1.1254848072187391,1.7936055167953833,1.774653747923724,-0.041891515767540875,-1.4826603965430654,2.0116937605232508,-1.105709488601475,-1.1742513201979403,0.052142221271603534,1.2978663244403628,0.9580076011240608,1.1291506391173707,1.4496625227833768,-0.15064309242680043,-0.4202042656508556,-0.8775111622043715,2.711762994176452,-0.5731921693416263,-0.7212456552118893,-0.06172586219167556,2,2,2,2,1.0,-0.0,False,2,2.0
guatemala,guatemala_306,-1.1690956482681047,-1.1615383419683167,-1.0894063429134349e-15,1.1078163717852565,-0.3908434892916984,-0.6309880961876908,1.0971953831367287,-0.04189151576075955,1.1812280466188463,1.001286884991602,1.0971953831367287,0.6662518492922752,1.7996235941432033,1.2306910566887037,1.0971953831367287,-0.041891515767540875,0.5231921721752336,0.5972084287592679,1.1258889869998103,-0.8156478647895391,-0.9968564546135329,1.0812999189529613,0.6171579851338727,1.2756635783741308,1.4806652548207677,-0.15064309242680043,-0.4202042656508556,1.139586643533865,2.711762994176452,-0.5731921693416263,-0.7212456552118893,-0.06172586219167556,2,0,0,0,0.6666666666666666,0.5793801642856949,False,0,0.0
guatemala,guatemala_307,0.44562301584187464,0.43016405536437863,-1.0894063429134349e-15,0.8734037533658364,-1.1875939602429637,0.6128001078486104,-0.6406117541436054,-0.04189151576075955,-1.2310236056733415,0.072581875830902,-0.6406117541436054,0.3100889364733288,-0.6432543276936803,0.36926351099901045,-0.6406117541436054,-0.041891515767540875,0.650300137082331,-0.6182071054679752,0.1513985257415028,0.11319409300964467,0.07580576421121119,1.4569582225850806,0.4937325760960905,-0.7358532231184797,1.442471844616845,-0.15064309242680043,2.3797949753105847,-0.8775111622043715,2.711762994176452,-0.5731921693416263,-0.7212456552118893,-0.06172586219167556,2,2,2,2,1.0,-0.0,False,2,2.0
guatemala,guatemala_500,0.44562301584187464,0.43016405536437863,-1.0894063429134349e-15,1.7981018099274868,-1.117220432167999,-1.2483820475319494,1.3489283650574544,-0.04189151576075955,1.1722803067049499,0.9737105313850652,1.3489283650574544,1.3251973701565123,1.7670018002925953,1.5780851634945818,1.3489283650574544,-0.041891515767540875,0.322948602930997,1.1718742715981014,1.0084409604226907,-1.443641023941376,-1.0688460001691913,0.6676227026577636,0.3672481494748542,0.7909551418931391,1.1517323708864007,-0.15064309242680043,-0.4202042656508556,-0.8775111622043715,2.711762994176452,-0.5731921693416263,-0.7212456552118893,-0.06172586219167556,2,2,1,2,0.6666666666666666,0.5793801642856949,False,2,1.0
guatemala,guatemala_501,-1.1690956482681047,-1.1615383419683167,-1.0894063429134349e-15,1.5260486296816025,-0.6920280805550743,-1.9258589737679093,1.746554247148692,-0.04189151576075955,1.1628249438084783,-1.766605116910457,1.746554247148692,1.904613521814899,1.2169988813644816,1.4663476226304262,1.746554247148692,-0.041891515767540875,-1.8712198759589795,1.9891595081580769,-1.5179440496303138,0.9005526869652601,1.1988876794406937,0.5653383940353769,1.3278136221507655,1.0868130301511247,1.5672200805785212,-0.15064309242680043,-0.4202042656508556,1.139586643533865,-0.3687637902528508,-0.5731921693416263,-0.7212456552118893,-0.06172586219167556,0,0,2,0,0.6666666666666666,0.5793801642856949,False,2,2.0
guatemala,guatemala_502,-1.1690956482681047,-1.1615383419683167,-1.0894063429134349e-15,1.871355557908247,-0.9845885528389285,-2.0677963459424995,1.7801943481675355,-0.04189151576075955,-1.239033401860826,-1.4622341063078126,1.7801943481675355,1.9456318575070888,1.273386926156216,1.7712019405459818,1.7801943481675355,-0.041891515767540875,-1.7998564244644477,1.9620743360224495,-0.7826381931996066,-0.1825441084727539,-0.19874795309934065,0.18625498216747602,0.5290588469661534,0.8714314949189599,1.4710162237631625,-0.15064309242680043,2.3797949753105847,-0.8775111622043715,2.711762994176452,-0.5731921693416263,-0.7212456552118893,-0.06172586219167556,0,0,0,0,1.0,-0.0,False,0,2.0
guatemala,guatemala_503,-1.1690956482681047,-1.1615383419683167,-1.0894063429134349e-15,1.9269097839227038,-1.1103284814382692,-1.150849881852563,1.411900429512869,-0.04189151576075955,-1.2082899199010928,-1.0759573610513369,1.411900429512869,1.8753971092154047,1.3962307187526282,1.8502616165751555,1.411900429512869,-0.041891515767540875,-1.1303732246198441,1.0823069446358387,-1.1203208674496508,1.2823634481594917,1.1236696036640152,1.2244626977432091,0.9982910754083216,1.611258506471421,1.072806355637114,-0.15064309242680043,2.3797949753105847,-0.8775111622043715,-0.3687637902528508,-0.5731921693416263,1.3864901546010127,-0.06172586219167556,0,0,0,0,1.0,-0.0,False,0,2.0
guatemala,guatemala_504,-1.1690956482681047,-1.1615383419683167,-1.0894063429134349e-15,1.9643143947141724,-1.799502887854676,-2.033277658280377,1.7241761741338362,-0.04189151576075955,-1.2969985095537089,-2.347222025641064,1.7241761741338362,1.9687713744125102,0.7558281716218599,1.3807304539513343,1.7241761741338362,-0.041891515767540875,-2.0848625481104746,2.009181621618389,-2.006475626873745,1.7735307492320378,1.9806690094126642,1.821038533416315,0.810014521583149,1.4181124608070608,1.2331927932895914,-0.15064309242680043,-0.4202042656508556,-0.8775111622043715,2.711762994176452,-0.5731921693416263,-0.7212456552118893,-0.06172586219167556,0,0,2,0,0.6666666666666666,0.5793801642856949,False,2,2.0
guatemala,guatemala_505,-1.1690956482681047,-1.1615383419683167,-1.0894063429134349e-15,1.7397754393211398,-0.9694114641769804,-2.146621185249799,1.783421205680578,-0.04189151576075955,-1.3447948542525083,-1.815513257330198,1.783421205680578,1.923689212517453,1.3367896729154123,1.5128807772227322,1.783421205680578,-0.041891515767540875,-1.7468523863295609,2.0161649134992636,-1.6397549101603863,0.18059326943540635,0.8764799759750656,0.3393197369454253,1.1532218509536305,1.5752529669898232,-0.6380534710175274,-0.15064309242680043,-0.4202042656508556,-0.8775111622043715,-0.3687637902528508,-0.5731921693416263,-0.7212456552118893,-0.06172586219167556,0,0,2,0,0.6666666666666666,0.5793801642856949,False,2,2.0
guatemala,guatemala_506,-1.1690956482681047,-1.1615383419683167,-1.0894063429134349e-15,1.7751424815843457,-1.2740052644429265,-2.062452065275972,1.7002847237414864,-0.04189151576075955,-1.281082522282807,-1.9654042571937316,1.7002847237414864,1.9345153307246428,1.0555144721879786,1.5417136308115198,1.7002847237414864,-0.041891515767540875,-1.979172222161888,2.010137099778593,-1.4781485238845746,0.7360044702119733,0.8332502237844569,-0.6049210261097492,1.3998857941329976,0.7010475578217297,-0.2736226880340699,-0.15064309242680043,2.3797949753105847,-0.8775111622043715,-0.3687637902528508,-0.5731921693416263,-0.7212456552118893,-0.06172586219167556,0,0,2,0,0.6666666666666666,0.5793801642856949,False,2,2.0
guatemala,guatemala_507,-1.1690956482681047,-1.1615383419683167,-1.0894063429134349e-15,0.5399882587339376,0.05460656569441345,0.6128001078486104,-0.6406117541436054,-0.04189151576075955,-1.3351319528724725,1.4856042105793639,-0.6406117541436054,0.26121419811650776,-0.6432543276936803,0.7111616229200823,-0.6406117541436054,-0.041891515767540875,1.7587181697284464,-0.6182071054679752,1.4377952667351022,-1.255528777208467,-1.4066478813771461,-0.8397720159973557,-0.8783362558105012,0.3883730804525389,-0.7740982451633226,-0.15064309242680043,-0.4202042656508556,-0.8775111622043715,-0.3687637902528508,1.7446155992475947,-0.7212456552118893,-0.06172586219167556,2,0,0,0,0.6666666666666666,0.5793801642856949,False,0,0.0
guatemala,guatemala_508,-1.1690956482681047,-1.1615383419683167,-1.0894063429134349e-15,0.5708325172996563,-1.2883956300771315,0.6128001078486104,-0.6406117541436054,-0.04189151576075955,1.1844580144913994,-1.796584984415612,-0.6406117541436054,0.6654148698558371,-0.6432543276936803,-0.07262724722132557,-0.6406117541436054,-0.041891515767540875,-1.4561868919710494,-0.6182071054679752,-1.7894998564848479,1.936746952195699,1.919542128842998,0.012936527969226258,-0.8783362558105012,-0.716703588754195,-0.7741041903975909,-0.15064309242680043,2.3797949753105847,-0.8775111622043715,-0.3687637902528508,-0.5731921693416263,1.3864901546010127,-0.06172586219167556,0,2,2,2,0.6666666666666666,0.5793801642856949,False,2,2.0
guatemala,guatemala_509,-1.1690956482681047,-1.1615383419683167,-1.0894063429134349e-15,-0.5799670104321838,0.15730966867157614,0.6128001078486104,-0.6406117541436054,-0.04189151576075955,1.1668446004038233,1.3644995074073343,-0.6406117541436054,-0.643568512207285,-0.6432543276936803,-0.5235269664136665,-0.6406117541436054,-0.041891515767540875,1.280915118050332,-0.6182071054679822,1.3188684205283894,-1.1783640452711892,-1.258602924250054,0.771783149506946,1.2643131136348478,-0.8510562257514235,1.584388564984235,-0.15064309242680043,-0.4202042656508556,1.139586643533865,-0.3687637902528508,-0.5731921693416263,-0.7212456552118893,-0.06172586219167556,2,2,2,2,1.0,-0.0,False,2,2.0
guatemala,guatemala_510,-1.1690956482681047,-1.1615383419683167,-1.0894063429134349e-15,0.42766685062162496,0.23540898194445908,0.6128001078486104,-0.6406117541436054,-0.04189151576075955,1.1848281296571432,1.6528257595430853,-0.6406117541436054,0.19842688799751446,-0.6432543276936803,0.6832851843344216,-0.6406117541436054,-0.041891515767540875,1.7577732489257412,-0.6182071054679752,1.4818725425290016,-1.409621656835065,-1.5987364896528007,1.3289950234782306,0.5736395083658319,-0.9429098052503492,1.4814078996379234,-0.15064309242680043,-0.4202042656508556,1.139586643533865,2.711762994176452,-0.5731921693416263,-0.7212456552118893,-0.06172586219167556,0,0,0,0,1.0,-0.0,False,0,0.0
guatemala,guatemala_511,0.44562301584187464,0.43016405536437863,-1.0894063429134349e-15,-0.7107943581446542,0.20945090496427102,0.6128001078486104,-0.6406117541436054,-0.04189151576075955,1.1546517659363522,0.9400837500189536,-0.6406117541436054,-0.7372554118703255,-0.6432543276936803,-0.7035067681529629,-0.6406117541436054,-0.041891515767540875,1.1128369926410588,-0.618207105467983,1.0539548141086608,-0.7253452502559862,-0.832978112953588,0.6523517759363299,1.302047197728548,-0.9014681246940766,1.5926889563383166,-0.15064309242680043,2.3797949753105847,-0.8775111622043715,-0.3687637902528508,-0.5731921693416263,-0.7212456552118893,-0.06172586219167556,2,2,2,2,1.0,-0.0,False,2,2.0
guatemala,guatemala_512,-1.1690956482681047,-1.1615383419683167,-1.0894063429134349e-15,-0.5669290670717113,-1.2040529000515927,0.595628036471413,-0.6406117541436054,-0.04189151576075955,1.1699001413912058,-0.8823188735591713,-0.6406117541436054,-0.6427962866366426,-0.6432543276936803,-0.7046250261624082,-0.6406117541436054,-0.041891515767540875,-0.561377837514259,-0.6009134875800686,-1.0016260684396614,1.0854818902016106,1.0524111546957298,0.46705419580922536,1.3531342082063516,1.448218866010557,1.5264229364053974,-0.15064309242680043,-0.4202042656508556,1.139586643533865,-0.3687637902528508,-0.5731921693416263,-0.7212456552118893,-0.06172586219167556,2,2,2,2,1.0,-0.0,False,2,2.0
guatemala,guatemala_513,0.44562301584187464,0.43016405536437863,-1.0894063429134349e-15,-0.7979775658803966,0.4839876053212492,0.6128001078486104,-0.6406117541436054,-0.04189151576075955,1.1854610643162584,1.7155800939942722,-0.6406117541436054,-0.8136635252733795,-0.6432543276936803,-0.8086652576507551,-0.6406117541436054,-0.041891515767540875,1.358718966798214,-0.6182071054679752,1.442349391100559,-1.4590391223335917,-1.6417614345140452,1.351647903370737,0.5242251023279496,-0.9473042145843876,1.4696216045357626,-0.15064309242680043,-0.4202042656508556,1.139586643533865,2.711762994176452,-0.5731921693416263,-0.7212456552118893,-0.06172586219167556,2,0,0,0,0.6666666666666666,0.5793801642856949,False,0,0.0
guatemala,guatemala_514,0.44562301584187464,0.43016405536437863,-1.0894063429134349e-15,-0.8148556050805478,0.7485481205635505,0.6128001078486104,-0.6406117541436054,-0.04189151576075955,-1.276055352496509,0.7070624511357289,-0.6406117541436054,-0.8265873018625508,-0.6432543276936803,-0.8330027680110039,-0.6406117541436054,-0.041891515767540875,0.9936684364956616,-0.6182071054679752,0.8748983247266585,-0.4684767137282178,-0.6197161240544083,0.6251570423204399,1.3107332960016562,-0.7367791700526881,1.5962951392201545,-0.15064309242680043,2.3797949753105847,-0.8775111622043715,-0.3687637902528508,-0.5731921693416263,-0.7212456552118893,-0.06172586219167556,2,2,1,2,0.6666666666666666,0.5793801642856949,False,2,1.0
guatemala,guatemala_515,-1.1690956482681047,-1.1615383419683167,-1.0894063429134349e-15,-0.7802429936398733,0.664852329443725,0.5362265923094259,-0.3573663628482896,-0.04189151576075955,-1.2760384406373075,0.238791541944933,-0.3573663628482896,-0.7835694854067753,1.8695644627638925,-0.7840406464941413,-0.3573663628482896,-0.041891515767540875,0.6295506018464283,-0.5412007826124122,0.37331371515391804,-0.020607315949025772,-0.13148455573905574,0.6332506825734396,1.2908513599055933,1.2920681680570645,1.5508093639723755,-0.15064309242680043,2.3797949753105847,-0.8775111622043715,-0.3687637902528508,-0.5731921693416263,-0.7212456552118893,-0.06172586219167556,0,2,2,2,0.6666666666666666,0.5793801642856949,False,0,2.0
guatemala,guatemala_847,-1.1690956482681047,-1.1615383419683167,-1.0894063429134349e-15,-0.7778745793315196,1.578787930120608,0.6128001078486104,-0.6406117541436054,-0.04189151576075955,-1.2074965833154714,1.2902082848734373,-0.6406117541436054,-0.7716566219281024,-0.6432543276936803,-0.7510191077736333,-0.6406117541436054,-0.041891515767540875,1.2674392265203074,-0.6182071054679752,1.2951955385580383,-1.0472191489425777,-1.2070323246494903,-1.175982495077152,1.5003270409844107,-0.5424163497433042,1.6287753743281574,-0.15064309242680043,-0.4202042656508556,1.139586643533865,-0.3687637902528508,-0.5731921693416263,-0.7212456552118893,-0.06172586219167556,2,0,0,0,0.6666666666666666,0.5793801642856949,False,0,0.0
guatemala,guatemala_516,-1.1690956482681047,-1.1615383419683167,-1.0894063429134349e-15,1.9684378158629778,-1.5194595506817425,-1.9216485906603487,1.7484943053358168,23.85811848483505,-1.3169688384466387,-0.823290532820644,1.7484943053358168,1.8533881502408076,0.8174655146687322,1.7842354492486567,1.7484943053358168,23.871182221886396,-1.790484300456717,1.7860494535522415,-1.3281278812567887,1.0171392793717722,0.8563797081404025,0.4515556950105793,1.3454921222384293,1.0698868614780495,1.3137739842782772,-0.15064309242680043,2.3797949753105847,-0.8775111622043715,-0.3687637902528508,-0.5731921693416263,-0.7212456552118893,-0.06172586219167556,0,0,0,0,1.0,-0.0,False,0,0.0
guatemala,guatemala_517,1.4297638893569307,1.4752466898621746,-1.0894063429134349e-15,1.6902718111309434,-2.1542547813309674,-1.2553407224841118,1.2064822178669528,-0.04189151576075955,-1.2898289323429037,-1.524259045513202,1.2064822178669528,1.1823158999582257,1.8577622405421392,0.7624383154334725,1.2064822178669528,-0.041891515767540875,-1.6059355064342324,1.3997367420820799,-1.7467044047199076,1.698896336248509,1.8041898460720158,-0.6383610269185068,1.4710461137494633,-0.6916082152369788,-0.605825271511107,-0.15064309242680043,-0.4202042656508556,-0.8775111622043715,-0.3687637902528508,-0.5731921693416263,-0.7212456552118893,-0.06172586219167556,1,1,1,1,1.0,-0.0,False,1,1.0
guatemala,guatemala_518,0.44562301584187464,0.43016405536437863,-1.0894063429134349e-15,-0.4208174478462931,-1.3553959084882539,0.612794176315248,-0.6406117541436054,-0.04189151576075955,-1.3850641632407994,-0.7400805317563104,-0.6406117541436054,-0.5355398540097227,-0.6432543276936803,-0.6222738099502372,-0.6406117541436054,-0.041891515767540875,-0.37965389914242814,-0.6182011290699987,-0.8208705717725786,0.9477659947356959,0.888757487736654,0.9743266042110812,1.0712344956275828,1.7192404997316126,1.3845140895954617,-0.15064309242680043,2.3797949753105847,-0.8775111622043715,-0.3687637902528508,-0.5731921693416263,-0.7212456552118893,-0.06172586219167556,2,2,2,2,1.0,-0.0,False,2,2.0
guatemala,guatemala_519,-1.1690956482681047,-1.1615383419683167,-1.0894063429134349e-15,-0.7807927808917206,0.07605328315515628,0.6128001078486104,-0.6406117541436054,-0.04189151576075955,1.1765708485824724,0.7224170832678244,-0.6406117541436054,-0.7993194637669923,-0.6432543276936803,-0.7902011045576769,-0.6406117541436054,-0.041891515767540875,1.0114074676816458,-0.618207105467983,0.903235001542678,-0.49400770697368934,-0.6514121623010559,-1.193072297597908,1.501747082465381,-0.1672472427137621,0.6625930931092502,-0.15064309242680043,2.3797949753105847,-0.8775111622043715,-0.3687637902528508,-0.5731921693416263,-0.7212456552118893,-0.06172586219167556,2,2,2,2,1.0,-0.0,False,2,2.0
guatemala,guatemala_521,0.44562301584187464,0.43016405536437863,-1.0894063429134349e-15,-0.8028240706935699,0.7644218191630041,0.6128001078486104,-0.6406117541436054,-0.04189151576075955,1.1870180239445434,-0.14508924126248487,-0.6406117541436054,-0.8047163600001044,-0.6432543276936803,-0.8145215518173944,-0.6406117541436054,-0.041891515767540875,0.2624390793117957,-0.6182071054679752,-0.1083083086181911,0.3725047368579716,0.28360436324928806,-0.9891812651580855,1.4727253736546606,-0.12180702118997946,-0.2105642702639497,-0.15064309242680043,2.3797949753105847,-0.8775111622043715,-0.3687637902528508,-0.5731921693416263,-0.7212456552118893,-0.06172586219167556,2,2,2,2,1.0,-0.0,False,2,2.0
guatemala,guatemala_522,0.44562301584187464,0.43016405536437863,-1.0894063429134349e-15,1.2445578586689994,1.121596673290376,-1.655776021161455,1.5795815097606536,-0.04189151576075955,-1.2801303912437676,0.919214020409078,1.5795815097606536,1.4475001610039697,1.4829952996203801,1.7830584991128062,1.5795815097606536,-0.041891515767540875,-0.04841508641670218,1.542241525405945,0.6933289480878536,-0.7328122500098603,-0.7066130404487558,0.5591172548088652,-0.8783362558105012,1.187138941076023,-0.7741040507167525,-0.15064309242680043,-0.4202042656508556,-0.8775111622043715,-0.3687637902528508,-0.5731921693416263,1.3864901546010127,-0.06172586219167556,2,2,2,2,1.0,-0.0,False,2,2.0
guatemala,guatemala_523,-1.1690956482681047,-1.1615383419683167,-1.0894063429134349e-15,1.7105795492898783,-0.2061660092701043,-2.0727899922229667,1.7342267723209337,-0.04189151576075955,1.149618737557016,-0.9405244257947764,1.7342267723209337,1.9135719498787878,1.4688352768926367,1.77591881628592,1.7342267723209337,-0.041891515767540875,-1.531856777060636,1.9281628581897992,-0.7962804532182854,-0.19979405154551197,0.03990305603622899,0.7045151640085412,-0.001905161501507644,-0.052344651551112856,1.0890361057039388,-0.15064309242680043,-0.4202042656508556,1.139586643533865,-0.3687637902528508,-0.5731921693416263,1.3864901546010127,-0.06172586219167556,0,0,0,0,1.0,-0.0,False,0,0.0
guatemala,guatemala_524,-1.1690956482681047,-1.1615383419683167,-1.0894063429134349e-15,1.7090250986300766,-0.71979064108338,-0.9872403752838813,1.4272194885821292,-0.04189151576075955,1.1496208245362787,-0.447792741634887,1.4272194885821292,1.5609832496146288,1.5960301352946786,1.6949585941236562,1.4272194885821292,-0.041891515767540875,-0.5645953201333039,0.9704485558210783,-0.43440760265783446,0.6380867706207303,0.5336158356417959,-0.7888665877736334,1.455572404318569,-0.831174268675955,0.47124534627459114,-0.15064309242680043,2.3797949753105847,-0.8775111622043715,-0.3687637902528508,-0.5731921693416263,-0.7212456552118893,-0.06172586219167556,0,0,0,0,1.0,-0.0,False,0,0.0
guatemala,guatemala_525,-1.1690956482681047,-1.1615383419683167,-1.0894063429134349e-15,1.213797296824946,0.023982051740113225,-2.1449198109266376,1.779277722438146,-0.04189151576075955,1.1740829162923634,-1.633711427696963,1.779277722438146,1.8242537298515087,1.3516938366295352,1.3261531647123261,1.779277722438146,-0.041891515767540875,-1.670354044950945,2.0124862803776935,-1.5254479991072394,0.08144750079858135,0.7613604875358961,1.1042474936185966,0.9121976641073865,1.681335857697311,-0.6899035314346805,-0.15064309242680043,2.3797949753105847,-0.8775111622043715,-0.3687637902528508,-0.5731921693416263,1.3864901546010127,-0.06172586219167556,0,0,0,0,1.0,-0.0,False,0,0.0
guatemala,guatemala_697,1.0864765235749796,1.1108418934556599,-1.0894063429134349e-15,-0.5303097720235741,-1.623655681811152,0.6086703072419593,-0.6406117541436054,-0.04189151576075955,-1.1816959125980937,-0.5784601010075001,-0.6406117541436054,-0.6737916365042618,-0.6432543276936803,-0.7192929354982028,-0.6406117541436054,-0.041891515767540875,-0.22609475717954314,-0.6140468956431311,-0.6616882394528975,0.7783415535280589,0.749314524975884,-0.8890840894379644,-0.7569720381652759,-0.011813257172974637,-0.3383915812915412,-0.15064309242680043,2.3797949753105847,-0.8775111622043715,-0.3687637902528508,1.7446155992475947,-0.7212456552118893,-0.06172586219167556,1,2,2,2,0.6666666666666666,0.5793801642856949,False,2,1.0
guatemala,guatemala_698,1.0864765235749796,1.1108418934556599,-1.0894063429134349e-15,-0.6256062246623859,-1.1804490093091677,0.6128001078486104,-0.6406117541436054,-0.04189151576075955,1.171926085113941,-1.321054505269095,-0.6406117541436054,-0.6519279964615824,-0.6432543276936803,-0.7503003982810967,-0.6406117541436054,-0.041891515767540875,-1.0337265143942962,-0.618207105467985,-1.4260056498607465,1.5093861751672129,1.4736639215915108,1.7618587351576909,0.2953547338421364,-0.6964431250589265,1.285566990016404,-0.15064309242680043,-0.4202042656508556,-0.8775111622043715,2.711762994176452,-0.5731921693416263,-0.7212456552118893,-0.06172586219167556,1,2,1,1,0.6666666666666666,0.5793801642856949,False,1,1.0
guatemala,guatemala_699,-1.1690956482681047,-1.1615383419683167,-1.0894063429134349e-15,-0.33868661810108613,-1.4136464786922303,0.6127971501829141,-0.6406117541436054,-0.04189151576075955,-1.2100902763712569,0.8629185926174341,-0.6406117541436054,-0.6314970979711712,-0.6432543276936803,-0.5117789787481382,-0.6406117541436054,-0.041891515767540875,1.062773789496538,-0.6182041257362054,0.9812111145023071,-0.675229696221093,-0.7436796204651116,0.39684023643866373,0.5017042974862472,1.1017676985029847,1.4634630005341562,-0.15064309242680043,-0.4202042656508556,-0.8775111622043715,2.711762994176452,-0.5731921693416263,-0.7212456552118893,-0.06172586219167556,2,0,0,0,0.6666666666666666,0.5793801642856949,False,0,0.0
guatemala,guatemala_700,-1.1690956482681047,-1.1615383419683167,-1.0894063429134349e-15,-0.7160663301658634,-0.5373771674019509,0.6127981229516263,-0.6406117541436054,-0.04189151576075955,-1.230327025204564,-0.9364709770288727,-0.6406117541436054,-0.7242523186668077,-0.6432543276936803,-0.749307905819281,-0.6406117541436054,-0.041891515767540875,-0.6157350361330289,-0.618205105762362,-1.053340006791521,1.1425119070758827,1.1005862170514662,-0.5698406625629775,1.402601992573985,1.0274273739469892,1.6202453219037694,-0.15064309242680043,-0.4202042656508556,1.139586643533865,-0.3687637902528508,-0.5731921693416263,-0.7212456552118893,-0.06172586219167556,2,0,0,0,0.6666666666666666,0.5793801642856949,False,0,0.0
guatemala,guatemala_702,0.44562301584187464,0.43016405536437863,-1.0894063429134349e-15,0.25084560467797856,-0.686431810223178,-1.3017403864255204,1.652379084731881,-0.04189151576075955,1.1889350369909337,-1.0226741402869732,1.652379084731881,0.28930886715097587,1.2942470434250766,-0.04273431390708524,1.652379084731881,-0.041891515767540875,-1.4098915920511557,1.7194576222149762,-1.2674605685384008,1.2301684904454282,1.2454258169188814,1.0785634285385146,0.7901182070785463,-0.16699232529993707,1.4493573505113275,-0.15064309242680043,-0.4202042656508556,-0.8775111622043715,2.711762994176452,-0.5731921693416263,-0.7212456552118893,-0.06172586219167556,2,2,2,2,1.0,-0.0,False,2,2.0
guatemala,guatemala_703,-1.1690956482681047,-1.1615383419683167,-1.0894063429134349e-15,0.3460614259783369,-0.21441572401657485,0.6128001078486104,-0.6406117541436054,-0.04189151576075955,1.178929038317449,0.6516837508174279,-0.6406117541436054,0.13661719935841868,-0.6432543276936803,0.33352415783909317,-0.6406117541436054,-0.041891515767540875,1.2274796418949958,-0.6182071054679862,0.8288617062499153,-0.4361480919952459,-0.5385015166468362,1.2343726574366616,0.3291631270149319,0.69605487636053,1.3600022883436014,-0.15064309242680043,2.3797949753105847,-0.8775111622043715,2.711762994176452,-0.5731921693416263,-0.7212456552118893,-0.06172586219167556,2,0,0,0,0.6666666666666666,0.5793801642856949,False,0,0.0
guatemala,guatemala_704,-1.1690956482681047,-1.1615383419683167,-1.0894063429134349e-15,1.236608120016571,-0.4585723371562104,-1.6134594387996453,1.713551977031026,-0.04189151576075955,1.1681923708602804,-1.470034410748391,1.713551977031026,1.7453408871298262,1.7179928492011562,1.2035387022233812,1.713551977031026,-0.041891515767540875,-1.4194310928969052,1.5090968764461834,-0.9686499801107888,0.5812058348409413,0.6907992941410714,1.3502408921258544,0.7149949691456612,-0.3388535432630264,1.4307727206257193,-0.15064309242680043,2.3797949753105847,-0.8775111622043715,2.711762994176452,-0.5731921693416263,-0.7212456552118893,-0.06172586219167556,0,0,0,0,1.0,-0.0,False,0,0.0
guatemala,guatemala_705,-1.1690956482681047,-1.1615383419683167,-1.0894063429134349e-15,-0.7573143288512759,-0.5204680476896764,0.6128001078486104,-0.6406117541436054,-0.04189151576075955,-1.2733993521151517,-0.6093876631266569,-0.6406117541436054,-0.7649122982397583,-0.6432543276936803,-0.7883010325827549,-0.6406117541436054,-0.041891515767540875,-0.23041858746951244,-0.6182071054679851,-0.6673559044721042,0.8301287654238214,0.7550015435366665,1.563991339756297,0.3771227219107525,-0.8609839394645313,1.3838588239007876,-0.15064309242680043,-0.4202042656508556,-0.8775111622043715,2.711762994176452,-0.5731921693416263,-0.7212456552118893,-0.06172586219167556,0,0,2,0,0.6666666666666666,0.5793801642856949,False,2,2.0
guatemala,guatemala_706,-1.1690956482681047,-1.1615383419683167,-1.0894063429134349e-15,1.860954197253167,-0.8512583053574424,-1.4144816074698117,1.6377795435959719,-0.04189151576075955,-1.2733965845157498,-0.3792014135039819,1.6377795435959719,1.7206643772090637,1.4148507417200646,1.7940117498388435,1.6377795435959719,-0.041891515767540875,-0.7075555664777817,1.3234937688703339,-0.4808020848366546,0.6001568032443753,0.5214449631622153,0.2787153412961239,1.3614903557013989,1.457151809693598,1.4652672975533465,-0.15064309242680043,-0.4202042656508556,-0.8775111622043715,-0.3687637902528508,-0.5731921693416263,-0.7212456552118893,-0.06172586219167556,0,0,0,0,1.0,-0.0,False,0,0.0
guatemala,guatemala_746,-1.1690956482681047,-1.1615383419683167,-1.0894063429134349e-15,-0.7057924693706852,-1.6357941118043806,0.6128001078486104,-0.6406117541436054,-0.04189151576075955,1.1794161705869632,-0.7455844981678881,-0.6406117541436054,-0.7706938907190125,-0.6432543276936803,-0.7864964037620904,-0.6406117541436054,-0.041891515767540875,-0.3773531802860381,-0.6182071054679752,-0.8190360935521489,0.9606645678733492,0.8875109449444833,1.1826276842709205,-0.8783362558104996,0.8028475966348997,-0.7741057054808385,-0.15064309242680043,2.3797949753105847,-0.8775111622043715,-0.3687637902528508,-0.5731921693416263,1.3864901546010127,-0.06172586219167556,2,2,2,2,1.0,-0.0,False,2,0.0
guatemala,guatemala_747,-1.1690956482681047,-1.1615383419683167,-1.0894063429134349e-15,2.0002093081935337,-1.6314991749876708,-1.7720136976977072,1.7675219142424548,-0.04189151576075955,1.1770668323796225,-0.790319875866056,1.7675219142424548,1.9680710050345804,1.2084198898770997,1.9567659587279358,1.7675219142424548,-0.041891515767540875,-1.6431505674944993,1.6474892030151258,-1.1809774190200464,1.0020703089662861,0.9750530017487431,0.2321518574796006,1.3399053860528465,1.425131768897355,1.4357136488020703,-0.15064309242680043,2.3797949753105847,-0.8775111622043715,-0.3687637902528508,-0.5731921693416263,-0.7212456552118893,-0.06172586219167556,0,0,0,0,1.0,-0.0,False,0,0.0
guatemala,guatemala_748,-1.1690956482681047,-1.1615383419683167,-1.0894063429134349e-15,1.4096503739722697,0.1593145139120069,-2.013034372138371,1.759661003474282,-0.04189151576075955,1.1739193372650016,-0.6679460134862589,1.759661003474282,1.7532883386523812,1.569953722455923,1.6008494353408398,1.759661003474282,-0.041891515767540875,-0.8086542290907941,1.8696707374900745,-0.049782334027994146,-0.9452130434929477,-0.4379502784247663,0.6023279544907956,1.2337829141574237,1.2719178436774587,1.4566098167549695,-0.15064309242680043,-0.4202042656508556,1.139586643533865,-0.3687637902528508,-0.5731921693416263,-0.7212456552118893,-0.06172586219167556,0,0,0,0,1.0,-0.0,False,0,0.0
guatemala,guatemala_749,0.44562301584187464,0.43016405536437863,-1.0894063429134349e-15,-0.6235093936053773,-1.154452307063176,0.6128001042557664,-0.6406117541436054,-0.04189151576075955,-1.257217778313242,-0.17250339550408217,-0.6406117541436054,-0.6990534537603581,-0.6432543276936803,-0.7177443650908466,-0.6406117541436054,-0.041891515767540875,0.2111326708235942,-0.6182071002130142,-0.1674328811793812,0.3655573123633483,0.3318291908206161,0.4639172886677695,1.2403986463186658,1.6347152686425817,1.5591964354545433,-0.15064309242680043,2.3797949753105847,-0.8775111622043715,-0.3687637902528508,-0.5731921693416263,-0.7212456552118893,-0.06172586219167556,2,2,2,2,1.0,-0.0,False,2,2.0
guatemala,guatemala_751,0.44562301584187464,0.43016405536437863,-1.0894063429134349e-15,-0.5568986974549607,-0.1005210938003967,0.6128001078486104,-0.6406117541436054,-0.04189151576075955,1.1744924770858003,0.5563893166085561,-0.6406117541436054,-0.6070660087573019,-0.6432543276936803,-0.5704111267165927,-0.6406117541436054,-0.041891515767540875,0.8846557107730745,-0.6182071054679752,0.7182481212965834,-0.36118863744292773,-0.45636672926139626,0.5685769053638564,-0.8783362558105012,-0.5952704816026554,-0.7741051045335885,-0.15064309242680043,2.3797949753105847,-0.8775111622043715,-0.3687637902528508,-0.5731921693416263,1.3864901546010127,-0.06172586219167556,2,2,2,2,1.0,-0.0,False,2,2.0
guatemala,guatemala_752,-1.1690956482681047,-1.1615383419683167,-1.0894063429134349e-15,1.9724254135064812,-0.23031721790817972,-1.8857891803772435,1.6429422811855618,-0.04189151576075955,-1.246363279210376,1.6726307918528645,1.6429422811855618,1.9315322225361284,1.2955762732455602,1.9605067680595414,1.6429422811855618,-0.041891515767540875,-1.268438609929179,1.7511294676201512,0.4190778282741671,-0.7658684803875733,-1.2801624276638188,0.6048031244363257,0.2836777152944461,1.48166363597236,1.3146010056646724,-0.15064309242680043,-0.4202042656508556,1.139586643533865,2.711762994176452,-0.5731921693416263,-0.7212456552118893,-0.06172586219167556,2,2,2,2,1.0,-0.0,False,2,
guatemala,guatemala_753,0.44562301584187464,0.43016405536437863,-1.0894063429134349e-15,-0.7820030513379616,0.15794083918955784,0.6128001078486104,-0.6406117541436054,-0.04189151576075955,-1.215828318399088,1.7372454040247995,-0.6406117541436054,-0.8042664413944651,-0.6432543276936803,-0.7913549800537766,-0.6406117541436054,-0.041891515767540875,1.3591347616729639,-0.6182071054679689,1.4422046371693813,-1.4852356022071438,-1.640992673960908,0.8102687059192737,-0.8783362558105012,-0.7981046069818922,-0.7741052504155075,-0.15064309242680043,-0.4202042656508556,1.139586643533865,-0.3687637902528508,-0.5731921693416263,1.3864901546010127,-0.06172586219167556,2,2,2,2,1.0,-0.0,False,2,2.0
guatemala,guatemala_754,1.8949778403357305,1.948038519694622,-1.0894063429134349e-15,0.03847379653594383,-1.739567393292623,0.6128001078486104,-0.6406117541436054,-0.04189151576075955,1.18518555904454,-1.4037953348227221,-0.6406117541436054,-0.22362025983130532,-0.6432543276936803,-0.3425678397942301,-0.6406117541436054,-0.041891515767540875,-1.1556467171061948,-0.6182071054679752,-1.5261667710888096,1.5761743015937961,1.5841914022924215,0.1736375643815078,0.9857031509120926,1.759260037447036,-0.6387184359330477,-0.15064309242680043,-0.4202042656508556,1.139586643533865,-0.3687637902528508,-0.5731921693416263,1.3864901546010127,-0.06172586219167556,1,1,1,1,1.0,-0.0,False,1,1.0
guatemala,guatemala_757,-1.1690956482681047,-1.1615383419683167,-1.0894063429134349e-15,-0.775029259350978,-0.7359378862302915,0.5654198708775627,-0.6406117541436054,-0.04189151576075955,1.174301789478563,-0.09699381665976192,-0.6406117541436054,-0.7998284638956121,-0.6432543276936803,-0.805253567817668,-0.6406117541436054,-0.041891515767540875,0.3043330023859211,-0.5705263535554788,-0.05191274873149803,0.3191016802057402,0.23556378591798716,-0.3685590442149825,1.394059126572094,1.552164046078983,-0.6160497788385517,-0.15064309242680043,2.3797949753105847,-0.8775111622043715,-0.3687637902528508,-0.5731921693416263,-0.7212456552118893,-0.06172586219167556,2,2,2,2,1.0,-0.0,False,2,0.0
guatemala,guatemala_1305,-1.1690956482681047,-1.1615383419683167,-1.0894063429134349e-15,1.1224942235978288,0.4874467094875957,-1.992492184598764,1.7489257512240426,-0.04189151576075955,-1.3865734027016627,-0.5978940805326707,1.7489257512240426,1.627033154012107,1.5955449729401359,1.4507493239418348,1.7489257512240426,-0.041891515767540875,-0.7893599768675442,1.8501628576076485,-0.12298489851620152,-0.7790100250149369,-0.25977522300297645,0.6357062018552156,1.2233521553394624,1.4106936174516183,1.4571247197385948,-0.15064309242680043,-0.4202042656508556,-0.8775111622043715,-0.3687637902528508,-0.5731921693416263,-0.7212456552118893,-0.06172586219167556,0,0,0,0,1.0,-0.0,False,0,0.0
guatemala,guatemala_758,1.0864765235749796,1.1108418934556599,-1.0894063429134349e-15,1.8783624671863357,0.35343039881695426,-1.5578184464747389,1.5732804482060443,-0.04189151576075955,-1.2887341194826591,0.636004666994272,1.5732804482060443,1.9176080482995863,1.7709978500711467,1.9474587269620645,1.5732804482060443,-0.041891515767540875,-1.6094549501922155,1.8459008596378177,0.34369359676399375,-1.4946841595859508,-1.5604300384452645,0.7771051582441652,0.5283053049191428,0.8425763801880002,1.462097016827675,-0.15064309242680043,-0.4202042656508556,-0.8775111622043715,2.711762994176452,-0.5731921693416263,-0.7212456552118893,-0.06172586219167556,1,2,1,1,0.6666666666666666,0.5793801642856949,False,1,1.0
guatemala,guatemala_759,-1.1690956482681047,-1.1615383419683167,-1.0894063429134349e-15,1.2265427034062375,-0.2390746743269244,-2.0609776978951637,1.7069181226641739,-0.04189151576075955,1.1969012018882454,-1.4355841167783703,1.7069181226641739,1.7928044941316803,1.2887716019504645,1.3303249136699058,1.7069181226641739,-0.041891515767540875,-1.5884039634556582,1.9163105847200674,-1.2599723795389186,0.5695081309665555,0.7553376883638775,0.8525997749274931,-0.8783362555487964,-0.5371562301066962,-0.7740089280919765,-0.15064309242680043,-0.4202042656508556,-0.8775111622043715,-0.3687637902528508,-0.5731921693416263,1.3864901546010127,-0.06172586219167556,2,2,2,2,1.0,-0.0,False,2,2.0
guatemala,guatemala_760,0.44562301584187464,0.43016405536437863,-1.0894063429134349e-15,-0.7946458040489742,-0.36360989465065446,0.6128001078486104,-0.6406117541436054,-0.04189151576075955,-1.2939727827541456,-0.1715487952076042,-0.6406117541436054,-0.8095623956833108,-0.6432543276936803,-0.8189008537636888,-0.6406117541436054,-0.041891515767540875,0.22693879171410594,-0.6182071054679623,-0.14823731273730179,0.3719374716941117,0.31618238733092274,1.4016140475460737,0.32574509593159146,0.28247583150279315,1.3467327009341994,-0.15064309242680043,2.3797949753105847,-0.8775111622043715,2.711762994176452,-0.5731921693416263,-0.7212456552118893,-0.06172586219167556,2,2,0,2,0.6666666666666666,0.5793801642856949,False,0,0.0
guatemala,guatemala_766,0.44562301584187464,0.43016405536437863,-1.0894063429134349e-15,1.3868018745652257,-0.5848459260252862,-0.5307727772495978,1.1720293317591022,-0.04189151576075955,1.172959670756498,0.28797525003654223,1.1720293317591022,1.0758536549594973,1.8570497792323002,1.2119283624615098,1.1720293317591022,-0.041891515767540875,0.4133775929932618,0.5021385062081831,0.3305797563728764,-0.062478871126251764,-0.058783856471093215,0.7637913834049876,0.4842865575218864,1.4614570806478653,1.441089639726685,-0.15064309242680043,2.3797949753105847,-0.8775111622043715,2.711762994176452,-0.5731921693416263,-0.7212456552118893,-0.06172586219167556,2,2,2,2,1.0,-0.0,False,2,2.0
guatemala,guatemala_767,0.44562301584187464,0.43016405536437863,-1.0894063429134349e-15,-0.6501951342922978,1.2441006347255517,0.5135290924653204,0.01770107518409557,-0.04189151576075955,-1.4343189786851969,1.0057830955046636,0.01770107518409557,-0.6127772886693268,1.8593934205144234,-0.5421329575787683,0.01770107518409557,-0.041891515767540875,1.1346286786369033,-0.5184283543425003,1.1332468864776704,-0.8049717149470064,-0.9453521113713841,-1.060543542062168,1.4918972253910308,-0.004564407566437796,1.4038253622838184,-0.15064309242680043,-0.4202042656508556,-0.8775111622043715,-0.3687637902528508,-0.5731921693416263,-0.7212456552118893,-0.06172586219167556,2,2,2,2,1.0,-0.0,False,2,2.0
guatemala,guatemala_768,-1.1690956482681047,-1.1615383419683167,-1.0894063429134349e-15,1.3786182237656934,-1.260229752257486,-2.001102137239061,1.665649792224597,-0.04189151576075955,-1.3478391517409176,-1.7011230343687835,1.665649792224597,1.5303957712989549,1.7567359616810079,0.5984260008285253,1.665649792224597,-0.041891515767540875,-1.507447717113593,1.8583134248216804,-1.643249107664565,1.2141012956596113,1.5576608335776436,0.026367215172237952,1.317775228363905,1.0413949666105733,1.5763335898089228,-0.15064309242680043,-0.4202042656508556,1.139586643533865,-0.3687637902528508,-0.5731921693416263,-0.7212456552118893,-0.06172586219167556,0,0,0,0,1.0,-0.0,False,0,0.0
guatemala,guatemala_769,0.44562301584187464,0.43016405536437863,-1.0894063429134349e-15,1.9888038869435378,-0.9798246752010855,-2.1407294858069426,1.7749457635565877,-0.04189151576075955,-1.3493193990770798,-0.40950493797266563,1.7749457635565877,1.9564951328564693,0.6164657207168242,1.9563612793456888,1.7749457635565877,-0.041891515767540875,-1.9115802171806264,2.0054150147485164,-1.5194600075059432,0.5944130756326881,0.6872245713028776,-0.8986819302277145,1.4663810573712723,-0.9792980838005403,0.41944806087498715,-0.15064309242680043,2.3797949753105847,-0.8775111622043715,-0.3687637902528508,-0.5731921693416263,-0.7212456552118893,-0.06172586219167556,2,2,2,2,1.0,-0.0,False,2,2.0
guatemala,guatemala_771,-1.1690956482681047,-1.1615383419683167,-1.0894063429134349e-15,-0.693483142648492,-1.1526360152715491,0.6128001025729916,-0.6406117541436054,-0.04189151576075955,-1.242862842964444,-1.2423096806480303,-0.6406117541436054,-0.6933159885652822,-0.6432543276936803,-0.7582813545840057,-0.6406117541436054,-0.041891515767540875,-0.9224279080235799,-0.6182070970828737,-1.3303192470224152,1.4405782445812148,1.3726291873298746,-0.2178448787319124,1.4091291804869188,1.501037920732504,1.5457233484123043,-0.15064309242680043,-0.4202042656508556,1.139586643533865,-0.3687637902528508,-0.5731921693416263,-0.7212456552118893,-0.06172586219167556,2,0,0,0,0.6666666666666666,0.5793801642856949,False,0,0.0
guatemala,guatemala_772,-1.1690956482681047,-1.1615383419683167,-1.0894063429134349e-15,-0.587317634092734,-1.5006046305686236,0.6128001064543386,-0.6406117541436054,-0.04189151576075955,-1.2361317996346177,-0.6919160311873607,-0.6406117541436054,-0.6867210103477431,-0.6432543276936803,-0.7336608783168849,-0.6406117541436054,-0.041891515767540875,-0.29967553611884284,-0.6182071040632979,-0.7373646385734299,0.9071896996102643,0.8156785911359115,-0.643576731668968,1.463537163107819,1.1623080262142007,-0.20365811715691956,-0.15064309242680043,2.3797949753105847,-0.8775111622043715,-0.3687637902528508,-0.5731921693416263,-0.7212456552118893,-0.06172586219167556,2,0,2,2,0.6666666666666666,0.5793801642856949,False,2,2.0
guatemala,guatemala_842,-1.1690956482681047,-1.1615383419683167,-1.0894063429134349e-15,1.7415697961911842,-1.1543934504806643,-2.078633244636115,1.7307173640734128,-0.04189151576075955,1.1885658530573873,-1.7651732479020807,1.7307173640734128,1.860460591293211,1.7004582925692246,1.3230286032945642,1.7307173640734128,-0.041891515767540875,-1.5852351467070647,1.9341030066265634,-1.6749699907274114,1.116654148847643,1.5036055853025014,1.2189329783893894,0.9519560478244264,1.7000243093314145,-0.7677938906234955,-0.15064309242680043,-0.4202042656508556,-0.8775111622043715,-0.3687637902528508,-0.5731921693416263,1.3864901546010127,-0.06172586219167556,0,0,0,0,1.0,-0.0,False,0,0.0
guatemala,guatemala_843,-1.1690956482681047,-1.1615383419683167,-1.0894063429134349e-15,-0.13686999865017252,-1.2237316440513564,0.3679027530801637,0.6040350447970831,-0.04189151576075955,1.1702141204432934,-1.0650944787547387,0.6040350447970831,-0.2824273959483958,1.8686114806390306,-0.40101968224689943,0.6040350447970831,-0.041891515767540875,-0.8136092510010358,-0.37290386043870866,-1.2286672926161817,1.2449418245896746,1.2658976390646484,0.5805830125675512,1.1806931671564191,1.5631978031251905,1.4460789545055746,-0.15064309242680043,-0.4202042656508556,1.139586643533865,-0.3687637902528508,-0.5731921693416263,-0.7212456552118893,-0.06172586219167556,0,0,0,0,1.0,-0.0,False,0,0.0
guatemala,guatemala_844,-1.1690956482681047,-1.1615383419683167,-1.0894063429134349e-15,-0.7434562382306614,-0.08775505667600368,0.6128001078486104,-0.6406117541436054,-0.04189151576075955,1.1725141090294284,0.16429039671703471,-0.6406117541436054,-0.7585941247841017,-0.6432543276936803,-0.7632249539434436,-0.6406117541436054,-0.041891515767540875,0.57420977877136,-0.6182071054679752,0.28946493762142295,0.051703866091258294,-0.055786757766377766,0.5292180114762486,1.338483970581577,-0.6328658128090983,1.6070873190836747,-0.15064309242680043,2.3797949753105847,-0.8775111622043715,-0.3687637902528508,-0.5731921693416263,-0.7212456552118893,-0.06172586219167556,0,2,2,2,0.6666666666666666,0.5793801642856949,False,2,2.0
guatemala,guatemala_845,1.0864765235749796,1.1108418934556599,-1.0894063429134349e-15,-0.786898831630054,0.37363607049077663,0.6089282539772042,-0.6406117541436054,-0.04189151576075955,-1.2449116581643127,0.1608488709529523,-0.6406117541436054,-0.7914370296525957,-0.6432543276936803,-0.7976683469124565,-0.6406117541436054,-0.041891515767540875,0.5712206032622249,-0.6143067181899116,0.28389442605150794,0.07420054821115112,-0.050728018628337625,0.8588598071273721,1.1909936115653779,1.520351768356757,1.4921101331035411,-0.15064309242680043,-0.4202042656508556,1.139586643533865,-0.3687637902528508,-0.5731921693416263,-0.7212456552118893,-0.06172586219167556,2,2,1,2,0.6666666666666666,0.5793801642856949,False,2,1.0
guatemala,guatemala_914,-1.1690956482681047,-1.1615383419683167,-1.0894063429134349e-15,1.5926763876107344,-0.48231294780095235,-1.4703571734743774,1.7305860123130425,-0.04189151576075955,1.1947538118732932,-0.35237721499432895,1.7305860123130425,1.6086124651255318,1.648305072835729,1.47856626643709,1.7305860123130425,-0.041891515767540875,-1.3459916173200634,1.3742725949512353,-0.7941232776656119,0.5491848099833011,0.5667306935875496,1.3692443400732444,0.462418784546148,-0.9654101144730108,1.4340200014869022,-0.15064309242680043,-0.4202042656508556,-0.8775111622043715,2.711762994176452,-0.5731921693416263,-0.7212456552118893,-0.06172586219167556,0,0,0,0,1.0,-0.0,False,0,0.0
guatemala,guatemala_915,-1.1690956482681047,-1.1615383419683167,-1.0894063429134349e-15,-0.5402314365595305,-1.295097633084849,0.6128001027768084,-0.6406117541436054,-0.04189151576075955,1.16962590586874,-1.1682485753654712,-0.6406117541436054,-0.611820745891952,-0.6432543276936803,-0.6637728612818952,-0.6406117541436054,-0.041891515767540875,-0.881126473457306,-0.6182071003583214,-1.2951856682247176,1.3628711123791333,1.336420419507142,-0.7018969289007468,1.457742318115734,1.0843010343127095,-0.15680138352279688,-0.15064309242680043,2.3797949753105847,-0.8775111622043715,-0.3687637902528508,-0.5731921693416263,-0.7212456552118893,-0.06172586219167556,2,0,0,0,0.6666666666666666,0.5793801642856949,False,0,0.0
guatemala,guatemala_916,-1.1690956482681047,-1.1615383419683167,-1.0894063429134349e-15,1.9243591755202587,-1.1804202372934425,-2.0721511074051913,1.783694752683141,-0.04189151576075955,1.1581752455435914,0.8848846062947731,1.783694752683141,1.8661083467977597,1.3177737491540003,1.7919046520021804,1.783694752683141,-0.041891515767540875,-1.749584440657403,1.9276850663595282,-0.9673980709753647,-0.00528864092262473,0.09017361436783376,-0.226349684680148,1.4118708969574958,1.42737892944653,1.573743728489261,-0.15064309242680043,2.3797949753105847,-0.8775111622043715,-0.3687637902528508,-0.5731921693416263,-0.7212456552118893,-0.06172586219167556,0,0,0,0,1.0,-0.0,False,0,0.0
guatemala,guatemala_918,0.44562301584187464,0.43016405536437863,-1.0894063429134349e-15,-0.41830636277469,-0.8943999568354777,0.6118863562064099,-0.6406117541436054,-0.04189151576075955,-1.2685379319019667,-1.1228557174600218,-0.6406117541436054,-0.45010279690071814,-0.6432543276936803,-0.5576065777594426,-0.6406117541436054,-0.041891515767540875,-0.8363545180479481,-0.6172865562718802,-1.2541690896321689,1.3106244237511024,1.2944394688117586,-1.0994527903298252,1.4982788188889293,-0.2531303178420625,1.5816013698017595,-0.15064309242680043,2.3797949753105847,-0.8775111622043715,-0.3687637902528508,-0.5731921693416263,-0.7212456552118893,-0.06172586219167556,2,2,2,2,1.0,-0.0,False,2,2.0
guatemala,guatemala_919,-1.1690956482681047,-1.1615383419683167,-1.0894063429134349e-15,-0.7747402666710121,0.8155316383269304,0.6128001078486104,-0.6406117541436054,-0.04189151576075955,-1.252605952148651,1.3348472568682221,-0.6406117541436054,-0.7853987589003383,-0.6432543276936803,-0.7698257006120011,-0.6406117541436054,-0.041891515767540875,1.2844549452512242,-0.6182071054679752,1.3225374044031497,-1.0897486920208037,-1.2631448375981902,0.9563174910791623,1.1934355096571219,-0.7020386856574301,1.5513873760720038,-0.15064309242680043,2.3797949753105847,-0.8775111622043715,-0.3687637902528508,-0.5731921693416263,-0.7212456552118893,-0.06172586219167556,0,0,0,0,1.0,-0.0,False,0,0.0
guatemala,guatemala_1267,-1.1690956482681047,-1.1615383419683167,-1.0894063429134349e-15,0.20734785976515932,-1.740414366190021,0.6128001078486104,-0.6406117541436054,-0.04189151576075955,-1.3098962005439565,-2.133243756623717,-0.6406117541436054,0.24324274298963364,-0.6432543276936803,-0.18189357308348278,-0.6406117541436054,-0.041891515767540875,-1.805378338574128,-0.6182071054679845,-2.0084653249693694,2.212097311277258,2.241616665101918,-0.3595801790316603,1.467463888692569,-0.7873989084609789,1.6470727973437846,-0.15064309242680043,-0.4202042656508556,-0.8775111622043715,-0.3687637902528508,-0.5731921693416263,-0.7212456552118893,-0.06172586219167556,0,0,0,0,1.0,-0.0,False,0,0.0
guatemala,guatemala_1268,-1.1690956482681047,-1.1615383419683167,-1.0894063429134349e-15,0.01091249110809512,-1.737247468433454,0.6100962057208688,-0.6406117541436054,-0.04189151576075955,-1.2970479964102803,-0.8621282275431508,-0.6406117541436054,-0.3597425614028189,-0.6432543276936803,-0.39617116396999297,-0.6406117541436054,-0.041891515767540875,-0.5864005245808452,-0.6154832026442186,-1.0225402207115946,1.0405212378080735,1.0696832068257236,-1.0360792719619545,1.494301254283981,-0.4164822555316942,1.65100167999525,-0.15064309242680043,-0.4202042656508556,-0.8775111622043715,-0.3687637902528508,-0.5731921693416263,-0.7212456552118893,-0.06172586219167556,2,0,2,2,0.6666666666666666,0.5793801642856949,False,2,2.0
guatemala,guatemala_1269,-1.1690956482681047,-1.1615383419683167,-1.0894063429134349e-15,1.6435250570372457,-0.7686290311538353,-1.6103712254771836,1.6279046790069254,-0.04189151576075955,-1.2468267173608665,-0.8229604879582928,1.6279046790069254,1.640551643609494,1.7990793348816703,1.430413461941145,1.6279046790069254,-0.041891515767540875,-0.6457554250033887,1.5011575203244645,-0.3810621926913353,0.16544795995715408,0.3406302485217299,0.5971578797609671,1.3454857576916472,-0.37534433240592896,1.6075416984237696,-0.15064309242680043,2.3797949753105847,-0.8775111622043715,-0.3687637902528508,-0.5731921693416263,-0.7212456552118893,-0.06172586219167556,0,0,0,0,1.0,-0.0,False,0,0.0
guatemala,guatemala_1271,0.44562301584187464,0.43016405536437863,-1.0894063429134349e-15,0.3034104212183604,-0.43989184504530043,-1.2080533470978527,1.2771312765741012,-0.04189151576075955,-1.219445562394125,-1.0021987747569723,1.2771312765741012,0.5264922625423334,1.8377822895732403,0.10300401316503857,1.2771312765741012,-0.041891515767540875,-0.8423446978148551,1.1348902339881233,-1.0615781524407057,0.8840149853057956,1.0508086458162016,-0.4058490087647806,1.3754156235075283,1.338041201313835,1.5748699202849148,-0.15064309242680043,-0.4202042656508556,-0.8775111622043715,-0.3687637902528508,-0.5731921693416263,-0.7212456552118893,-0.06172586219167556,2,2,1,2,0.6666666666666666,0.5793801642856949,False,2,1.0
guatemala,guatemala_1272,-1.1690956482681047,-1.1615383419683167,-1.0894063429134349e-15,1.8634230140641102,-0.16946464011037704,-2.130285313624446,1.7522055621042374,-0.04189151576075955,1.1862193831135757,0.001907834663578874,1.7522055621042374,1.8669689107350544,1.0450540727650215,1.9103955802521542,1.7522055621042374,-0.041891515767540875,-1.4431134191028894,2.006018912696816,-0.4480456036339698,-0.9781958172192003,-0.6497948384185787,1.3521445306301316,1.10653467634671,0.8630023799479297,1.5167597630105722,-0.15064309242680043,-0.4202042656508556,1.139586643533865,-0.3687637902528508,-0.5731921693416263,-0.7212456552118893,-0.06172586219167556,0,0,0,0,1.0,-0.0,False,0,0.0
guatemala,guatemala_1297,-1.1690956482681047,-1.1615383419683167,-1.0894063429134349e-15,-0.20216405497040843,0.04091295171118584,0.6128001078486104,-0.6406117541436054,-0.04189151576075955,1.1912776190590555,-1.4890926243722111,-0.6406117541436054,0.352726521629474,-0.6432543276936803,-0.14865752058944295,-0.6406117541436054,-0.041891515767540875,-1.0313110050950984,-0.6182071054679752,-1.5351478621281003,1.6654433454608861,1.613164608901389,-0.13503755527362277,-0.8783362558105012,-0.24649822565099933,-0.7741030118855144,-0.15064309242680043,2.3797949753105847,-0.8775111622043715,-0.3687637902528508,-0.5731921693416263,1.3864901546010127,-0.06172586219167556,0,2,2,2,0.6666666666666666,0.5793801642856949,False,2,2.0
guatemala,guatemala_1302,-1.1690956482681047,-1.1615383419683167,-1.0894063429134349e-15,-0.8048618681618809,0.1938396488633724,0.6128001078486104,-0.6406117541436054,-0.04189151576075955,-1.300282161158506,-0.5487427406390395,-0.6406117541436054,-0.8124526702872615,-0.6432543276936803,-0.8247433607367283,-0.6406117541436054,-0.041891515767540875,-0.15937833485867806,-0.6182071054679752,-0.5915388575869649,0.7727540563454336,0.6899288962193073,1.5507047735452895,0.39431808442660227,-0.97472922407483,1.3916926697417287,-0.15064309242680043,2.3797949753105847,-0.8775111622043715,2.711762994176452,-0.5731921693416263,-0.7212456552118893,-0.06172586219167556,0,0,0,0,1.0,-0.0,False,0,0.0
guatemala,guatemala_1303,-1.1690956482681047,-1.1615383419683167,-1.0894063429134349e-15,0.5653014039544778,-1.6735522861551015,0.4317723400859994,0.714970266183721,-0.04189151576075955,-1.3939812518926291,-1.6636757556663822,0.714970266183721,0.3600314084107838,1.8688327634170605,-0.0003987235935625215,0.714970266183721,-0.041891515767540875,-1.4286493348720846,-0.40864499700631557,-1.7369180958431527,1.805363887224857,1.8383594885380306,-0.3349443458581242,1.4588465707223686,-0.20257937451006314,1.6458641275870618,-0.15064309242680043,2.3797949753105847,-0.8775111622043715,-0.3687637902528508,-0.5731921693416263,-0.7212456552118893,-0.06172586219167556,0,0,0,0,1.0,-0.0,False,0,0.0
guatemala,guatemala_1405,-1.1690956482681047,-1.1615383419683167,-1.0894063429134349e-15,1.9745194327710052,-1.241206602406434,0.6128001078486104,-0.6406117541436054,23.87130253950024,-1.285989785679352,1.1292097550456794,-0.6406117541436054,1.7243925982275863,-0.6432543276936803,1.925037843657939,-0.6406117541436054,23.87118223936207,1.3608642350604645,-0.6182071054679752,0.05654881686132372,-0.9522752177362547,-1.1043890159399394,1.4123738045237981,0.5538707751043604,-0.5773094802787273,1.4741773122848918,-0.15064309242680043,-0.4202042656508556,1.139586643533865,2.711762994176452,-0.5731921693416263,-0.7212456552118893,-0.06172586219167556,0,0,0,0,1.0,-0.0,False,0,0.0
guatemala,guatemala_1406,-1.1690956482681047,-1.1615383419683167,-1.0894063429134349e-15,1.7189747580065542,-1.0055061667199077,-1.3937575944868288,1.7315806785439123,-0.04189151576075955,-1.3398109801626799,-1.7458955189139864,1.7315806785439123,1.9165456430243089,1.0692604795566125,1.4622671936106926,1.7315806785439123,-0.041891515767540875,-1.8527937675699004,1.7869986204987431,-1.4024668558243873,1.0244138086370194,1.143723610803513,0.6981585638528971,1.3135708284020784,-0.8215566228055472,1.4945849005152374,-0.15064309242680043,-0.4202042656508556,-0.8775111622043715,-0.3687637902528508,-0.5731921693416263,-0.7212456552118893,-0.06172586219167556,0,0,0,0,1.0,-0.0,False,0,0.0
guatemala,guatemala_1408,-1.1690956482681047,-1.1615383419683167,-1.0894063429134349e-15,-0.7341657535427906,-0.11319648812695775,0.6128001078486104,-0.6406117541436054,-0.04189151576075955,-1.3115920732789361,0.4972186148879823,-0.6406117541436054,-0.761013920525978,-0.6432543276936803,-0.749415919873891,-0.6406117541436054,-0.041891515767540875,0.8285425089170063,-0.6182071054679752,0.6356396054335343,-0.28223091842714665,-0.3733913452467215,0.564459722122107,1.3274769819002703,-0.8461196311180887,1.601564191225916,-0.15064309242680043,-0.4202042656508556,-0.8775111622043715,-0.3687637902528508,-0.5731921693416263,-0.7212456552118893,-0.06172586219167556,2,0,0,0,0.6666666666666666,0.5793801642856949,False,0,0.0
guatemala,guatemala_1409,-1.1690956482681047,-1.1615383419683167,-1.0894063429134349e-15,1.9350211972799007,-1.2918386972409512,-1.4883121208773926,1.6988580583269624,-0.04189151576075955,-1.2779014774816955,-0.7948493381335997,1.6988580583269624,1.8488147535354837,1.655184050665687,1.6944540848909133,1.6988580583269624,-0.041891515767540875,-1.454436348485556,1.3921841862828195,-1.1835070146477908,1.001145022089203,1.0233992457802883,0.6653844793133175,1.312825503884598,-0.2728407677539277,1.4985236479704849,-0.15064309242680043,-0.4202042656508556,1.139586643533865,-0.3687637902528508,-0.5731921693416263,-0.7212456552118893,-0.06172586219167556,0,0,0,0,1.0,-0.0,False,0,0.0
guatemala,guatemala_1410,0.44562301584187464,0.43016405536437863,-1.0894063429134349e-15,0.35059260999771663,-1.6937482312954566,-0.21560130187598625,0.20760824207090572,-0.04189151576075955,-1.274726041950229,-1.8262603038749852,0.20760824207090572,0.23465106176110598,1.8697537593957738,-0.14844147438072788,0.20760824207090572,-0.041891515767540875,-1.579866569971431,0.1998360202753308,-1.8479041500515545,1.948868283859023,1.9861797050277343,0.03451496245533631,1.438156830383496,-0.8122640093922272,1.6378912128081373,-0.15064309242680043,2.3797949753105847,-0.8775111622043715,-0.3687637902528508,-0.5731921693416263,-0.7212456552118893,-0.06172586219167556,2,2,0,2,0.6666666666666666,0.5793801642856949,False,2,2.0
guatemala,guatemala_1411,1.4297638893569307,1.4752466898621746,-1.0894063429134349e-15,1.3474850555754352,0.0014130319389546152,-1.4174389244498724,1.5819732397020876,-0.04189151576075955,-1.2322767276071707,-0.2647477843928281,1.5819732397020876,1.421368608561254,1.8272830506088675,1.3723636953500786,1.5819732397020876,-0.041891515767540875,-0.5032133349480822,1.3261838836243258,-0.5543658347086726,0.48456975464107527,0.6053817537510443,0.5999707318726654,-0.8783362558105012,1.5019082458525996,-0.7741046872489125,-0.15064309242680043,2.3797949753105847,-0.8775111622043715,-0.3687637902528508,-0.5731921693416263,1.3864901546010127,-0.06172586219167556,1,1,2,1,0.6666666666666666,0.5793801642856949,False,1,1.0
guatemala,guatemala_1412,-1.1690956482681047,-1.1615383419683167,-1.0894063429134349e-15,-0.4836174566937873,-1.287582743583748,0.6128001078486104,-0.6406117541436054,-0.04189151576075955,-1.2207691657410653,-1.586152390225516,-0.6406117541436054,-0.5099107173621246,-0.6432543276936803,-0.607376189314199,-0.6406117541436054,-0.041891515767540875,-1.305582482287224,-0.6182071054679752,-1.6447680879144357,1.7493162286944142,1.7245017267561582,-0.24207661079892748,1.4395520022570327,1.2056719071866118,-0.41598684675425485,-0.15064309242680043,-0.4202042656508556,1.139586643533865,-0.3687637902528508,-0.5731921693416263,-0.7212456552118893,-0.06172586219167556,2,0,0,0,0.6666666666666666,0.5793801642856949,False,0,0.0
guatemala,guatemala_1413,-1.1690956482681047,-1.1615383419683167,-1.0894063429134349e-15,-0.5060455725082034,-1.2632792623720732,0.5821727506376294,-0.6406117541436054,-0.04189151576075955,-1.2207733892518964,-1.5497631049041751,-0.6406117541436054,-0.5297553686659321,-0.6432543276936803,-0.6615672007743574,-0.6406117541436054,-0.041891515767540875,-1.2699130283733053,-0.5873733732060568,-1.6123150949063605,1.720798177868153,1.6849084976324515,1.5784585747409379,0.3548952822323903,1.145374504103534,-0.7695715765558314,-0.15064309242680043,-0.4202042656508556,1.139586643533865,-0.3687637902528508,-0.5731921693416263,1.3864901546010127,-0.06172586219167556,2,0,0,0,0.6666666666666666,0.5793801642856949,False,0,0.0
guatemala,guatemala_1414,-1.1690956482681047,-1.1615383419683167,-1.0894063429134349e-15,1.9816616460797394,-1.1959825941257431,-1.7948668443861548,1.6982790647932677,-0.04189151576075955,-1.244636464706488,-0.5448288350661356,1.6982790647932677,1.9118393957233208,1.1630408287040004,1.9327479233095224,1.6982790647932677,-0.041891515767540875,-1.072127759485562,1.6724398809187309,-0.8158608927620742,0.7623672831773509,0.6952669482628638,1.2050279430366748,0.4049136498033877,1.2386057745001555,-0.7479003571814729,-0.15064309242680043,-0.4202042656508556,1.139586643533865,-0.3687637902528508,-0.5731921693416263,1.3864901546010127,-0.06172586219167556,0,0,0,0,1.0,-0.0,False,0,0.0
guatemala,guatemala_1426,-1.1690956482681047,-1.1615383419683167,-1.0894063429134349e-15,1.9770583779668276,-1.3662566661108486,-2.014721705754262,1.772211569716522,-0.04189151576075955,1.1636149316661735,-0.6366019581082589,1.772211569716522,1.9113485668285268,1.399071938698332,1.8604429575116468,1.772211569716522,-0.041891515767540875,-1.6881709649592462,1.8712831333292659,-1.302417897299251,0.710763944974681,0.8523387492442797,1.3467184876775542,0.395998452597577,-0.049187446574965245,1.4147369449997067,-0.15064309242680043,-0.4202042656508556,1.139586643533865,2.711762994176452,-0.5731921693416263,-0.7212456552118893,-0.06172586219167556,0,0,0,0,1.0,-0.0,False,0,0.0
guatemala,guatemala_1428,1.0864765235749796,1.1108418934556599,-1.0894063429134349e-15,-0.6781822799599645,0.3180245755678536,0.6128001078486104,-0.6406117541436054,-0.04189151576075955,-1.1902525004781646,1.4589249051726023,-0.6406117541436054,-0.7154988223547833,-0.6432543276936803,-0.6580457720954881,-0.6406117541436054,-0.041891515767540875,1.329271842695605,-0.6182071054679752,1.3803320648846094,-1.2328213018337453,-1.398655188796656,0.9248522100271965,-0.8782754457248118,-0.4891973496080988,-0.7320442983627077,-0.15064309242680043,2.3797949753105847,-0.8775111622043715,-0.3687637902528508,-0.5731921693416263,1.3864901546010127,-0.06172586219167556,1,2,2,2,0.6666666666666666,0.5793801642856949,False,2,2.0
guatemala,guatemala_1429,0.44562301584187464,0.43016405536437863,-1.0894063429134349e-15,1.5523283961476484,-0.3695304745686649,-1.5634614881365847,1.6918089095828646,-0.04189151576075955,-1.178400152454472,0.3536159681915848,1.6918089095828646,1.3231574520504856,1.775731278040276,1.5475514890082067,1.6918089095828646,-0.041891515767540875,-0.388227826992325,1.4970440825126436,0.130624872769218,-0.17226217549299722,-0.08801373417497858,0.8880484863477148,-0.8782754457133587,-0.5613820623186107,-0.7320442944511542,-0.15064309242680043,-0.4202042656508556,-0.8775111622043715,-0.3687637902528508,-0.5731921693416263,1.3864901546010127,-0.06172586219167556,2,2,2,2,1.0,-0.0,False,2,2.0
guatemala,guatemala_1430,-1.1690956482681047,-1.1615383419683167,-1.0894063429134349e-15,1.3168003721313855,-0.3839688491759152,-1.6875835672864439,1.4828347819889067,-0.04189151576075955,-1.2833196481698363,-1.3948535352863245,1.4828347819889067,1.7699628914349939,1.586186504477304,1.2900119174365536,1.4828347819889067,-0.041891515767540875,-1.42504569345812,1.571021174631735,-0.8839682319625772,0.5074934546851175,0.562656588503534,-0.32104735255494626,1.425571605899984,-0.8916583792495428,-0.48628191012716226,-0.15064309242680043,-0.4202042656508556,-0.8775111622043715,-0.3687637902528508,-0.5731921693416263,-0.7212456552118893,-0.06172586219167556,0,0,0,0,1.0,-0.0,False,0,0.0
guatemala,guatemala_1431,-1.1690956482681047,-1.1615383419683167,-1.0894063429134349e-15,-0.5577102254497367,-0.6990123789162779,0.5447763011012352,-0.1494961857769393,-0.04189151576075955,-1.310489990794727,-1.553084913013395,-0.1494961857769393,-0.4984869026267534,1.8698471099716683,-0.6383091356677477,-0.1494961857769393,-0.041891515767540875,-1.2824695334107923,-0.5497850511167978,-1.624962825469856,1.7194936512672365,1.6999888730526687,1.4333167653441554,-0.7032715318179872,-0.12183650701726015,-0.7722150754695952,-0.15064309242680043,-0.4202042656508556,1.139586643533865,-0.3687637902528508,-0.5731921693416263,1.3864901546010127,-0.06172586219167556,0,0,0,0,1.0,-0.0,False,0,0.0
guatemala,guatemala_1542,-1.1690956482681047,-1.1615383419683167,-1.0894063429134349e-15,1.5863908660839379,0.395639342689656,-1.8301143256543708,1.7638949466185563,-0.04189151576075955,1.1880987108296963,-0.7957014792174671,1.7638949466185563,1.911910062410685,1.3778806685120402,1.8066037328623819,1.7638949466185563,-0.041891515767540875,-1.5294319093134046,1.700278079663536,0.06846737937314534,-0.905875813767059,-0.8402321646105816,-1.1731469553378575,-0.8783362558105012,-0.7136205052349691,-0.7740260501205081,-0.15064309242680043,-0.4202042656508556,1.139586643533865,-0.3687637902528508,1.7446155992475947,-0.7212456552118893,-0.06172586219167556,2,2,2,2,1.0,-0.0,False,2,2.0
guatemala,guatemala_1543,-1.1690956482681047,-1.1615383419683167,-1.0894063429134349e-15,1.781838847603025,-0.32029435820519137,-2.142221203828062,1.7710932162270472,-0.04189151576075955,-1.2911370534975461,-0.5022663269806321,1.7710932162270472,1.8969848986763889,1.0956231818053044,1.8191033829932437,1.7710932162270472,-0.041891515767540875,-1.3769051305273956,2.0077576808517397,-0.939553785030308,-1.4951343885417268,-0.04444018108803785,-0.20728816992750757,-0.6188795432229224,0.7366484757167205,0.020948938684492466,-0.15064309242680043,-0.4202042656508556,1.139586643533865,-0.3687637902528508,-0.5731921693416263,1.3864901546010127,-0.06172586219167556,2,0,2,2,0.6666666666666666,0.5793801642856949,False,2,0.0
guatemala,guatemala_1544,-1.1690956482681047,-1.1615383419683167,-1.0894063429134349e-15,-0.4747988880043751,0.16395995153238993,0.6119604192377368,-0.6406117541436054,-0.04189151576075955,1.1707369484019992,-1.3402538190780124,-0.6406117541436054,-0.20692245748713362,-0.6432543276936803,-0.4898021116901474,-0.6406117541436054,-0.041891515767540875,-1.0093274756171433,-0.6173611688049151,-1.41283071333862,1.531495490718097,1.4644188915463368,-0.46843024139653416,1.2615376227246156,-0.7274575223680353,0.7137651866181407,-0.15064309242680043,-0.4202042656508556,1.139586643533865,-0.3687637902528508,-0.5731921693416263,-0.7212456552118893,-0.06172586219167556,0,0,2,0,0.6666666666666666,0.5793801642856949,False,2,2.0
guatemala,guatemala_1545,-1.1690956482681047,-1.1615383419683167,-1.0894063429134349e-15,1.2007980159522558,-0.5288284872378473,-2.1151004400369984,1.7480497387255138,-0.04189151576075955,-1.1944706711791957,-1.769591114290869,1.7480497387255138,1.7142305039346144,0.9632473316843264,1.2460699740774235,1.7480497387255138,-0.041891515767540875,-1.8440945433622937,2.017363045928485,-1.1606986908745875,0.13316127826255267,0.023886261786751642,-0.3099202183257894,0.9971707334053443,1.1318302290896316,-0.29212516637294167,-0.15064309242680043,2.3797949753105847,-0.8775111622043715,-0.3687637902528508,-0.5731921693416263,1.3864901546010127,-0.06172586219167556,0,0,0,0,1.0,-0.0,False,0,0.0
guatemala,guatemala_1546,1.0864765235749796,1.1108418934556599,-1.0894063429134349e-15,-0.7364368601196992,0.7328450931449094,0.6117053141821709,-0.6406117541436054,-0.04189151576075955,-1.3534006605639244,0.9474153624177679,-0.6406117541436054,-0.7406390650794621,-0.6432543276936803,-0.7150065487556363,-0.6406117541436054,-0.041891515767540875,1.123324284553662,-0.6166815326728632,1.0672468455074822,-0.7260382738853972,-0.8494927455446947,0.7073565028458049,0.6244957301217318,1.6003051042207879,1.4620671336063555,-0.15064309242680043,-0.4202042656508556,-0.8775111622043715,2.711762994176452,-0.5731921693416263,-0.7212456552118893,-0.06172586219167556,1,2,2,2,0.6666666666666666,0.5793801642856949,False,2,2.0
guatemala,guatemala_1549,-1.1690956482681047,-1.1615383419683167,-1.0894063429134349e-15,1.6368261677084737,-1.5193137720092287,-1.7702368632226417,1.6906271328772537,-0.04189151576075955,-1.3972451826770793,-1.575439182819033,1.6906271328772537,1.6585087214711598,1.6622725272756385,0.9574912036310094,1.6906271328772537,-0.041891515767540875,-1.96167150190477,1.9105390436657785,-1.8377430303273148,1.7245745815590028,1.821144704369487,-0.08660035010395119,1.2992134435926435,0.6732023788905499,-0.5669687969429106,-0.15064309242680043,2.3797949753105847,-0.8775111622043715,-0.3687637902528508,-0.5731921693416263,-0.7212456552118893,-0.06172586219167556,0,0,0,0,1.0,-0.0,False,0,0.0
guatemala,guatemala_1551,-1.1690956482681047,-1.1615383419683167,-1.0894063429134349e-15,0.7313018967001074,1.035660147049154,-2.1229628680089547,1.760557869353935,-0.04189151576075955,1.1593371653448072,-0.6980956623895965,1.760557869353935,1.608543648388635,1.367767902800748,1.386604068385508,1.760557869353935,-0.041891515767540875,-1.2378190698606983,1.9821353548580076,-0.7651734318392928,-0.86831504305373,-0.001624311989944227,1.2734996502019382,-0.8783362558105012,1.0281496385987907,-0.7741051686144652,-0.15064309242680043,-0.4202042656508556,-0.8775111622043715,-0.3687637902528508,-0.5731921693416263,1.3864901546010127,-0.06172586219167556,2,0,0,0,0.6666666666666666,0.5793801642856949,False,0,0.0
guatemala,guatemala_1552,1.0864765235749796,1.1108418934556599,-1.0894063429134349e-15,-0.0181304278578612,0.7100820288547375,0.6128001078486104,-0.6406117541436054,-0.04189151576075955,1.1893799176144593,0.20160684599660536,-0.6406117541436054,0.15916835036395596,-0.6432543276936803,0.2345641285832489,-0.6406117541436054,-0.041891515767540875,0.8987667201376096,-0.6182071054679752,0.3514051053540867,0.027303806774770144,-0.07979349481760054,1.442185976742494,0.4724479782870839,-0.715025266374223,1.4383684833721975,-0.15064309242680043,2.3797949753105847,-0.8775111622043715,2.711762994176452,-0.5731921693416263,-0.7212456552118893,-0.06172586219167556,2,2,1,2,0.6666666666666666,0.5793801642856949,False,2,1.0
guatemala,guatemala_1553,0.44562301584187464,0.43016405536437863,-1.0894063429134349e-15,0.3569037529078507,0.9791763037790817,-2.0141419650147987,1.7119223716987004,-0.04189151576075955,1.186369243983629,0.280117058776939,1.7119223716987004,0.7910516665914856,1.6468341436676086,1.0006385101292938,1.7119223716987004,-0.041891515767540875,-1.3304629444265659,1.997738610304174,-0.5834759048018562,-1.6649008798055125,0.30633438789922074,0.1747299521709621,1.420168556761518,1.321460430648377,1.5152896933690116,-0.15064309242680043,2.3797949753105847,-0.8775111622043715,-0.3687637902528508,-0.5731921693416263,-0.7212456552118893,-0.06172586219167556,2,2,2,2,1.0,-0.0,False,2,1.0
guatemala,guatemala_1554,0.44562301584187464,0.43016405536437863,-1.0894063429134349e-15,-0.67121113364135,-0.22181918890170324,0.6128001078486104,-0.6406117541436054,-0.04189151576075955,-1.3081546389617464,0.4334265967029455,-0.6406117541436054,-0.7076196391045674,-0.6432543276936803,-0.6972213694640378,-0.6406117541436054,-0.041891515767540875,0.7877449799424237,-0.6182071054679752,0.5786518495744655,-0.21842397097479063,-0.3187509504108214,0.7951852646482909,-0.6792123620871978,1.146104553603859,-0.7693310875553526,-0.15064309242680043,2.3797949753105847,-0.8775111622043715,-0.3687637902528508,-0.5731921693416263,1.3864901546010127,-0.06172586219167556,2,2,1,2,0.6666666666666666,0.5793801642856949,False,2,1.0
guatemala,guatemala_1556,-1.1690956482681047,-1.1615383419683167,-1.0894063429134349e-15,1.9061509812693351,-0.8942161421538586,-1.6720403018058823,1.6058009971466993,-0.04189151576075955,-1.2416072195216907,0.2894248725113667,1.6058009971466993,1.7303936757881981,1.714499183223635,1.8398080652242217,1.6058009971466993,-0.041891515767540875,-0.5925566889576722,1.7642385625344226,0.8038932022833578,-1.1383423086225914,-0.9520966418610597,1.0475198046531244,0.26616981634008163,0.805830081603101,1.3105252145086939,-0.15064309242680043,-0.4202042656508556,1.139586643533865,2.711762994176452,-0.5731921693416263,-0.7212456552118893,-0.06172586219167556,2,0,0,0,0.6666666666666666,0.5793801642856949,False,0,0.0
guatemala,guatemala_1557,0.44562301584187464,0.43016405536437863,-1.0894063429134349e-15,1.7750502006856042,-1.5785705201041664,-0.3230699022805348,1.20341049580737,-0.04189151576075955,1.131407812140949,-0.7673012760337063,1.20341049580737,1.37781714691572,1.7110293749992385,1.3252566946036963,1.20341049580737,-0.041891515767540875,-0.6487705787254963,0.3034797792425376,-0.8021008476560344,0.9865385482803538,0.8947356269959895,0.13764005328449652,1.3872425755337923,1.471862271286801,1.6000620878486262,-0.15064309242680043,-0.4202042656508556,1.139586643533865,-0.3687637902528508,-0.5731921693416263,-0.7212456552118893,-0.06172586219167556,2,2,2,2,1.0,-0.0,False,2,2.0
guatemala,guatemala_1558,1.4297638893569307,1.4752466898621746,-1.0894063429134349e-15,0.21076520234422905,-1.3890561705509668,0.6128001078486104,-0.6406117541436054,-0.04189151576075955,1.1636144929774115,-1.5940557322659128,-0.6406117541436054,0.1358576823804291,-0.6432543276936803,-0.10351207482329965,-0.6406117541436054,-0.041891515767540875,-1.3611768150702603,-0.6182071054679651,-1.6873599482757367,1.7447351060149727,1.7763633352424948,1.8866712196193525,0.11251289558312134,-0.5227963860720816,1.1983781508920923,-0.15064309242680043,-0.4202042656508556,1.139586643533865,2.711762994176452,-0.5731921693416263,-0.7212456552118893,-0.06172586219167556,1,1,2,1,0.6666666666666666,0.5793801642856949,False,1,2.0
guatemala,guatemala_1559,-1.1690956482681047,-1.1615383419683167,-1.0894063429134349e-15,0.6545059877530495,-1.3830719540654486,0.6128001078486104,-0.6406117541436054,-0.04189151576075955,1.148251598777757,-1.6562188191072273,-0.6406117541436054,0.6133501667790727,-0.6432543276936803,0.29595092546799523,-0.6406117541436054,-0.041891515767540875,-1.4463794341923002,-0.6182071054679644,-1.750667868584161,1.7923649283716614,1.8565980529390527,-0.025925379371728244,1.4407909173092484,-0.8621523748202947,1.635602592986635,-0.15064309242680043,-0.4202042656508556,1.139586643533865,-0.3687637902528508,-0.5731921693416263,-0.7212456552118893,-0.06172586219167556,0,0,0,0,1.0,-0.0,False,0,0.0
guatemala,guatemala_2593,1.0864765235749796,1.1108418934556599,-1.0894063429134349e-15,1.6354689821815245,0.31339486749228607,-1.5178081161154986,1.7127964841418142,-0.04189151576075955,1.1879999430282406,-0.03760499292569113,1.7127964841418142,1.7894551212628023,1.0403161662467861,1.800888870879033,1.7127964841418142,-0.041891515767540875,-1.1228941055498476,1.8199330779523746,0.3817498000188394,-0.6430806241183008,-0.338930344916628,-0.6732384289576526,1.3944314138854546,-0.13473554966483908,1.6272454253366133,-0.15064309242680043,2.3797949753105847,-0.8775111622043715,-0.3687637902528508,-0.5731921693416263,-0.7212456552118893,-0.06172586219167556,2,2,2,2,1.0,-0.0,False,2,2.0
guatemala,guatemala_2594,-1.1690956482681047,-1.1615383419683167,-1.0894063429134349e-15,-0.7499021978580795,0.9983325839098822,0.6128001078486104,-0.6406117541436054,-0.04189151576075955,1.1954078860013666,-0.3493467167497968,-0.6406117541436054,-0.6932860408169707,-0.6432543276936803,-0.7194337618461552,-0.6406117541436054,-0.041891515767540875,0.06478385082725394,-0.6182071054679752,-0.34123867997851115,0.5731824756085083,0.47835591398603267,-1.137176226193684,1.4940145679762118,-0.7097780402352749,1.6065795695483538,-0.15064309242680043,2.3797949753105847,-0.8775111622043715,-0.3687637902528508,-0.5731921693416263,-0.7212456552118893,-0.06172586219167556,0,0,0,0,1.0,-0.0,False,0,0.0
guatemala,guatemala_2595,1.6434795811172966,1.6972613034866455,-1.0894063429134349e-15,-0.8129824281894288,0.5696537963739587,0.6128001078486104,-0.6406117541436054,-0.04189151576075955,-1.3347739156534735,0.27177490307207613,-0.6406117541436054,-0.8244038838599365,-0.6432543276936803,-0.830460579772949,-0.6406117541436054,-0.041891515767540875,0.681965522588584,-0.6182071054679752,0.4016623462220375,-0.034634855666855445,-0.14936647028784544,1.4046655930660157,0.5520381009565314,-0.41442645494402175,1.4412211977804599,-0.15064309242680043,-0.4202042656508556,-0.8775111622043715,2.711762994176452,-0.5731921693416263,-0.7212456552118893,-0.06172586219167556,1,2,2,2,0.6666666666666666,0.5793801642856949,False,1,2.0
guatemala,guatemala_2597,-1.1690956482681047,-1.1615383419683167,-1.0894063429134349e-15,0.8028589823354437,-1.6630070182647452,0.6128001053890052,-0.6406117541436054,-0.04189151576075955,1.1729010697860194,-1.5516855724474994,-0.6406117541436054,0.5354933102007904,-0.6432543276936803,0.2347133761924838,-0.6406117541436054,-0.041891515767540875,-1.3414777638896187,-0.618207102990012,-1.6710030946738992,1.6955707790823669,1.7544343475267146,0.2423482121724044,1.4071030781883345,-0.7700527575116995,1.5208667771322726,-0.15064309242680043,-0.4202042656508556,1.139586643533865,-0.3687637902528508,-0.5731921693416263,-0.7212456552118893,-0.06172586219167556,0,0,0,0,1.0,-0.0,False,0,0.0
guatemala,guatemala_2598,1.789245742342774,1.8444518292929826,-1.0894063429134349e-15,1.1564535772956313,0.0883370644727156,-1.118398597373163,1.5806049577403911,-0.04189151576075955,1.1319345762507325,0.7330506196512567,1.5806049577403911,0.9936091040946132,1.6683499506479564,1.3700211052853815,1.5806049577403911,-0.041891515767540875,0.06330510831332795,1.052410264415697,0.7297418539641618,-0.5298537811169312,-0.5503858128803478,0.001792418737831039,1.3965681148064124,1.0450154285901803,1.6254373899926156,-0.15064309242680043,-0.4202042656508556,-0.8775111622043715,-0.3687637902528508,-0.5731921693416263,-0.7212456552118893,-0.06172586219167556,1,1,1,1,1.0,-0.0,False,1,1.0
guatemala,guatemala_2599,0.44562301584187464,0.43016405536437863,-1.0894063429134349e-15,-0.47307747782953696,-0.13315833674301875,0.6126528911256476,-0.6406117541436054,-0.04189151576075955,-1.3265318042202703,0.9510970581334072,-0.6406117541436054,-0.5662476687283733,-0.6432543276936803,-0.4795483737568337,-0.6406117541436054,-0.041891515767540875,1.134737052308348,-0.6180587909150768,1.0947218705848203,-0.7409279938085596,-0.8879247481465656,0.891872495591457,1.1642181195181642,1.2389191922592688,1.4998155050652322,-0.15064309242680043,-0.4202042656508556,1.139586643533865,-0.3687637902528508,-0.5731921693416263,-0.7212456552118893,-0.06172586219167556,2,2,2,2,1.0,-0.0,False,2,2.0
guatemala,guatemala_2689,-1.1690956482681047,-1.1615383419683167,-1.0894063429134349e-15,0.5171177928876756,-1.2302790675737922,0.6128001070534989,-0.6406117541436054,-0.04189151576075955,-1.309488701132565,-1.9037842321809157,-0.6406117541436054,0.7084801060036597,-0.6432543276936803,0.27274260768622755,-0.6406117541436054,-0.041891515767540875,-1.6545732586856041,-0.6182071046669241,-1.9024897795749272,2.013712913475678,2.071179224530581,-0.4351885911046144,1.4689906487307607,-0.41652970567654773,1.6455200725400834,-0.15064309242680043,-0.4202042656508556,1.139586643533865,-0.3687637902528508,-0.5731921693416263,-0.7212456552118893,-0.06172586219167556,0,0,0,0,1.0,-0.0,False,0,0.0
guatemala,guatemala_2690,-1.1690956482681047,-1.1615383419683167,-1.0894063429134349e-15,1.3810157664548257,-1.2369116607746495,0.6013612084788748,-0.6406117541436054,-0.04189151576075955,-1.2109410580742286,-1.6862646342626562,-0.6406117541436054,1.4499001977091748,-0.6432543276936803,1.1204788048672707,-0.6406117541436054,-0.041891515767540875,-1.5493719049709345,-0.6066859486931044,-1.8180666548851634,1.7865115170616026,1.938485751154056,-1.1362406678292436,1.5011483478824694,-0.5421044869956141,1.6179158652120478,-0.15064309242680043,2.3797949753105847,-0.8775111622043715,-0.3687637902528508,-0.5731921693416263,-0.7212456552118893,-0.06172586219167556,0,0,2,0,0.6666666666666666,0.5793801642856949,False,0,2.0
guatemala,guatemala_2691,0.44562301584187464,0.43016405536437863,-1.0894063429134349e-15,0.681188194716448,-0.5180721999434189,0.6128001078486104,-0.6406117541436054,-0.04189151576075955,-1.3094925194031575,-0.14595016583785336,-0.6406117541436054,0.5000954472079854,-0.6432543276936803,0.4598621148704265,-0.6406117541436054,-0.041891515767540875,0.5451558169869811,-0.6182071054679752,-0.05933470863239191,0.36905658752302073,0.26712747356780436,1.4735183678422714,0.47023975949302677,-0.5449466638396019,1.4271600004839449,-0.15064309242680043,2.3797949753105847,-0.8775111622043715,2.711762994176452,-0.5731921693416263,-0.7212456552118893,-0.06172586219167556,2,2,2,2,1.0,-0.0,False,2,2.0
guatemala,guatemala_2693,-1.1690956482681047,-1.1615383419683167,-1.0894063429134349e-15,1.58181473570291,-0.8038557576888519,-1.7648268586702613,1.7638705459157245,-0.04189151576075955,-0.9664472101112892,-1.763665808021656,1.7638705459157245,1.8709290060306099,1.5091176600741836,1.4042671609210504,1.7638705459157245,-0.041891515767540875,-1.7797131542886577,1.9261236172611276,-1.0310873482133949,0.7031776490482118,0.6045539734453099,1.162707047485051,1.0077415575928164,1.3284144172997643,1.1756699723387634,-0.15064309242680043,2.3797949753105847,-0.8775111622043715,-0.3687637902528508,-0.5731921693416263,-0.7212456552118893,-0.06172586219167556,0,0,2,0,0.6666666666666666,0.5793801642856949,False,2,2.0
guatemala,guatemala_2694,-1.1690956482681047,-1.1615383419683167,-1.0894063429134349e-15,0.07010858657993599,-1.2703713493026856,0.6128001073665398,-0.6406117541436054,-0.04189151576075955,-1.0184366782666192,-1.2761080336856088,-0.6406117541436054,-0.07259033142205439,-0.6432543276936803,-0.2779557605965294,-0.6406117541436054,-0.041891515767540875,-1.019774272460003,-0.6182071049823039,-1.4091360519272995,1.4383069723187711,1.4533762464232987,1.151608746966932,1.0717490752059868,1.3664517586151688,1.2009431984487273,-0.15064309242680043,-0.4202042656508556,-0.8775111622043715,-0.3687637902528508,-0.5731921693416263,-0.7212456552118893,-0.06172586219167556,2,0,0,0,0.6666666666666666,0.5793801642856949,False,0,0.0
guatemala,guatemala_2695,0.44562301584187464,0.43016405536437863,-1.0894063429134349e-15,0.04169547417601212,-1.6539166579027098,0.6128001078486104,-0.6406117541436054,-0.04189151576075955,-1.2443728234794378,-1.4265665961071294,-0.6406117541436054,-0.18430152889936877,-0.6432543276936803,-0.34927722562729785,-0.6406117541436054,-0.041891515767540875,-1.176781905420178,-0.6182071054679752,-1.5431288857057028,1.596388449565615,1.6035081983823256,0.15032613340746506,1.4200085960460336,-0.8701890422980246,1.6348951350172243,-0.15064309242680043,-0.4202042656508556,-0.8775111622043715,-0.3687637902528508,-0.5731921693416263,-0.7212456552118893,-0.06172586219167556,2,2,2,2,1.0,-0.0,False,2,2.0
guatemala,guatemala_2696,-1.1690956482681047,-1.1615383419683167,-1.0894063429134349e-15,0.39233536805913743,-1.6393796142659092,0.6128001070746633,-0.6406117541436054,-0.04189151576075955,-1.1843756777488612,-1.23783976024849,-0.6406117541436054,0.04502885000457721,-0.6432543276936803,-0.13371732190673694,-0.6406117541436054,-0.041891515767540875,-1.0039558316448265,-0.6182071046882508,-1.3989181606105512,1.4050174172621326,1.4424394881862166,-0.822694209729286,1.4842304488856495,-0.1632748028755383,1.6363780197177962,-0.15064309242680043,2.3797949753105847,-0.8775111622043715,-0.3687637902528508,-0.5731921693416263,-0.7212456552118893,-0.06172586219167556,0,0,0,0,1.0,-0.0,False,0,0.0
guatemala,guatemala_2697,0.44562301584187464,0.43016405536437863,-1.0894063429134349e-15,0.6688525044503524,-1.2700859774273154,0.6128001078486104,-0.6406117541436054,-0.04189151576075955,-1.240709197302319,-1.1963179207380423,-0.6406117541436054,0.4540449833643328,-0.6432543276936803,0.33570484782728494,-0.6406117541436054,-0.041891515767540875,-1.0136618400372455,-0.6182071054679847,-1.4002339337900513,1.3370614359138473,1.4387440397438707,0.26617188817317566,1.404136808434433,-0.4150519903767719,1.6294857924491608,-0.15064309242680043,2.3797949753105847,-0.8775111622043715,-0.3687637902528508,-0.5731921693416263,-0.7212456552118893,-0.06172586219167556,2,2,2,2,1.0,-0.0,False,2,2.0
guatemala,guatemala_2698,-1.1690956482681047,-1.1615383419683167,-1.0894063429134349e-15,1.1525203077768615,-1.032276589679292,0.1879295133426881,1.5788540261461481,-0.04189151576075955,1.1471317879406444,-1.4859630974509483,1.5788540261461481,1.2256849668172456,1.8424258306942176,0.9528718717577548,1.5788540261461481,-0.041891515767540875,-1.4003054431141002,-0.1751664346354143,-1.7021858090075257,1.5783189949232659,1.7780425077054318,0.1915337684209714,1.3900989407130986,1.4391838614882682,0.6988055548761001,-0.15064309242680043,2.3797949753105847,-0.8775111622043715,-0.3687637902528508,-0.5731921693416263,-0.7212456552118893,-0.06172586219167556,0,0,0,0,1.0,-0.0,False,0,2.0
guatemala,guatemala_2699,1.0864765235749796,1.1108418934556599,-1.0894063429134349e-15,-0.7490309990499738,-0.954699932455975,0.6128001077690042,-0.6406117541436054,-0.04189151576075955,1.1382476043447562,-1.8786502191266474,-0.6406117541436054,-0.7320785527991748,-0.6432543276936803,-0.8094996955922686,-0.6406117541436054,-0.041891515767540875,-1.5819303532144535,-0.6182071053877543,-1.8517691759770525,2.007611275796276,1.998089928519845,1.309709651348377,1.0309796055961213,1.5966385675160881,-0.7640777647811796,-0.15064309242680043,-0.4202042656508556,-0.8775111622043715,-0.3687637902528508,-0.5731921693416263,-0.7212456552118893,-0.06172586219167556,2,2,2,2,1.0,-0.0,False,2,2.0
guatemala,guatemala_2700,-1.1690956482681047,-1.1615383419683167,-1.0894063429134349e-15,-0.0770399165434717,1.0275736628164631,0.6128001078486104,-0.6406117541436054,-0.04189151576075955,-1.1956737841027347,1.0848525385528547,-0.6406117541436054,0.02261335790794081,-0.6432543276936803,0.33982281990647506,-0.6406117541436054,-0.041891515767540875,1.6579840283209175,-0.6182071054679752,1.2758148114412768,-0.8738029646000136,-1.0424347555310063,1.4086076340984404,0.4352986052916565,-0.8523938480181853,1.4447520995910677,-0.15064309242680043,-0.4202042656508556,1.139586643533865,2.711762994176452,-0.5731921693416263,-0.7212456552118893,-0.06172586219167556,0,0,0,0,1.0,-0.0,False,0,0.0
guatemala,guatemala_2701,-1.1690956482681047,-1.1615383419683167,-1.0894063429134349e-15,-0.5254452136973686,0.9769112927528368,0.6128001078486104,-0.6406117541436054,-0.04189151576075955,-1.3083329879744927,1.552415376089945,-0.6406117541436054,-0.5189468396234157,-0.6432543276936803,-0.32461539619907714,-0.6406117541436054,-0.041891515767540875,1.3216360400027638,-0.6182071054679817,1.399454804509616,-1.3890200430976982,-1.4734991314474208,0.9076299802672602,1.1530071500259789,1.2996857535456037,1.523635404013417,-0.15064309242680043,-0.4202042656508556,1.139586643533865,-0.3687637902528508,-0.5731921693416263,-0.7212456552118893,-0.06172586219167556,2,0,0,0,0.6666666666666666,0.5793801642856949,False,0,2.0
guatemala,guatemala_2702,-1.1690956482681047,-1.1615383419683167,-1.0894063429134349e-15,-0.6978445535845129,-0.5430172301288151,0.6128001045186717,-0.6406117541436054,-0.04189151576075955,-1.295879742213646,-1.6601692861973458,-0.6406117541436054,-0.6215448352500775,-0.6432543276936803,-0.7446647024132544,-0.6406117541436054,-0.041891515767540875,-1.3724909084636792,-0.6182071021131911,-1.6962064434547108,1.8182567872559887,1.7885222621193115,0.7954450728697846,0.9780983950348039,-0.0708824094394663,-0.755090327496633,-0.15064309242680043,2.3797949753105847,-0.8775111622043715,-0.3687637902528508,-0.5731921693416263,1.3864901546010127,-0.06172586219167556,0,0,0,0,1.0,-0.0,False,0,0.0
guatemala,guatemala_2703,-1.1690956482681047,-1.1615383419683167,-1.0894063429134349e-15,-0.8112168486067644,1.5423352564240684,0.6128001078486104,-0.6406117541436054,-0.04189151576075955,1.1736729156434629,-0.2428109680725882,-0.6406117541436054,-0.8122694880801251,-0.6432543276936803,-0.8221386605541682,-0.6406117541436054,-0.041891515767540875,0.1517162598599154,-0.6182071054679649,-0.24059367007908203,0.4602745828719335,0.39408630523972604,-1.1633094877119483,1.4975089402846415,-0.9346336488581648,0.6724596989236667,-0.15064309242680043,2.3797949753105847,-0.8775111622043715,-0.3687637902528508,-0.5731921693416263,-0.7212456552118893,-0.06172586219167556,0,0,0,0,1.0,-0.0,False,0,0.0
guatemala,guatemala_2704,0.44562301584187464,0.43016405536437863,-1.0894063429134349e-15,0.18838538030827728,-0.746319231205452,-1.4076335321200268,1.3150725535187902,-0.04189151576075955,1.0811840140259046,-1.4456034070341663,1.3150725535187902,0.590929005115022,1.8394608026475179,0.03118812039187996,1.3150725535187902,-0.041891515767540875,-1.206724664694384,1.3172632866150495,-1.4283440626272634,1.3043310961185266,1.4235950587030584,0.8783091177172778,1.0152040062838612,1.7525828249010622,-0.38838312506637396,-0.15064309242680043,-0.4202042656508556,1.139586643533865,-0.3687637902528508,-0.5731921693416263,-0.7212456552118893,-0.06172586219167556,2,2,2,2,1.0,-0.0,False,2,2.0
guatemala,guatemala_2705,0.44562301584187464,0.43016405536437863,-1.0894063429134349e-15,1.8366436531594796,-1.218539820875583,-0.05851888326869876,0.566492659398228,-0.04189151576075955,1.1656642983602008,-0.7674847074313654,0.566492659398228,1.638893911142889,1.6769110841751371,1.6219435999846055,0.566492659398228,-0.041891515767540875,-0.8212548614845989,0.4394385246313603,-0.8129280555694718,0.9177002240754358,0.8632813617636882,-0.4625839057632836,1.4521704181701725,0.8976562019672294,1.3840625122695982,-0.15064309242680043,-0.4202042656508556,1.139586643533865,-0.3687637902528508,-0.5731921693416263,-0.7212456552118893,-0.06172586219167556,2,2,2,2,1.0,-0.0,False,2,2.0
guatemala,guatemala_2706,0.44562301584187464,0.43016405536437863,-1.0894063429134349e-15,-0.7854736059333008,0.6091382335439017,0.6128001070058354,-0.6406117541436054,-0.04189151576075955,1.1457161146497334,-0.2817403038389262,-0.6406117541436054,-0.7790549781309045,-0.6432543276936803,-0.7934803855792792,-0.6406117541436054,-0.041891515767540875,0.078148998095973,-0.6182071046188946,-0.32381841525337024,0.46536820644454696,0.46185562472184466,1.5106824467309634,0.38660714344304714,-0.7802901355321245,1.3957854362845765,-0.15064309242680043,-0.4202042656508556,1.139586643533865,2.711762994176452,-0.5731921693416263,-0.7212456552118893,-0.06172586219167556,2,2,2,2,1.0,-0.0,False,2,2.0
guatemala,guatemala_2708,1.0864765235749796,1.1108418934556599,-1.0894063429134349e-15,-0.7881748872865528,0.6781327468337895,0.6128001078486104,-0.6406117541436054,-0.04189151576075955,1.158763682791841,-0.17640817243938237,-0.6406117541436054,-0.7830157434965002,-0.6432543276936803,-0.7950264520954923,-0.6406117541436054,-0.041891515767540875,0.21125337261194424,-0.6182071054679752,-0.16911963326168575,0.3798618821279935,0.3337851794347393,0.22659314501299796,1.386504864487292,-0.40670738788251803,1.6200821812647481,-0.15064309242680043,-0.4202042656508556,1.139586643533865,-0.3687637902528508,-0.5731921693416263,-0.7212456552118893,-0.06172586219167556,2,2,2,2,1.0,-0.0,False,2,2.0
guatemala,guatemala_2711,0.44562301584187464,0.43016405536437863,-1.0894063429134349e-15,0.12202316521735541,-1.638707977003761,0.6128001078486104,-0.6406117541436054,-0.04189151576075955,-1.2480594095147002,-1.466085349077948,-0.6406117541436054,-0.10340311469326989,-0.6432543276936803,-0.28027441795609925,-0.6406117541436054,-0.041891515767540875,-1.2132156184002685,-0.6182071054679684,-1.571929886917506,1.6312087083117786,1.6368002726786532,0.8314906299134924,1.2299247323516718,1.6456960218759957,0.6675127677846847,-0.15064309242680043,2.3797949753105847,-0.8775111622043715,-0.3687637902528508,-0.5731921693416263,-0.7212456552118893,-0.06172586219167556,2,2,2,2,1.0,-0.0,False,2,2.0
guatemala,guatemala_2712,-1.1690956482681047,-1.1615383419683167,-1.0894063429134349e-15,-0.652021688391268,-0.25795727279680625,0.6128001078486104,-0.6406117541436054,-0.04189151576075955,-1.2958839435584062,-1.198158631671831,-0.6406117541436054,-0.6121142732556822,-0.6432543276936803,-0.6654263736137314,-0.6406117541436054,-0.041891515767540875,-0.9190976636864951,-0.6182071054679752,-1.3282003822035995,1.3890765495124264,1.370197296587178,-1.1499132977728868,1.5010043895587761,-0.8180754487108651,1.6293645769507699,-0.15064309242680043,2.3797949753105847,-0.8775111622043715,-0.3687637902528508,-0.5731921693416263,-0.7212456552118893,-0.06172586219167556,0,0,0,0,1.0,-0.0,False,0,0.0
guatemala,guatemala_2720,0.44562301584187464,0.43016405536437863,-1.0894063429134349e-15,-0.7027051583878974,-0.736970743443545,0.6128001043737878,-0.6406117541436054,-0.04189151576075955,1.1744125282885851,-0.8334983040072026,-0.6406117541436054,-0.7244143168376189,-0.6432543276936803,-0.758985599566393,-0.6406117541436054,-0.041891515767540875,-0.49179671204819464,-0.6182071019672081,-0.9335031063924283,1.0424247910222313,0.9900431797088521,0.5942393187107107,1.3208761109028175,1.5313762172475809,1.5042655589659046,-0.15064309242680043,2.3797949753105847,-0.8775111622043715,-0.3687637902528508,-0.5731921693416263,-0.7212456552118893,-0.06172586219167556,2,2,2,2,1.0,-0.0,False,2,2.0
guatemala,guatemala_2728,0.44562301584187464,0.43016405536437863,-1.0894063429134349e-15,1.7821657709970165,-0.3564917701477109,-1.2272711703817232,1.4852743157309587,-0.04189151576075955,-1.2823449045159923,-0.8091221071837782,1.4852743157309587,1.8172934336249633,1.370695457275867,1.8482941832605317,1.4852743157309587,-0.041891515767540875,-0.9993150805706923,1.1560800078561426,-0.8848993444453372,1.0010370272992406,0.8867330127873753,-0.22918022811783983,1.3206071827193,-0.884884608949285,-0.2750598413635041,-0.15064309242680043,-0.4202042656508556,1.139586643533865,-0.3687637902528508,-0.5731921693416263,-0.7212456552118893,-0.06172586219167556,2,2,2,2,1.0,-0.0,False,2,2.0
guatemala,guatemala_2729,-1.1690956482681047,-1.1615383419683167,-1.0894063429134349e-15,1.9079444765738371,-1.114462412364381,-2.1476631823116175,1.7870950973777127,-0.04189151576075955,-1.2540239087124994,-2.0417218041373215,1.7870950973777127,1.9664951139569815,1.1990039299909885,1.8375499705220364,1.7870950973777127,-0.041891515767540875,-1.9358330898475433,2.01974380954985,-1.8242242131988147,0.15176781256780839,0.8158301137868409,1.3823850530933026,0.7889031057239609,1.6852602759059063,-0.17720301682731907,-0.15064309242680043,2.3797949753105847,-0.8775111622043715,-0.3687637902528508,-0.5731921693416263,1.3864901546010127,-0.06172586219167556,0,0,0,0,1.0,-0.0,False,0,0.0
guatemala,guatemala_2730,-1.1690956482681047,-1.1615383419683167,-1.0894063429134349e-15,1.972018495282931,-1.9269621264344314,-2.1062100410378335,1.7162097815658672,-0.04189151576075955,1.1510392413141566,-0.9646197608239601,1.7162097815658672,1.8611432822548857,1.4148441444563307,1.6405903892062237,1.7162097815658672,-0.041891515767540875,-1.3084845768599382,1.9631333295450875,-1.1315396515765592,0.026461135151073453,0.7324606399600704,0.14300550107872065,0.3204507587120866,0.6805457809695532,1.3908943340009612,-0.15064309242680043,2.3797949753105847,-0.8775111622043715,2.711762994176452,-0.5731921693416263,-0.7212456552118893,-0.06172586219167556,0,0,0,0,1.0,-0.0,False,0,0.0
guatemala,guatemala_2731,-1.1690956482681047,-1.1615383419683167,-1.0894063429134349e-15,1.514610177852514,-1.8125689330880859,-2.1476530404768086,1.784636833245406,-0.04189151576075955,1.184570469724988,-2.3332713422475457,1.784636833245406,1.825902065423559,1.1929994386110858,0.8518677627052119,1.784636833245406,-0.041891515767540875,-2.0001047389754114,2.019670563116572,-2.046379567897652,1.1123346608209612,1.7604955430300577,0.8900395593352117,0.6536037743035834,1.5390491931555919,1.4961990914716894,-0.15064309242680043,2.3797949753105847,-0.8775111622043715,2.711762994176452,-0.5731921693416263,-0.7212456552118893,-0.06172586219167556,0,0,0,0,1.0,-0.0,False,0,0.0
guatemala,guatemala_2734,-1.1690956482681047,-1.1615383419683167,-1.0894063429134349e-15,0.18886025465527967,-0.0670875450660912,0.6128001075735336,-0.6406117541436054,-0.04189151576075955,-1.314858316541783,-0.16081708248519722,-0.6406117541436054,0.19525401079579405,-0.6432543276936803,0.16436769170344023,-0.6406117541436054,-0.041891515767540875,0.4391039073190011,-0.61820710519084,-0.12460522336767117,0.36691883754239407,0.3128276714195253,1.497435105244735,0.44946592528609236,-0.7236383671699087,1.4235472132821525,-0.15064309242680043,-0.4202042656508556,1.139586643533865,2.711762994176452,-0.5731921693416263,-0.7212456552118893,-0.06172586219167556,0,0,0,0,1.0,-0.0,False,0,0.0
guatemala,guatemala_2736,0.44562301584187464,0.43016405536437863,-1.0894063429134349e-15,-0.7040051269683602,-1.142021167688323,0.612800106392395,-0.6406117541436054,-0.04189151576075955,1.1627456395542741,-1.6105074634574876,-0.6406117541436054,-0.6923937308480138,-0.6432543276936803,-0.777664396677418,-0.6406117541436054,-0.041891515767540875,-1.3261141444003695,-0.6182071039288908,-1.6611104070683578,1.775359587407409,1.7446271506524131,1.6659059395919036,0.20104577678918428,0.7118528999359347,1.275927412975466,-0.15064309242680043,-0.4202042656508556,1.139586643533865,2.711762994176452,-0.5731921693416263,-0.7212456552118893,-0.06172586219167556,2,2,2,2,1.0,-0.0,False,2,
guatemala,guatemala_2738,-1.1690956482681047,-1.1615383419683167,-1.0894063429134349e-15,-0.6384406779651156,-0.7987446410521051,0.5373647634681431,-0.23852776811396242,-0.04189151576075955,1.161525006845508,-1.0323055695943535,-0.23852776811396242,-0.6588441641283941,1.869844810990413,-0.7001126946515265,-0.23852776811396242,-0.041891515767540875,-0.7163072535796616,-0.5243668469898222,-1.1503657501765174,1.2436766891922024,1.194981274986742,-1.1968533344262884,1.5033119883938184,-0.7699325918500115,1.5817156298775972,-0.15064309242680043,-0.4202042656508556,1.139586643533865,-0.3687637902528508,-0.5731921693416263,-0.7212456552118893,-0.06172586219167556,0,2,2,2,0.6666666666666666,0.5793801642856949,False,2,
guatemala,guatemala_2741,-1.1690956482681047,-1.1615383419683167,-1.0894063429134349e-15,1.768563648430268,-0.8487353147180313,-2.038057530893492,1.7684733547503777,-0.04189151576075955,1.165747387227591,-1.4977760725281295,1.7684733547503777,1.9249480320843504,1.0237500449406962,1.666718643960843,1.7684733547503777,-0.041891515767540875,-1.7750227345173648,1.9775502871243942,-1.0146297859283178,0.14590345242851602,0.44019339176005584,1.3595582090140128,-0.10143094334793547,1.1781843101533622,-0.613957121322339,-0.15064309242680043,-0.4202042656508556,1.139586643533865,-0.3687637902528508,-0.5731921693416263,1.3864901546010127,-0.06172586219167556,2,0,0,0,0.6666666666666666,0.5793801642856949,False,0,0.0
guatemala,guatemala_2742,0.44562301584187464,0.43016405536437863,-1.0894063429134349e-15,1.1733569634656902,0.6700957900577859,-1.6605758468138203,1.7139549371470169,-0.04189151576075955,1.1686522014494063,0.0012254400524215978,1.7139549371470169,1.4151982051611476,1.3484505393963013,1.5897937698353024,1.7139549371470169,-0.041891515767540875,-0.6961950522241658,1.5465842183360194,-0.29528173209090447,0.2072645180727756,0.25528015364768936,0.6585811603357227,1.2184810851317223,1.6553775146152128,1.562392102024243,-0.15064309242680043,-0.4202042656508556,1.139586643533865,-0.3687637902528508,-0.5731921693416263,-0.7212456552118893,-0.06172586219167556,2,2,1,2,0.6666666666666666,0.5793801642856949,False,2,1.0
guatemala,guatemala_2745,0.44562301584187464,0.43016405536437863,-1.0894063429134349e-15,-0.684237649402305,-0.414650806872894,0.418531805057421,-0.07339941609266748,-0.04189151576075955,1.1725195471722707,-0.6236530807953635,-0.07339941609266748,-0.6998125493161829,1.8695499156615538,-0.6961186357029405,-0.07339941609266748,-0.041891515767540875,-0.2702211798497184,-0.42338366585893145,-0.7065254834148762,0.8304017524084759,0.786119376990326,0.7841605909169052,1.2565252241281955,1.585510230900511,1.463955063724236,-0.15064309242680043,2.3797949753105847,-0.8775111622043715,-0.3687637902528508,-0.5731921693416263,-0.7212456552118893,-0.06172586219167556,2,2,2,2,1.0,-0.0,False,2,2.0
guatemala,guatemala_2746,-1.1690956482681047,-1.1615383419683167,-1.0894063429134349e-15,-0.7473810644309024,0.046818054414510535,0.6128001078486104,-0.6406117541436054,-0.04189151576075955,-1.2927796050123141,0.010025345858434705,-0.6406117541436054,-0.7525201558254621,-0.6432543276936803,-0.7619969107748649,-0.6406117541436054,-0.041891515767540875,0.41471263677030346,-0.6182071054679752,0.0806666607749119,0.2090575672241471,0.12422580215421367,0.8727584368224545,1.1910531976353655,1.532440465237183,1.4799318754778055,-0.15064309242680043,-0.4202042656508556,1.139586643533865,-0.3687637902528508,-0.5731921693416263,-0.7212456552118893,-0.06172586219167556,2,0,0,0,0.6666666666666666,0.5793801642856949,False,0,2.0
guatemala,guatemala_2747,-1.1690956482681047,-1.1615383419683167,-1.0894063429134349e-15,-0.32304905434141257,-0.49338444355724126,0.6128001056872174,-0.6406117541436054,-0.04189151576075955,-1.2290951744523118,-1.3153163754974213,-0.6406117541436054,-0.2227804293941587,-0.6432543276936803,-0.345811151631515,-0.6406117541436054,-0.041891515767540875,-1.0753738417586276,-0.6182071032904404,-1.4592936438447788,1.4845872613098154,1.5086190213288957,0.31813920211909025,1.3918615963545018,1.150851229254044,1.5571624114630322,-0.15064309242680043,-0.4202042656508556,1.139586643533865,-0.3687637902528508,-0.5731921693416263,-0.7212456552118893,-0.06172586219167556,0,0,0,0,1.0,-0.0,False,0,0.0
guatemala,guatemala_2748,-1.1690956482681047,-1.1615383419683167,-1.0894063429134349e-15,-0.6879021215378476,-0.07138844892779941,0.6128001078486104,-0.6406117541436054,-0.04189151576075955,-1.229085700264315,-0.7820146559387993,-0.6406117541436054,-0.6716934508840856,-0.6432543276936803,-0.7126423009244384,-0.6406117541436054,-0.041891515767540875,-0.45520069596181423,-0.6182071054679752,-0.8967675432768591,0.9811574855114525,0.9563486898074547,-1.112870922495326,1.4985333387933444,-0.4930394825763062,1.6142930500795154,-0.15064309242680043,2.3797949753105847,-0.8775111622043715,-0.3687637902528508,-0.5731921693416263,-0.7212456552118893,-0.06172586219167556,0,0,0,0,1.0,-0.0,False,0,0.0
guatemala,guatemala_2749,0.44562301584187464,0.43016405536437863,-1.0894063429134349e-15,0.4531394085955326,0.23485308158552218,0.6128001078486104,-0.6406117541436054,-0.04189151576075955,-1.2301210854492666,1.009696241647327,-0.6406117541436054,0.3202561954554891,-0.6432543276936803,0.6936141906920245,-0.6406117541436054,-0.041891515767540875,1.555282245669478,-0.6182071054679676,1.1765968230507844,-0.8140723031044279,-0.93749348725675,1.3454572253273018,0.5768479450310523,-0.9598694122553132,1.4788130854352057,-0.15064309242680043,-0.4202042656508556,1.139586643533865,2.711762994176452,-0.5731921693416263,-0.7212456552118893,-0.06172586219167556,2,2,2,2,1.0,-0.0,False,2,2.0
guatemala,guatemala_2750,0.44562301584187464,0.43016405536437863,-1.0894063429134349e-15,1.7220269752877368,-0.19246345237561444,-1.8040475137438254,1.6792925932072944,-0.04189151576075955,1.1585194184266705,-0.5835887438579926,1.6792925932072944,1.81570068422104,1.3855387753520783,1.7778198192888477,1.6792925932072944,-0.041891515767540875,-1.603841361462518,1.962920234881559,-0.7917971376089804,0.006254348292658907,0.2076488207404921,0.5934856084018857,1.2614108127020385,-0.47924137919503884,1.3617192912207512,-0.15064309242680043,-0.4202042656508556,1.139586643533865,-0.3687637902528508,-0.5731921693416263,-0.7212456552118893,-0.06172586219167556,2,2,2,2,1.0,-0.0,False,2,2.0
guatemala,guatemala_2751,-1.1690956482681047,-1.1615383419683167,-1.0894063429134349e-15,-0.6758425257747167,-0.3752637629124648,0.6128001059478773,-0.6406117541436054,-0.04189151576075955,-1.1551412312774005,-0.786397549136413,-0.6406117541436054,-0.6433066318926435,-0.6432543276936803,-0.7024469467064987,-0.6406117541436054,-0.041891515767540875,-0.419724533883791,-0.6182071028705819,-0.8617923620527181,1.0039461253482158,0.925527773162788,-0.7770412667224715,1.4641281036015694,0.3856336767285756,-0.45743746582604716,-0.15064309242680043,2.3797949753105847,-0.8775111622043715,-0.3687637902528508,-0.5731921693416263,-0.7212456552118893,-0.06172586219167556,2,2,2,2,1.0,-0.0,False,2,0.0
guatemala,guatemala_2752,0.44562301584187464,0.43016405536437863,-1.0894063429134349e-15,1.1705583588192707,-0.8580966346848132,-0.30421979577126795,1.3719057488498925,-0.04189151576075955,-1.2537340657401013,-0.5740388650372747,1.3719057488498925,0.9262262408214558,1.862599199744926,0.9004092671414582,1.3719057488498925,-0.041891515767540875,-0.4503819704602437,0.28534258404949453,-0.6416173947211649,0.7743099603111929,0.7547319421637607,-1.1199131695346172,1.4970942812739008,-0.6384117681457914,1.565796112936241,-0.15064309242680043,2.3797949753105847,-0.8775111622043715,-0.3687637902528508,-0.5731921693416263,-0.7212456552118893,-0.06172586219167556,2,2,2,2,1.0,-0.0,False,2,2.0
guatemala,guatemala_2753,-1.1690956482681047,-1.1615383419683167,-1.0894063429134349e-15,1.302072940547248,-0.10909205506490928,-0.9124090945848853,1.6665434998663748,-0.04189151576075955,-1.2855190357163995,-0.2409621396406923,1.6665434998663748,1.4314111396790525,1.727172823964696,1.3184176907889182,1.6665434998663748,-0.041891515767540875,-1.1533550150810528,0.8614677019371411,-0.5089822842713052,0.44531194025188003,0.43074718369158943,-0.7489417068899795,1.4696434563565821,-0.02516211548493791,-0.12000438179048438,-0.15064309242680043,2.3797949753105847,-0.8775111622043715,-0.3687637902528508,-0.5731921693416263,-0.7212456552118893,-0.06172586219167556,0,0,0,0,1.0,-0.0,False,0,0.0
guatemala,guatemala_2755,-1.1690956482681047,-1.1615383419683167,-1.0894063429134349e-15,-0.05131032434846263,1.8298790914361975,-0.9461124037149653,1.566944839617128,-0.04189151576075955,1.177729903422096,0.9000459280699558,1.566944839617128,0.45708360688222605,1.7780366678810613,0.6947798394279469,1.566944839617128,-0.041891515767540875,0.5194972349046044,0.8928502149645875,1.3274722414707611,-1.61467711914978,-1.2991282832647266,0.6326106650247805,-0.7993674938537141,0.32113513653001863,-0.7727688415355063,-0.15064309242680043,2.3797949753105847,-0.8775111622043715,-0.3687637902528508,-0.5731921693416263,1.3864901546010127,-0.06172586219167556,2,0,0,0,0.6666666666666666,0.5793801642856949,False,0,0.0
guatemala,guatemala_2757,-1.1690956482681047,-1.1615383419683167,-1.0894063429134349e-15,-0.2848361340305348,-0.8916946156341933,0.6128001078486104,-0.6406117541436054,-0.04189151576075955,-1.2491817828230454,-1.3456998295056528,-0.6406117541436054,-0.2735147165104463,-0.6432543276936803,-0.38160459492849624,-0.6406117541436054,-0.041891515767540875,-1.0924349112745924,-0.6182071054679678,-1.4738512212991346,1.518029186798592,1.5251980826091789,-0.008319086899008135,1.4061575042181391,0.5790024156847068,-0.12422278683017399,-0.15064309242680043,2.3797949753105847,-0.8775111622043715,-0.3687637902528508,-0.5731921693416263,-0.7212456552118893,-0.06172586219167556,0,0,0,0,1.0,-0.0,False,0,0.0
guatemala,guatemala_2758,0.44562301584187464,0.43016405536437863,-1.0894063429134349e-15,-0.7013215251729767,-1.3202254696689617,0.6125331787682406,-0.6406117541436054,-0.04189151576075955,-1.262270001481884,-1.5871942157531227,-0.6406117541436054,-0.7203642713061097,-0.6432543276936803,-0.7574664130113048,-0.6406117541436054,-0.041891515767540875,-1.3086322803142318,-0.6179381787047004,-1.6477245960604654,1.7534576144778178,1.7281475653731042,0.02497442422104243,1.366509232614347,0.6191428573889851,-0.7095877488366895,-0.15064309242680043,-0.4202042656508556,-0.8775111622043715,-0.3687637902528508,-0.5731921693416263,-0.7212456552118893,-0.06172586219167556,2,2,2,2,1.0,-0.0,False,2,2.0
guatemala,guatemala_2759,0.44562301584187464,0.43016405536437863,-1.0894063429134349e-15,1.863806354813013,-1.3359973265261915,-1.6426371836441598,1.6703761374547899,-0.04189151576075955,-1.2622700022706088,-1.4562364494389881,1.6703761374547899,1.8493927385763114,1.769035214551231,1.5415106736212671,1.6703761374547899,-0.041891515767540875,-1.7075669585432152,1.5303539553327723,-1.7585004388865264,1.6187847577849277,1.7220105887300583,-1.00098145501748,1.4914866326635632,1.5372668475838487,1.319365050482438,-0.15064309242680043,-0.4202042656508556,-0.8775111622043715,-0.3687637902528508,-0.5731921693416263,-0.7212456552118893,-0.06172586219167556,2,2,2,2,1.0,-0.0,False,2,2.0
guatemala,guatemala_2761,0.44562301584187464,0.43016405536437863,-1.0894063429134349e-15,-0.4728479884613984,-0.6347120899314118,0.6128001041264466,-0.6406117541436054,-0.04189151576075955,-1.3004758453740952,-1.9523349245386152,-0.6406117541436054,-0.26870959379152953,-0.6432543276936803,-0.5070036820677852,-0.6406117541436054,-0.041891515767540875,-1.6588443090097849,-0.6182071005391157,-1.9064809637400861,2.065136609101853,2.078601514222493,0.050223941444356414,1.4358960881648708,0.23450402712936402,1.5710083216976172,-0.15064309242680043,-0.4202042656508556,-0.8775111622043715,-0.3687637902528508,-0.5731921693416263,-0.7212456552118893,-0.06172586219167556,2,2,2,2,1.0,-0.0,False,2,2.0
guatemala,guatemala_2762,-1.1690956482681047,-1.1615383419683167,-1.0894063429134349e-15,-0.7527611162062717,-0.4958434975987476,0.6128001072109757,-0.6406117541436054,-0.04189151576075955,-1.3076691434486991,-0.9118622747565647,-0.6406117541436054,-0.757966567889914,-0.6432543276936803,-0.7927713090297893,-0.6406117541436054,-0.041891515767540875,-0.5641764108896238,-0.6182071043665602,-1.0083984195816864,1.1291100882537461,1.0590166401624412,-0.9955866530351852,1.4921160319633464,-0.6346567873663098,1.6400207858494016,-0.15064309242680043,-0.4202042656508556,1.139586643533865,-0.3687637902528508,-0.5731921693416263,-0.7212456552118893,-0.06172586219167556,0,0,0,0,1.0,-0.0,False,0,0.0
guatemala,guatemala_2763,-1.1690956482681047,-1.1615383419683167,-1.0894063429134349e-15,1.636603540784295,-0.9945405596457352,-1.6669142510390529,1.6735317724502903,-0.04189151576075955,-1.307669142743154,-1.273282158609254,1.6735317724502903,1.6830653258745654,1.7453229310810214,1.157573311729151,1.6735317724502903,-0.041891515767540875,-1.6096779246991608,1.5523190091402854,-1.606901475125953,1.4173583445021456,1.5124814796640516,-0.5179496638823324,1.4510512487497695,1.247734319879043,-0.00884356770137891,-0.15064309242680043,-0.4202042656508556,-0.8775111622043715,-0.3687637902528508,-0.5731921693416263,-0.7212456552118893,-0.06172586219167556,0,0,0,0,1.0,-0.0,False,0,0.0
guatemala,guatemala_2764,0.44562301584187464,0.43016405536437863,-1.0894063429134349e-15,0.7771013243241812,0.47610505581987056,-1.0662664821961925,1.3021951258037268,-0.04189151576075955,-1.2753979762565542,1.158812740218261,1.3021951258037268,0.7763130644784103,1.7819638938051738,1.1227246574077443,1.3021951258037268,-0.041891515767540875,0.38053234631488503,1.004279031329976,1.1429353431217482,-1.5174659683547993,-1.1987173493288552,1.0084077243829328,0.20311113451408355,0.988155299545001,1.266431273287396,-0.15064309242680043,-0.4202042656508556,-0.8775111622043715,2.711762994176452,-0.5731921693416263,-0.7212456552118893,-0.06172586219167556,2,2,2,2,1.0,-0.0,False,2,2.0
guatemala,guatemala_2765,-1.1690956482681047,-1.1615383419683167,-1.0894063429134349e-15,0.1653537292176134,0.86686242115214,-1.871951486711129,1.6325282195637152,-0.04189151576075955,1.1707858128077255,-0.782890075183292,1.6325282195637152,0.9127944906713554,1.695183103142355,0.5794076977347079,1.6325282195637152,-0.041891515767540875,-0.9172607663526527,1.738457182867657,-0.8535387726837879,0.23120010962430979,0.6753005142703781,1.1107751809841016,1.0442127256555542,1.5241314831579842,1.3679471635271687,-0.15064309242680043,-0.4202042656508556,1.139586643533865,-0.3687637902528508,-0.5731921693416263,-0.7212456552118893,-0.06172586219167556,0,0,2,0,0.6666666666666666,0.5793801642856949,False,2,2.0
guatemala,guatemala_2767,0.44562301584187464,0.43016405536437863,-1.0894063429134349e-15,-0.5928857383218086,-0.17804785029345832,0.599549508069759,-0.6406117541436054,-0.04189151576075955,1.1706808102934907,-0.32924084098729517,-0.6406117541436054,-0.5934540342505563,-0.6432543276936803,-0.6363490335323088,-0.6406117541436054,-0.041891515767540875,0.08689125021827711,-0.6048617864733564,-0.3552823351658521,0.5608707810210474,0.4987116823850964,-0.8324710827107161,1.4773713137251172,0.7504398684185155,0.265125648346411,-0.15064309242680043,2.3797949753105847,-0.8775111622043715,-0.3687637902528508,-0.5731921693416263,-0.7212456552118893,-0.06172586219167556,2,2,2,2,1.0,-0.0,False,2,2.0
guatemala,guatemala_2768,-1.1690956482681047,-1.1615383419683167,-1.0894063429134349e-15,-0.7793322982122115,0.021814676163189148,0.6128001078486104,-0.6406117541436054,-0.04189151576075955,1.1536077102279543,-0.4578480211010911,-0.6406117541436054,-0.7837193746630222,-0.6432543276936803,-0.8012043274753822,-0.6406117541436054,-0.041891515767540875,-0.0831784320994517,-0.6182071054679752,-0.508243620451461,0.6705896402808195,0.6187849041273212,-1.1489620470240527,1.5002984695216652,-0.879425004449331,1.625840832868882,-0.15064309242680043,-0.4202042656508556,1.139586643533865,-0.3687637902528508,-0.5731921693416263,-0.7212456552118893,-0.06172586219167556,2,0,2,2,0.6666666666666666,0.5793801642856949,False,2,2.0
guatemala,guatemala_2769,-1.1690956482681047,-1.1615383419683167,-1.0894063429134349e-15,-0.7817467229998213,-0.17576648229112243,0.6128001078486104,-0.6406117541436054,-0.04189151576075955,1.1632246046626231,-0.02087265366284582,-0.6406117541436054,-0.7977724212679013,-0.6432543276936803,-0.7963625802806568,-0.6406117541436054,-0.041891515767540875,0.3669779081755443,-0.618207105467967,0.021063976487861742,0.23012746507554524,0.17436953287983462,-1.1374470752003194,1.4991738723337837,-0.918155103545581,1.6561842249826069,-0.15064309242680043,-0.4202042656508556,1.139586643533865,-0.3687637902528508,-0.5731921693416263,-0.7212456552118893,-0.06172586219167556,2,2,2,2,1.0,-0.0,False,2,2.0
guatemala,guatemala_2770,-1.1690956482681047,-1.1615383419683167,-1.0894063429134349e-15,-0.27323167141488325,-1.3723321007012204,0.6128001078486104,-0.6406117541436054,-0.04189151576075955,-1.2857124090562835,-0.7624761188912614,-0.6406117541436054,-0.4727284592659872,-0.6432543276936803,-0.5117658525385397,-0.6406117541436054,-0.041891515767540875,-0.4457355263564055,-0.6182071054679752,-0.892732453419011,0.9527414764807126,0.9526497412067121,0.796089900368023,1.1031914839608068,0.8236736674182712,1.2358672330698754,-0.15064309242680043,2.3797949753105847,-0.8775111622043715,-0.3687637902528508,-0.5731921693416263,-0.7212456552118893,-0.06172586219167556,0,0,0,0,1.0,-0.0,False,0,0.0
guatemala,guatemala_2771,-1.1690956482681047,-1.1615383419683167,-1.0894063429134349e-15,1.9715048449471666,-1.3769322025918114,-1.10830271019004,1.690512233588728,-0.04189151576075955,-1.2857199292022399,-1.210898931473906,1.690512233588728,1.9352465621004207,1.6354313433515086,1.8392212374538643,1.690512233588728,-0.041891515767540875,-1.5609290677582366,1.0430991636987037,-1.4453064253217207,1.403660458080087,1.404928323185183,1.5710523013342645,0.3149886165039299,0.2129756950990272,1.3452122725501259,-0.15064309242680043,-0.4202042656508556,1.139586643533865,2.711762994176452,-0.5731921693416263,-0.7212456552118893,-0.06172586219167556,0,0,2,0,0.6666666666666666,0.5793801642856949,False,0,2.0
guatemala,guatemala_2772,0.44562301584187464,0.43016405536437863,-1.0894063429134349e-15,-0.08444416020019528,-2.0246748621604387,0.6128001058636126,-0.6406117541436054,-0.04189151576075955,-1.2269296385311126,-0.9738941375463617,-0.6406117541436054,-0.47821312210407113,-0.6432543276936803,-0.5168898295270324,-0.6406117541436054,-0.041891515767540875,-0.6662766071717269,-0.6182071022758269,-1.0989864422185862,1.1658457315785646,1.1430398773553616,-0.5671650901793559,1.4332708090837487,0.24045292461492818,0.05810409197770215,-0.15064309242680043,2.3797949753105847,-0.8775111622043715,-0.3687637902528508,-0.5731921693416263,-0.7212456552118893,-0.06172586219167556,2,2,2,2,1.0,-0.0,False,2,2.0
guatemala,guatemala_2773,-1.1690956482681047,-1.1615383419683167,-1.0894063429134349e-15,-0.07725740320382533,-1.0450558701213615,0.6128001078486104,-0.6406117541436054,-0.04189151576075955,-1.2527156746925736,-1.295726093961497,-0.6406117541436054,-0.12070034406920256,-0.6432543276936803,-0.26564217886931607,-0.6406117541436054,-0.041891515767540875,-1.0576535297091418,-0.6182071054679752,-1.4445135478797373,1.4661267263583422,1.492327509577193,-1.0543339053913994,1.4962869017678455,-0.5177745251385522,1.6286818816664974,-0.15064309242680043,2.3797949753105847,-0.8775111622043715,-0.3687637902528508,-0.5731921693416263,-0.7212456552118893,-0.06172586219167556,0,0,0,0,1.0,-0.0,False,0,0.0
guatemala,guatemala_2774,-1.1690956482681047,-1.1615383419683167,-1.0894063429134349e-15,1.6967800722941033,-0.8585353002324293,-2.139450076979343,1.773105402660283,-0.04189151576075955,-1.2527156744145318,-1.2625246853105478,1.773105402660283,1.8540263882868915,1.3697112920676566,1.5602445675978982,1.773105402660283,-0.041891515767540875,-1.4903967056537342,2.003482283859226,-1.2236925824870457,-0.3070742928897551,0.44138586776414196,1.434653921835249,-0.8783362558105012,1.2503298040477842,-0.774105767559187,-0.15064309242680043,2.3797949753105847,-0.8775111622043715,-0.3687637902528508,-0.5731921693416263,1.3864901546010127,-0.06172586219167556,0,2,2,2,0.6666666666666666,0.5793801642856949,False,2,2.0
guatemala,guatemala_2775,0.44562301584187464,0.43016405536437863,-1.0894063429134349e-15,-0.796981410069009,1.2472128768678727,0.6128001078486104,-0.6406117541436054,-0.04189151576075955,-1.2346165325486909,0.07167269510128449,-0.6406117541436054,-0.7953776082819766,-0.6432543276936803,-0.7987857704213236,-0.6406117541436054,-0.041891515767540875,0.49119840806903226,-0.6182071054679752,0.181679574505859,0.14039303390011906,0.037705641028338184,1.2445189344105398,-0.8783362558105012,-0.4740589292391761,-0.7741047541080265,-0.15064309242680043,2.3797949753105847,-0.8775111622043715,-0.3687637902528508,-0.5731921693416263,1.3864901546010127,-0.06172586219167556,2,2,2,2,1.0,-0.0,False,2,0.0
guatemala,guatemala_2776,0.44562301584187464,0.43016405536437863,-1.0894063429134349e-15,-0.7636209914008206,0.6419829034685637,0.6128001078486104,-0.6406117541436054,-0.04189151576075955,1.1692342237844278,0.6089338357456264,-0.6406117541436054,-0.7704206019631026,-0.6432543276936803,-0.7474263305991303,-0.6406117541436054,-0.041891515767540875,0.9157706458061784,-0.6182071054679752,0.76165875878791,-0.3957336788577666,-0.49939777795613677,1.4043855274239632,0.4979098615090309,-0.9658627637685153,1.4542075552054021,-0.15064309242680043,-0.4202042656508556,1.139586643533865,2.711762994176452,-0.5731921693416263,-0.7212456552118893,-0.06172586219167556,2,2,2,2,1.0,-0.0,False,2,2.0
guatemala,guatemala_2777,0.44562301584187464,0.43016405536437863,-1.0894063429134349e-15,-0.6186027987481773,-0.7646856353407243,0.5806666269488364,-0.6406117541436054,-0.04189151576075955,-1.245624986307052,-0.7858557860667861,-0.6406117541436054,-0.6378814236065722,-0.6432543276936803,-0.7054425153624422,-0.6406117541436054,-0.041891515767540875,-0.42312188325341493,-0.5858582422814528,-0.8721761514974165,1.0067677395241752,0.9371403771386446,0.5014379009912135,0.6108106765193074,1.6153305379172538,1.4626269316651233,-0.15064309242680043,-0.4202042656508556,-0.8775111622043715,2.711762994176452,-0.5731921693416263,-0.7212456552118893,-0.06172586219167556,2,2,2,2,1.0,-0.0,False,2,1.0
guatemala,guatemala_2778,-1.1690956482681047,-1.1615383419683167,-1.0894063429134349e-15,-0.7769668179468502,-1.7093205793258648,0.6128001058576003,-0.6406117541436054,-0.04189151576075955,-1.2870276382130088,-1.5588797224272057,-0.6406117541436054,-0.8000584192473149,-0.6432543276936803,-0.8247512098913641,-0.6406117541436054,-0.041891515767540875,-1.2759462199259088,-0.6182071024641934,-1.6222880534406534,1.729779803480274,1.697245106971367,-0.14803366964113826,1.4039396965406403,1.237635748332922,-0.754161181347808,-0.15064309242680043,-0.4202042656508556,1.139586643533865,-0.3687637902528508,-0.5731921693416263,-0.7212456552118893,-0.06172586219167556,2,0,0,0,0.6666666666666666,0.5793801642856949,False,0,0.0
guatemala,guatemala_2779,0.44562301584187464,0.43016405536437863,-1.0894063429134349e-15,1.3983295922976628,-0.8721200948298982,-1.971910475805982,1.7445389844945733,-0.04189151576075955,-1.226934501135998,-2.0083523374641947,1.7445389844945733,1.897340491552156,1.6730970830412266,1.2586313101624853,1.7445389844945733,-0.041891515767540875,-1.9425573101838485,1.8308073036442352,-1.5966029538856206,1.2939867763094706,1.3761958070399969,0.09137819125647006,1.3918056925680964,-0.19712420829269622,-0.32152783887707054,-0.15064309242680043,2.3797949753105847,-0.8775111622043715,-0.3687637902528508,-0.5731921693416263,-0.7212456552118893,-0.06172586219167556,2,2,2,2,1.0,-0.0,False,2,2.0
guatemala,guatemala_2780,-1.1690956482681047,-1.1615383419683167,-1.0894063429134349e-15,1.9887631626995839,-1.827203432395253,-2.065727527993293,1.7671085426470836,-0.04189151576075955,-1.250863331875812,-1.2849228694065513,1.7671085426470836,1.938462286231606,0.12865851855582103,1.912477511712948,1.7671085426470836,-0.041891515767540875,-1.9303271556892891,1.9210535750424067,-1.8221415842729671,1.4712972395951252,1.532035954945405,1.4533406026405253,-0.70385049940113,-0.5777664170717791,-0.7713272979729244,-0.15064309242680043,2.3797949753105847,-0.8775111622043715,-0.3687637902528508,-0.5731921693416263,1.3864901546010127,-0.06172586219167556,0,0,0,0,1.0,-0.0,False,0,0.0
guatemala,guatemala_2781,-1.1690956482681047,-1.1615383419683167,-1.0894063429134349e-15,-0.7760367357277819,0.7856346595355794,0.6087018423946853,-0.6406117541436054,-0.04189151576075955,1.1692410080355187,0.7960559533431038,-0.6406117541436054,-0.7816716012219047,-0.6432543276936803,-0.7731330954571517,-0.6406117541436054,-0.041891515767540875,1.0360845197371455,-0.614078659953937,0.939469389119314,-0.5698005439489204,-0.6930274872951845,-0.639297940184826,1.4571656069481145,0.38458483000291144,1.6416479049427652,-0.15064309242680043,-0.4202042656508556,1.139586643533865,-0.3687637902528508,-0.5731921693416263,-0.7212456552118893,-0.06172586219167556,2,2,2,2,1.0,-0.0,False,2,2.0
guatemala,guatemala_2782,-1.1690956482681047,-1.1615383419683167,-1.0894063429134349e-15,-0.7392703185279779,1.100591974932662,0.6128001078486104,-0.6406117541436054,-0.04189151576075955,1.1706934550584973,0.6579617175584394,-0.6406117541436054,-0.7193519250299247,-0.6432543276936803,-0.7020181868969434,-0.6406117541436054,-0.041891515767540875,0.9582261546253402,-0.6182071054679752,0.8227695579589163,-0.43031668945471496,-0.5634060658479585,-1.1509660431626414,1.49949285448482,-0.8224146093931703,0.9574740370285748,-0.15064309242680043,2.3797949753105847,-0.8775111622043715,-0.3687637902528508,-0.5731921693416263,-0.7212456552118893,-0.06172586219167556,2,2,2,2,1.0,-0.0,False,2,2.0
guatemala,guatemala_2785,-1.1690956482681047,-1.1615383419683167,-1.0894063429134349e-15,-0.5069206661846949,-0.4408955351056949,0.6128001059615685,-0.6406117541436054,-0.04189151576075955,1.1664939270060204,0.5224551467698859,-0.6406117541436054,-0.6069611090021781,-0.6432543276936803,-0.5493220246888626,-0.6406117541436054,-0.041891515767540875,0.8370448230802602,-0.6182071035668487,0.646640235206899,-0.3529557201852529,-0.3856720634524654,-0.706205167208459,1.4589019391736353,0.7176033966548251,0.9057391830359233,-0.15064309242680043,2.3797949753105847,-0.8775111622043715,-0.3687637902528508,-0.5731921693416263,-0.7212456552118893,-0.06172586219167556,2,2,2,2,1.0,-0.0,False,2,2.0
guatemala,guatemala_2786,-1.1690956482681047,-1.1615383419683167,-1.0894063429134349e-15,-0.6219299755983142,-0.35212658527712026,0.46556017535017546,-0.2614081131458306,-0.04189151576075955,1.1763247087855002,-0.008929414102511243,-0.2614081131458306,-0.6527489362904851,1.8698038220644617,-0.6649471582343175,-0.2614081131458306,-0.041891515767540875,0.3907884963757985,-0.47038168744198505,0.05105360135413342,0.22586006043124107,0.1502925277662595,0.5860002153188103,1.3100644893006006,-0.33625144372764304,1.5463743237294099,-0.15064309242680043,-0.4202042656508556,-0.8775111622043715,-0.3687637902528508,-0.5731921693416263,-0.7212456552118893,-0.06172586219167556,2,2,2,2,1.0,-0.0,False,2,2.0
guatemala,guatemala_2787,1.0864765235749796,1.1108418934556599,-1.0894063429134349e-15,0.4317191702648444,-1.5657082358532635,0.612800102638632,-0.6406117541436054,-0.04189151576075955,1.1993646669303784,-1.9251834888130241,-0.6406117541436054,0.43947799050055414,-0.6432543276936803,0.0008687295827955073,-0.6406117541436054,-0.041891515767540875,-1.6524352198930603,-0.6182070990615357,-1.9014670025574278,2.037128533112677,2.0704573851363377,-0.3047604681099343,1.4399850936850356,1.2495444966773266,-0.01990781561821434,-0.15064309242680043,-0.4202042656508556,1.139586643533865,-0.3687637902528508,-0.5731921693416263,-0.7212456552118893,-0.06172586219167556,1,2,2,2,0.6666666666666666,0.5793801642856949,False,2,2.0
guatemala,guatemala_2788,-1.1690956482681047,-1.1615383419683167,-1.0894063429134349e-15,-0.7907964085588213,-0.8106387675319227,0.6128001078486104,-0.6406117541436054,-0.04189151576075955,1.179083277954435,-0.9579806787942624,-0.6406117541436054,-0.805453205636567,-0.6432543276936803,-0.8201112733965749,-0.6406117541436054,-0.041891515767540875,-0.6025278570835636,-0.6182071054679752,-1.0398505232147823,1.1708265155135351,1.0880979191459974,-1.2079446431049474,1.5038678555578844,-0.1976652743848491,1.6149067781335897,-0.15064309242680043,-0.4202042656508556,1.139586643533865,-0.3687637902528508,-0.5731921693416263,-0.7212456552118893,-0.06172586219167556,2,2,2,2,1.0,-0.0,False,2,2.0
guatemala,guatemala_2789,-1.1690956482681047,-1.1615383419683167,-1.0894063429134349e-15,1.39471265222794,-0.41286452598321316,-2.1465513494813386,1.7675122954805098,-0.04189151576075955,1.179076481296072,-1.5545514483205372,1.7675122954805098,1.8797495747395834,1.3087207776530425,1.4968391572367172,1.7675122954805098,-0.041891515767540875,-1.8082640835273374,2.0159902667539704,-1.584675415881139,0.25920829156896286,0.8931336232658627,1.700087853914908,0.34188884103233247,0.42848268504014203,1.3640316092639124,-0.15064309242680043,-0.4202042656508556,1.139586643533865,2.711762994176452,-0.5731921693416263,-0.7212456552118893,-0.06172586219167556,0,0,2,0,0.6666666666666666,0.5793801642856949,False,2,0.0
guatemala,guatemala_2790,-1.1690956482681047,-1.1615383419683167,-1.0894063429134349e-15,1.6097595055905958,-0.13764186409780008,-2.0107738816309633,1.7245362240052775,-0.04189151576075955,-1.2920961027308093,0.36977976251558115,1.7245362240052775,1.7934267778682296,1.446983070800955,1.7484409757550172,1.7245362240052775,-0.041891515767540875,-1.7432016807768023,1.9907031117160858,-0.8979961863245262,-0.38250203624745327,0.05909635463202942,-0.10459687265519405,1.2950004005948434,1.3329833417403831,-0.6532217606880996,-0.15064309242680043,2.3797949753105847,-0.8775111622043715,-0.3687637902528508,-0.5731921693416263,-0.7212456552118893,-0.06172586219167556,0,0,2,0,0.6666666666666666,0.5793801642856949,False,2,2.0
guatemala,guatemala_2791,-1.1690956482681047,-1.1615383419683167,-1.0894063429134349e-15,-0.5475926221712981,-1.4027558399327154,0.6128001078486104,-0.6406117541436054,-0.04189151576075955,-1.2916002452605306,-1.0382147475550263,-0.6406117541436054,-0.6411525539218863,-0.6432543276936803,-0.6629721562924015,-0.6406117541436054,-0.041891515767540875,-0.7382637844945709,-0.6182071054679752,-1.1675935474980623,1.2382832424776968,1.2096612630930799,0.20455164941858167,1.356003450344802,-0.2694193366537689,-0.5020306926209425,-0.15064309242680043,-0.4202042656508556,1.139586643533865,-0.3687637902528508,-0.5731921693416263,-0.7212456552118893,-0.06172586219167556,2,0,0,0,0.6666666666666666,0.5793801642856949,False,0,2.0
guatemala,guatemala_2850,0.44562301584187464,0.43016405536437863,-1.0894063429134349e-15,-0.6472141689852263,-0.7813336572282299,-0.3433666965457195,0.22902755981240056,-0.04189151576075955,-1.7784817256722227,-1.790908791548039,0.22902755981240056,-0.5884120935563913,1.8659638271229264,-0.7369394753649422,0.22902755981240056,-0.041891515767540875,-1.523969652037202,0.3229889241429059,-1.8065901566041083,1.9220721895982198,1.9260409529856821,1.2947483092462695,1.1309921642303242,1.5753738989098631,1.2438153000192145,-0.15064309242680043,-0.4202042656508556,1.139586643533865,-0.3687637902528508,-0.5731921693416263,-0.7212456552118893,-0.06172586219167556,2,2,1,2,0.6666666666666666,0.5793801642856949,False,2,1.0
guatemala,guatemala_2792,-1.1690956482681047,-1.1615383419683167,-1.0894063429134349e-15,1.5666328316322906,0.012551410533137634,-2.13842323618809,1.7809242605984534,-0.04189151576075955,-1.0754940877361927,-0.11869894848949655,1.7809242605984534,1.8561659106296737,1.3881200140169676,1.6758412298612333,1.7809242605984534,-0.041891515767540875,-1.3454588681495685,2.0019862431864257,-1.089344139363726,-0.5013408084343175,0.33925010170718,0.19570548296307227,-0.8783362558105012,1.154361211065274,-0.7741039642997708,-0.15064309242680043,-0.4202042656508556,1.139586643533865,-0.3687637902528508,-0.5731921693416263,1.3864901546010127,-0.06172586219167556,2,2,2,2,1.0,-0.0,False,2,0.0
guatemala,guatemala_2793,-1.1690956482681047,-1.1615383419683167,-1.0894063429134349e-15,0.2296624841875236,-1.4679739887928456,0.6128001074281102,-0.6406117541436054,-0.04189151576075955,-1.2705836353936053,-1.0237583964060317,-0.6406117541436054,-0.07836862119505968,-0.6432543276936803,-0.18441708700883314,-0.6406117541436054,-0.041891515767540875,-0.7854092446445001,-0.6182071050443354,-1.20684808354894,1.189972869350231,1.2446254365482792,-0.2694737370950166,1.4382570406560378,0.9104579467524655,1.4699846347083911,-0.15064309242680043,-0.4202042656508556,1.139586643533865,-0.3687637902528508,-0.5731921693416263,-0.7212456552118893,-0.06172586219167556,0,0,0,0,1.0,-0.0,False,0,0.0
guatemala,guatemala_2794,-1.1690956482681047,-1.1615383419683167,-1.0894063429134349e-15,1.9553910484672732,-1.515822133118774,-1.6914126644003864,1.7544180673030565,-0.04189151576075955,-1.3272497261717753,-1.4706388609665761,1.7544180673030565,1.923911097022498,1.6521169716933177,1.769773951976161,1.7544180673030565,-0.041891515767540875,-1.7713012233568481,1.5744861893713016,-1.7301736279630897,1.5721720449882397,1.6567355681798508,0.2878835968767416,1.3994685977019763,0.5149852925027375,1.5393923298846823,-0.15064309242680043,2.3797949753105847,-0.8775111622043715,-0.3687637902528508,-0.5731921693416263,-0.7212456552118893,-0.06172586219167556,0,0,0,0,1.0,-0.0,False,0,0.0
guatemala,guatemala_2795,-1.1690956482681047,-1.1615383419683167,-1.0894063429134349e-15,0.5189893243669924,-1.5010532483154033,0.6128001078486104,-0.6406117541436054,-0.04189151576075955,-1.2915970219928727,-1.3398721705894887,-0.6406117541436054,0.26004937846268283,-0.6432543276936803,0.05110241416895126,-0.6406117541436054,-0.041891515767540875,-1.12646600045178,-0.6182071054679752,-1.5002854489931368,1.4980140694862365,1.5526328109008256,-0.18227177997330457,1.443644262926442,-0.39853328002253324,1.642283937178856,-0.15064309242680043,-0.4202042656508556,1.139586643533865,-0.3687637902528508,-0.5731921693416263,-0.7212456552118893,-0.06172586219167556,0,0,0,0,1.0,-0.0,False,0,0.0
guatemala,guatemala_2796,0.44562301584187464,0.43016405536437863,-1.0894063429134349e-15,-0.6960564153043387,0.6735485529738023,0.6128001078486104,-0.6406117541436054,-0.04189151576075955,-1.2956443739922332,1.565057555400124,-0.6406117541436054,-0.7161188511638854,-0.6432543276936803,-0.6566577720487407,-0.6406117541436054,-0.041891515767540875,1.3374689397864006,-0.6182071054679752,1.4074579358080321,-1.3111978515230698,-1.4898260183491485,1.3439866084692662,0.5247501023979214,-0.813055558528711,1.4694620012120079,-0.15064309242680043,2.3797949753105847,-0.8775111622043715,2.711762994176452,-0.5731921693416263,-0.7212456552118893,-0.06172586219167556,2,2,2,2,1.0,-0.0,False,2,2.0
guatemala,guatemala_2797,-1.1690956482681047,-1.1615383419683167,-1.0894063429134349e-15,-0.6504598132699662,0.5531947548282753,0.6128001078486104,-0.6406117541436054,-0.04189151576075955,-1.2915729860266265,0.4776506995683996,-0.6406117541436054,-0.6456253161321608,-0.6432543276936803,-0.6034754021534469,-0.6406117541436054,-0.041891515767540875,0.7994139914566648,-0.6182071054679752,0.6011502023826386,-0.316564350544876,-0.34361024906263815,0.5254685593706951,1.3364702512836164,-0.44785765351843143,1.5973498036174922,-0.15064309242680043,-0.4202042656508556,1.139586643533865,-0.3687637902528508,-0.5731921693416263,-0.7212456552118893,-0.06172586219167556,0,0,0,0,1.0,-0.0,False,0,0.0
guatemala,guatemala_2798,-1.1690956482681047,-1.1615383419683167,-1.0894063429134349e-15,1.6269450312027127,-0.9338790191843438,-0.8188847787850728,1.422957131580162,-0.04189151576075955,-1.2679573869314955,-1.6132643561850772,1.422957131580162,1.7610702192562429,1.8627127010207623,1.5360703297942675,1.422957131580162,-0.041891515767540875,-1.60022438546976,0.7740880954547271,-1.810006905458917,1.7356927057934084,1.908312271425768,0.7323600942535934,1.3271796899765709,0.2965450626770745,1.3168381741602118,-0.15064309242680043,-0.4202042656508556,1.139586643533865,-0.3687637902528508,-0.5731921693416263,-0.7212456552118893,-0.06172586219167556,0,0,0,0,1.0,-0.0,False,0,0.0
guatemala,guatemala_2800,-1.1690956482681047,-1.1615383419683167,-1.0894063429134349e-15,-0.6391049406323864,-1.2710308773410537,0.6128001078486104,-0.6406117541436054,-0.04189151576075955,-1.3747710861758515,-2.194329103426894,-0.6406117541436054,-0.5720589917824122,-0.6432543276936803,-0.7044998311565552,-0.6406117541436054,-0.041891515767540875,-1.8362044315599764,-0.6182071054679665,-2.0296887230366636,2.2637965353041283,2.278217327803641,2.1490490843901076,-0.8783362558105012,-0.8124415412523527,-0.7741057948165241,-0.15064309242680043,-0.4202042656508556,1.139586643533865,-0.3687637902528508,-0.5731921693416263,1.3864901546010127,-0.06172586219167556,2,2,2,2,1.0,-0.0,False,2,0.0
guatemala,guatemala_2801,-1.1690956482681047,-1.1615383419683167,-1.0894063429134349e-15,1.9340352735321598,-1.1505500334088192,-1.13840957714827,1.381888208438531,-0.04189151576075955,-1.3747797756706313,-1.8161844806029046,1.381888208438531,1.952454938593198,1.1266505604821624,1.8752052971521207,1.381888208438531,-0.041891515767540875,-1.7122239383375373,1.2755960143648992,-1.7904144749822035,1.9465748378462981,1.8867134125777631,-0.47548093894804727,1.4705683040795694,-0.4772450348729413,1.6449029844081478,-0.15064309242680043,-0.4202042656508556,1.139586643533865,-0.3687637902528508,-0.5731921693416263,-0.7212456552118893,-0.06172586219167556,0,0,0,0,1.0,-0.0,False,0,0.0
guatemala,guatemala_2803,-1.1690956482681047,-1.1615383419683167,-1.0894063429134349e-15,0.13685107427927726,0.14371049318368873,0.6128001078486104,-0.6406117541436054,-0.04189151576075955,-1.3102539506099435,0.6582224964385542,-0.6406117541436054,0.05810531331397115,-0.6432543276936803,0.2559947161890953,-0.6406117541436054,-0.041891515767540875,1.2183423387861019,-0.6182071054679752,0.8282655059905982,-0.43289447992480706,-0.5407901140288306,1.1907405718264865,0.2532843901403515,0.7824394137016978,1.3054536203769167,-0.15064309242680043,-0.4202042656508556,1.139586643533865,2.711762994176452,-0.5731921693416263,-0.7212456552118893,-0.06172586219167556,2,0,0,0,0.6666666666666666,0.5793801642856949,False,0,2.0
guatemala,guatemala_2804,-1.1690956482681047,-1.1615383419683167,-1.0894063429134349e-15,1.7022107101720279,-0.052089130788905966,0.6128001078486104,-0.6406117541436054,23.870225151822577,-1.3171287864422525,0.8181883626565029,-0.6406117541436054,1.6041407307011657,-0.6432543276936803,1.862972809878372,-0.6406117541436054,23.871182237857724,1.048250393953099,-0.6182071054679897,0.10230492610698431,-0.5845486210060039,-0.7185023325697998,0.6741178103526699,1.3062857130298922,-0.7837031204141705,1.5952910968264422,-0.15064309242680043,-0.4202042656508556,1.139586643533865,-0.3687637902528508,-0.5731921693416263,-0.7212456552118893,-0.06172586219167556,0,0,0,0,1.0,-0.0,False,0,0.0
guatemala,guatemala_2805,0.44562301584187464,0.43016405536437863,-1.0894063429134349e-15,-0.6518384448283555,-0.5353790462782309,0.6128001053999015,-0.6406117541436054,-0.04189151576075955,-1.31507291424504,-0.5019670914796286,-0.6406117541436054,-0.6588466044057598,-0.6432543276936803,-0.6995232446317462,-0.6406117541436054,-0.041891515767540875,-0.11552354113770319,-0.6182071025072833,-0.5432386926708885,0.7153148080353043,0.6484422129742043,0.303667737584062,1.3446629537268868,1.2274277647452532,1.5604905201930703,-0.15064309242680043,-0.4202042656508556,1.139586643533865,-0.3687637902528508,-0.5731921693416263,-0.7212456552118893,-0.06172586219167556,2,2,1,2,0.6666666666666666,0.5793801642856949,False,2,1.0
guatemala,guatemala_2806,-1.1690956482681047,-1.1615383419683167,-1.0894063429134349e-15,1.181052508736659,-0.6484198908883241,-1.6660402356127524,1.591743655246279,-0.04189151576075955,-1.2679630464754212,-1.175882632996832,1.591743655246279,1.3759586085890654,1.7971385544702363,0.7245624259856196,1.591743655246279,-0.041891515767540875,-1.5406020854697604,1.5515282209270573,-1.5764378742084724,1.3683798025226825,1.4743284678991788,0.08132439048289346,1.3910334704084826,0.25055594052339064,-0.4206461262131541,-0.15064309242680043,-0.4202042656508556,1.139586643533865,-0.3687637902528508,-0.5731921693416263,-0.7212456552118893,-0.06172586219167556,0,0,0,0,1.0,-0.0,False,0,0.0
guatemala,guatemala_2807,-1.1690956482681047,-1.1615383419683167,-1.0894063429134349e-15,1.6444566898030601,-0.8763328711101673,-1.886952511944941,1.7078715142158751,-0.04189151576075955,-1.2607456844817917,-0.9683822630151454,1.7078715142158751,1.657203100157212,1.7010014807384417,1.2531310045598447,1.7078715142158751,-0.041891515767540875,-1.5960048342531477,1.7521960308171307,-1.4996533409912307,1.180259244558369,1.270286827599678,-1.1216486634699252,1.4974271301598185,1.594272307590394,0.14832500420172032,-0.15064309242680043,-0.4202042656508556,1.139586643533865,-0.3687637902528508,-0.5731921693416263,-0.7212456552118893,-0.06172586219167556,0,0,0,0,1.0,-0.0,False,0,0.0
guatemala,guatemala_2808,-1.1690956482681047,-1.1615383419683167,-1.0894063429134349e-15,0.7697667198836567,-0.6710056910469296,0.6128001056460363,-0.6406117541436054,-0.04189151576075955,1.1961726828688166,0.577715520027713,-0.6406117541436054,0.3287097090332123,-0.6432543276936803,0.6168278996369025,-0.6406117541436054,-0.041891515767540875,1.2645717938104246,-0.6182071032489662,0.7980257470022362,-0.34719290592426466,-0.49708427396742416,1.2958958964397385,0.4625820739175253,0.508467691505287,1.4324941398405084,-0.15064309242680043,-0.4202042656508556,1.139586643533865,2.711762994176452,-0.5731921693416263,-0.7212456552118893,-0.06172586219167556,2,0,0,0,0.6666666666666666,0.5793801642856949,False,0,0.0
guatemala,guatemala_2809,0.44562301584187464,0.43016405536437863,-1.0894063429134349e-15,-0.8016918502861964,1.3772194131970041,0.6128001078486104,-0.6406117541436054,-0.04189151576075955,-1.3660971939669693,-0.07280331510684304,-0.6406117541436054,-0.7945784019005988,-0.6432543276936803,-0.80411374384408,-0.6406117541436054,-0.041891515767540875,0.3413354750681865,-0.6182071054679834,-0.01145403028469029,0.3063503692261706,0.20229033580725908,-1.1974558211746933,1.5030797735270875,-0.8116421520766502,0.6594545125646679,-0.15064309242680043,-0.4202042656508556,-0.8775111622043715,-0.3687637902528508,-0.5731921693416263,-0.7212456552118893,-0.06172586219167556,2,2,2,2,1.0,-0.0,False,2,2.0
guatemala,guatemala_2810,-1.1690956482681047,-1.1615383419683167,-1.0894063429134349e-15,-0.7751172511668416,0.15887303411971596,0.5814423780180972,-0.6406117541436054,-0.04189151576075955,-1.3732113871646003,-0.31748265372814394,-0.6406117541436054,-0.7805608612817143,-0.6432543276936803,-0.7916104662876382,-0.6406117541436054,-0.041891515767540875,0.02917359889784353,-0.5866386198525227,-0.37671609760573527,0.49872643201316663,0.5056741010656934,0.5261069986311231,1.3330807195980845,1.1889120196796545,1.562397784506376,-0.15064309242680043,-0.4202042656508556,1.139586643533865,-0.3687637902528508,-0.5731921693416263,-0.7212456552118893,-0.06172586219167556,2,0,0,0,0.6666666666666666,0.5793801642856949,False,0,0.0
guatemala,guatemala_2811,0.44562301584187464,0.43016405536437863,-1.0894063429134349e-15,-0.011039747349604513,0.10420323565106053,0.6128001078486104,-0.6406117541436054,-0.04189151576075955,-1.3321718350759448,-1.5918224941157464,-0.6406117541436054,0.5082058047718123,-0.6432543276936803,0.2290568555747376,-0.6406117541436054,-0.041891515767540875,-1.41696225891625,-0.6182071054679752,-1.7264929262084823,1.722118090762907,1.8223810044087563,-0.9217585754269554,1.4906635086652138,-0.5929984535172586,1.6510223982377024,-0.15064309242680043,2.3797949753105847,-0.8775111622043715,-0.3687637902528508,-0.5731921693416263,-0.7212456552118893,-0.06172586219167556,2,2,2,2,1.0,-0.0,False,2,2.0
guatemala,guatemala_2812,-1.1690956482681047,-1.1615383419683167,-1.0894063429134349e-15,1.6413239187051005,-1.2668178494431004,-1.4781362204355555,1.6379787651057671,-0.04189151576075955,-1.085993832780677,-1.696418256234994,1.6379787651057671,1.7221955524697774,1.8120118392277416,1.0647739360908566,1.6379787651057671,-0.041891515767540875,-1.7512425463731447,1.3813344234775526,-1.8470622721389918,1.8505617849812415,1.8902930447610748,1.2469179859773305,1.1611650533437585,1.3108308091582148,1.2801298809074564,-0.15064309242680043,-0.4202042656508556,1.139586643533865,-0.3687637902528508,-0.5731921693416263,-0.7212456552118893,-0.06172586219167556,0,0,0,0,1.0,-0.0,False,0,0.0
guatemala,guatemala_2813,-1.1690956482681047,-1.1615383419683167,-1.0894063429134349e-15,0.368859469669313,-0.6748401339484151,-1.3699086312728328,1.645908910605798,-0.04189151576075955,-1.3321792016627172,-1.5388667797558429,1.645908910605798,0.8518048429056716,1.8058911450288013,0.21028236447059656,1.645908910605798,-0.041891515767540875,-1.814420278990782,1.7241585277109293,-1.7714714780793648,1.6631966974434043,1.8182606759062763,-0.05640206964702682,1.3696375846462137,1.159474616029186,1.5239096912437662,-0.15064309242680043,2.3797949753105847,-0.8775111622043715,-0.3687637902528508,-0.5731921693416263,-0.7212456552118893,-0.06172586219167556,0,0,0,0,1.0,-0.0,False,0,0.0
guatemala,guatemala_2814,-1.1690956482681047,-1.1615383419683167,-1.0894063429134349e-15,-0.7175926076019686,0.2721543584970412,0.6128001078486104,-0.6406117541436054,-0.04189151576075955,-1.253699006864375,-0.3253575606903733,-0.6406117541436054,-0.6961920242568795,-0.6432543276936803,-0.7229122881903064,-0.6406117541436054,-0.041891515767540875,0.03903708482479809,-0.6182071054679851,-0.36597314647446577,0.5052214544422111,0.4968050835761548,0.5538193773069017,1.1846787651073738,1.5995324672370275,-0.31012813135909917,-0.15064309242680043,-0.4202042656508556,-0.8775111622043715,-0.3687637902528508,-0.5731921693416263,-0.7212456552118893,-0.06172586219167556,2,0,1,0,0.3333333333333333,0.9999999999999998,True,2,1.0
guatemala,guatemala_2815,-1.1690956482681047,-1.1615383419683167,-1.0894063429134349e-15,-0.7534942176092169,1.6938032533938732,0.6128001078486104,-0.6406117541436054,-0.04189151576075955,-1.1222336542073983,0.8746195641387573,-0.6406117541436054,-0.7250952432227131,-0.6432543276936803,-0.6785052510284592,-0.6406117541436054,-0.041891515767540875,1.1604785202712555,-0.6182071054679752,1.0812866061919848,-0.6407900978242753,-0.8563183248048908,-0.2360392856583661,1.3728556912610295,1.4982848511326332,-0.6539601406947477,-0.15064309242680043,-0.4202042656508556,1.139586643533865,-0.3687637902528508,-0.5731921693416263,-0.7212456552118893,-0.06172586219167556,2,0,0,0,0.6666666666666666,0.5793801642856949,False,0,0.0
guatemala,guatemala_2816,-1.1690956482681047,-1.1615383419683167,-1.0894063429134349e-15,1.2322914811212258,-0.7255465418399303,-1.7760599621858515,1.624676542507911,-0.04189151576075955,-1.1075677214383248,-1.6074606126887507,1.624676542507911,1.6875045940207518,1.7148864393070014,1.039230962345565,1.624676542507911,-0.041891515767540875,-1.676360699955338,1.7173611159126618,-1.466862816289353,1.1935872927211013,1.4061063014991988,1.479910183420984,0.7947939538419081,1.2770937403706073,1.1833828723047632,-0.15064309242680043,2.3797949753105847,-0.8775111622043715,2.711762994176452,-0.5731921693416263,-0.7212456552118893,-0.06172586219167556,0,0,1,0,0.6666666666666666,0.5793801642856949,False,0,1.0
guatemala,guatemala_2818,0.44562301584187464,0.43016405536437863,-1.0894063429134349e-15,-0.6114553353931582,-1.5141002654198474,0.6128001078486104,-0.6406117541436054,-0.04189151576075955,-1.2356851880303754,0.18798328041807688,-0.6406117541436054,-0.7373258520134631,-0.6432543276936803,-0.7372205043419997,-0.6406117541436054,-0.041891515767540875,0.5930454932613,-0.6182071054679752,0.31402773247748295,0.02489652537800438,-0.0774146592047441,0.636641029101935,0.9434919380441432,1.169625490886745,-0.6569680546864826,-0.15064309242680043,-0.4202042656508556,-0.8775111622043715,-0.3687637902528508,-0.5731921693416263,1.3864901546010127,-0.06172586219167556,2,2,2,2,1.0,-0.0,False,2,0.0
guatemala,guatemala_2819,-1.1690956482681047,-1.1615383419683167,-1.0894063429134349e-15,-0.7711520913423152,1.6701873664558147,0.6128001078486104,-0.6406117541436054,-0.04189151576075955,-1.2356920326568457,0.07068391444239543,-0.6406117541436054,-0.7251642961188575,-0.6432543276936803,-0.7311762110702447,-0.6406117541436054,-0.041891515767540875,0.5097324179129604,-0.6182071054679752,0.20550273326486027,0.1615822620966627,0.017404609594050113,1.2496287953650405,-0.8783362558105012,-0.49739198288892944,-0.7741048863374188,-0.15064309242680043,-0.4202042656508556,-0.8775111622043715,-0.3687637902528508,-0.5731921693416263,1.3864901546010127,-0.06172586219167556,2,2,2,2,1.0,-0.0,False,2,2.0
guatemala,guatemala_2820,-1.1690956482681047,-1.1615383419683167,-1.0894063429134349e-15,-0.3536709092515834,-0.8543634949683453,0.5414785481398741,-0.3656085622452431,-0.04189151576075955,1.1723149480071136,-1.1047105775238364,-0.3656085622452431,-0.38294812641846326,1.86985695748062,-0.4579317331698212,-0.3656085622452431,-0.041891515767540875,-0.8477391985192428,-0.5464735592442019,-1.2607690608741244,1.2879485768241596,1.2997930386943932,1.7087356229473039,0.26225372708996697,-0.5381046414616653,1.3002934173849279,-0.15064309242680043,-0.4202042656508556,1.139586643533865,2.711762994176452,-0.5731921693416263,-0.7212456552118893,-0.06172586219167556,0,0,2,0,0.6666666666666666,0.5793801642856949,False,2,2.0
guatemala,guatemala_2821,-1.1690956482681047,-1.1615383419683167,-1.0894063429134349e-15,-0.6981622779037905,-0.30217865769123575,0.6128001078486104,-0.6406117541436054,-0.04189151576075955,-1.229377912526867,-0.019016944101980467,-0.6406117541436054,-0.7139554856884223,-0.6432543276936803,-0.7248953451636397,-0.6406117541436054,-0.041891515767540875,0.3899204077805608,-0.6182071054679752,0.04980966479678058,0.23534601628766494,0.15025195419906373,1.4644370917665261,0.4517000072983983,-0.8299881761107727,1.4262257772857656,-0.15064309242680043,-0.4202042656508556,1.139586643533865,2.711762994176452,-0.5731921693416263,-0.7212456552118893,-0.06172586219167556,0,0,0,0,1.0,-0.0,False,0,0.0
guatemala,guatemala_2851,-1.1690956482681047,-1.1615383419683167,-1.0894063429134349e-15,-0.54218263051839,1.0216490975260946,0.6128001078486104,-0.6406117541436054,-0.04189151576075955,-1.6630572943278519,0.8710221190161176,-0.6406117541436054,-0.492091079794399,-0.6432543276936803,-0.39510389627196296,-0.6406117541436054,-0.041891515767540875,1.099148025029993,-0.6182071054679752,1.0488820609306297,-0.673809827523066,-0.830463193853951,1.3975278204785648,0.5284076307928373,-0.5110328054908881,1.4653318077814856,-0.15064309242680043,2.3797949753105847,-0.8775111622043715,2.711762994176452,-0.5731921693416263,-0.7212456552118893,-0.06172586219167556,0,0,2,0,0.6666666666666666,0.5793801642856949,False,2,2.0
guatemala,guatemala_2822,-1.1690956482681047,-1.1615383419683167,-1.0894063429134349e-15,1.8295652162561866,-0.8152925502196537,-2.132930332920674,1.7322757526195178,-0.04189151576075955,-1.2887383572094986,-1.5245967843256325,1.7322757526195178,1.942032099069585,1.4128457643403054,1.6698840581294137,1.7322757526195178,-0.041891515767540875,-1.726890566059826,1.994488245428359,-1.464242745131795,0.593825385928314,0.8946033201435791,0.9685043685651037,1.2306748874851927,0.8297017854205585,1.4706132376950665,-0.15064309242680043,-0.4202042656508556,1.139586643533865,-0.3687637902528508,-0.5731921693416263,-0.7212456552118893,-0.06172586219167556,0,0,0,0,1.0,-0.0,False,0,0.0
guatemala,guatemala_2824,-1.1690956482681047,-1.1615383419683167,-1.0894063429134349e-15,-0.5744699085654836,0.637312635970997,0.6128001068767803,-0.6406117541436054,-0.04189151576075955,-1.2182447766023792,1.8399305678513616,-0.6406117541436054,-0.614222706107403,-0.6432543276936803,-0.4709840992598421,-0.6406117541436054,-0.041891515767540875,1.366096359168159,-0.6182071044888826,1.4570479892786452,-1.6028043888460402,-1.7995414724613807,0.8326340929144401,1.2418506549617092,-0.8153255176776207,1.5648959993598073,-0.15064309242680043,-0.4202042656508556,1.139586643533865,-0.3687637902528508,-0.5731921693416263,-0.7212456552118893,-0.06172586219167556,0,0,0,0,1.0,-0.0,False,0,0.0
guatemala,guatemala_2825,-1.1690956482681047,-1.1615383419683167,-1.0894063429134349e-15,0.009269231542852356,0.881453147516727,0.6128001078486104,-0.6406117541436054,-0.04189151576075955,1.152878751925046,1.4232441565622258,-0.6406117541436054,0.04118873840526612,-0.6432543276936803,0.4043586826972835,-0.6406117541436054,-0.041891515767540875,1.7096791395236595,-0.6182071054679752,1.3977825703854145,-1.2384115751971159,-1.3186709271240868,1.3551386338675018,0.5152892887353522,-0.5823130984043264,1.4656317895192672,-0.15064309242680043,-0.4202042656508556,1.139586643533865,2.711762994176452,-0.5731921693416263,-0.7212456552118893,-0.06172586219167556,0,0,2,0,0.6666666666666666,0.5793801642856949,False,2,2.0
guatemala,guatemala_2826,-1.1690956482681047,-1.1615383419683167,-1.0894063429134349e-15,-0.6720530881113083,-0.567134698357411,0.6128001047315699,-0.6406117541436054,-0.04189151576075955,-1.2215142450973868,-1.3130811103410238,-0.6406117541436054,-0.6364801780644109,-0.6432543276936803,-0.7364073639025608,-0.6406117541436054,-0.041891515767540875,-0.9969158523052335,-0.6182071023276776,-1.3932566819978494,1.50487403263503,1.438584552634893,0.297488037595984,1.3889786699881714,0.7219738795799395,1.5609005581802848,-0.15064309242680043,2.3797949753105847,-0.8775111622043715,-0.3687637902528508,-0.5731921693416263,-0.7212456552118893,-0.06172586219167556,0,0,0,0,1.0,-0.0,False,0,0.0
guatemala,guatemala_2827,-1.1690956482681047,-1.1615383419683167,-1.0894063429134349e-15,-0.7753114502354741,-0.4964889296064033,0.6073245656464317,-0.6406117541436054,-0.04189151576075955,-1.1459468187114177,-1.082104263254231,-0.6406117541436054,-0.768839003027884,-0.6432543276936803,-0.7992934141779603,-0.6406117541436054,-0.041891515767540875,-0.7301108951019033,-0.6126914167793979,-1.170411550324125,1.2790427693430257,1.214956715752096,1.417658134897457,0.41147459990450147,1.19011499132078,1.3856519350968086,-0.15064309242680043,2.3797949753105847,-0.8775111622043715,2.711762994176452,-0.5731921693416263,-0.7212456552118893,-0.06172586219167556,0,0,2,0,0.6666666666666666,0.5793801642856949,False,2,1.0
guatemala,guatemala_2829,-1.1690956482681047,-1.1615383419683167,-1.0894063429134349e-15,0.3815103420445463,-1.503582709727515,0.6128001052597936,-0.6406117541436054,-0.04189151576075955,-1.2959848320205563,-2.110668432602555,-0.6406117541436054,0.5512478163644382,-0.6432543276936803,0.05767228373020768,-0.6406117541436054,-0.041891515767540875,-1.7977652926913377,-0.618207102419378,-2.0030652804601004,2.1917016569131316,2.2321971509674365,0.84211631151732,1.3201474698012436,-0.5164022847707804,0.9042078057211206,-0.15064309242680043,-0.4202042656508556,1.139586643533865,-0.3687637902528508,-0.5731921693416263,-0.7212456552118893,-0.06172586219167556,0,0,0,0,1.0,-0.0,False,0,0.0
guatemala,guatemala_2830,-1.1690956482681047,-1.1615383419683167,-1.0894063429134349e-15,-0.38512612473222746,-1.4921220967059152,0.6128000945473822,-0.6406117541436054,-0.04189151576075955,-1.353557101133451,-2.1749575001759784,-0.6406117541436054,-0.29187207273043286,-0.6432543276936803,-0.5586830596644193,-0.6406117541436054,-0.041891515767540875,-1.8258023583513032,-0.6182070920675086,-2.0225630987908514,2.247631459905264,2.265858072107108,1.1604240184607582,1.258305568792397,1.6487214457849528,1.1716538263642728,-0.15064309242680043,-0.4202042656508556,1.139586643533865,-0.3687637902528508,-0.5731921693416263,-0.7212456552118893,-0.06172586219167556,0,0,2,0,0.6666666666666666,0.5793801642856949,False,2,0.0
guatemala,guatemala_2832,-1.1690956482681047,-1.1615383419683167,-1.0894063429134349e-15,1.9412961955192272,-0.6619861869638857,-1.970050633998666,1.7710584371005573,-0.04189151576075955,-1.2862395490049257,-1.5840656345003825,1.7710584371005573,1.9700044132284453,1.1285269182808717,1.9018654451308514,1.7710584371005573,-0.041891515767540875,-2.013169447335399,1.9737363469342017,-1.108498754813315,0.21254882405629083,0.3409924689736911,1.4829117176246571,0.18288123578054205,-0.18692379444646415,1.260550476975435,-0.15064309242680043,-0.4202042656508556,1.139586643533865,2.711762994176452,-0.5731921693416263,-0.7212456552118893,-0.06172586219167556,0,0,2,0,0.6666666666666666,0.5793801642856949,False,2,0.0
guatemala,guatemala_2833,-1.1690956482681047,-1.1615383419683167,-1.0894063429134349e-15,1.8820967332409682,-0.8242544630941804,-1.81460422616755,1.757238915495601,-0.04189151576075955,-1.2136577893549894,-0.561250921255133,1.757238915495601,1.8365864967497096,1.511190110612528,1.7550798217472698,1.757238915495601,-0.041891515767540875,-1.5901973028434406,1.686164684152437,-1.113973083521851,0.7227452712955308,0.7755716405710804,-0.3454331519874815,1.4331495101576779,0.7625862312900928,-0.03104919847322444,-0.15064309242680043,2.3797949753105847,-0.8775111622043715,-0.3687637902528508,-0.5731921693416263,-0.7212456552118893,-0.06172586219167556,0,0,2,0,0.6666666666666666,0.5793801642856949,False,0,2.0
guatemala,guatemala_2834,0.44562301584187464,0.43016405536437863,-1.0894063429134349e-15,0.8036851815091489,-0.7915844479365709,0.6063371051467452,-0.6406117541436054,-0.04189151576075955,-1.3298866393877946,-1.6940667729095304,-0.6406117541436054,1.1087589077361184,-0.6432543276936803,0.7572148104879334,-0.6406117541436054,-0.041891515767540875,-1.529422568495884,-0.6116968688391897,-1.8083963754512193,1.8099636342077317,1.929902257501504,0.7078398484328587,1.295961035930485,0.6623028457242603,0.0562800016133164,-0.15064309242680043,-0.4202042656508556,1.139586643533865,-0.3687637902528508,-0.5731921693416263,-0.7212456552118893,-0.06172586219167556,2,2,1,2,0.6666666666666666,0.5793801642856949,False,2,1.0
guatemala,guatemala_2835,-1.1690956482681047,-1.1615383419683167,-1.0894063429134349e-15,1.395214011967678,-1.0897980751444665,-0.17156087260538977,1.2660465048740133,-0.04189151576075955,1.1566499030064044,-0.8182278622103505,1.2660465048740133,1.1430406347927011,1.686840068469413,1.129174490092126,1.2660465048740133,-0.041891515767540875,-0.7047571694071313,0.15719552403545878,-0.940283124736694,1.000672264601326,1.0114453012246523,0.5795805852836429,1.2396199603800393,0.8126819375679848,-0.29219038078577486,-0.15064309242680043,-0.4202042656508556,1.139586643533865,-0.3687637902528508,-0.5731921693416263,-0.7212456552118893,-0.06172586219167556,0,0,0,0,1.0,-0.0,False,0,2.0
guatemala,guatemala_2836,1.0864765235749796,1.1108418934556599,-1.0894063429134349e-15,0.7615896496744032,1.2936845630384008,-1.7349724926854366,1.7025525228501879,-0.04189151576075955,-1.2303138255928407,-0.690165017894245,1.7025525228501879,1.5682506960860911,1.503984106216555,1.4469112537599593,1.7025525228501879,-0.041891515767540875,-0.9977269270171628,1.943787969978983,0.07091834674632395,-0.3892117198913466,-0.365172927700258,0.4745411490006082,0.5150032224810711,0.5864806259035032,1.4620023961980118,-0.15064309242680043,-0.4202042656508556,1.139586643533865,2.711762994176452,-0.5731921693416263,-0.7212456552118893,-0.06172586219167556,2,2,2,2,1.0,-0.0,False,2,2.0
guatemala,guatemala_2837,-1.1690956482681047,-1.1615383419683167,-1.0894063429134349e-15,-0.7884944820494978,0.8700561986184633,0.6128001078486104,-0.6406117541436054,-0.04189151576075955,-1.3434459697706331,0.965148801591633,-0.6406117541436054,-0.795608927679695,-0.6432543276936803,-0.7910118405679288,-0.6406117541436054,-0.041891515767540875,1.1273490863927915,-0.6182071054679857,1.0755933648049125,-0.7273750040156189,-0.8607707368104408,1.072176405661828,1.0139070980895721,-0.7140879823593729,1.4801445456621394,-0.15064309242680043,2.3797949753105847,-0.8775111622043715,-0.3687637902528508,-0.5731921693416263,-0.7212456552118893,-0.06172586219167556,0,0,2,0,0.6666666666666666,0.5793801642856949,False,0,1.0
guatemala,guatemala_2838,-1.1690956482681047,-1.1615383419683167,-1.0894063429134349e-15,1.8957265579671847,-0.5959681482068695,-2.0763752105412863,1.699743795946073,-0.04189151576075955,1.1536173322326575,-0.9572732734784142,1.699743795946073,1.9466488607986927,1.4220160786945284,1.8614046397159867,1.699743795946073,-0.041891515767540875,-1.579176880695407,1.931800799478054,-0.788465553513599,-0.22613502623459786,0.04118764153079534,-0.48145673979456616,1.4223558193500934,-0.6989637661452879,0.5009042895943397,-0.15064309242680043,2.3797949753105847,-0.8775111622043715,-0.3687637902528508,-0.5731921693416263,-0.7212456552118893,-0.06172586219167556,0,0,2,0,0.6666666666666666,0.5793801642856949,False,2,2.0
guatemala,guatemala_2839,-1.1690956482681047,-1.1615383419683167,-1.0894063429134349e-15,0.423788471967877,0.7971666788554231,0.6128001078486104,-0.6406117541436054,-0.04189151576075955,-1.3551929158250666,1.4311233106955132,-0.6406117541436054,0.4297337897644352,-0.6432543276936803,0.8684242344705969,-0.6406117541436054,-0.041891515767540875,1.9419305224843106,-0.6182071054679752,1.358379267248499,-1.2919216322002165,-1.1847483911368968,1.0260858159425963,0.04987212693794241,1.0994717823497424,1.1347728059921407,-0.15064309242680043,-0.4202042656508556,1.139586643533865,2.711762994176452,-0.5731921693416263,-0.7212456552118893,-0.06172586219167556,2,0,1,0,0.3333333333333333,0.9999999999999998,True,0,1.0
guatemala,guatemala_2840,0.44562301584187464,0.43016405536437863,-1.0894063429134349e-15,-0.7179417208978919,-0.4953466823073087,0.6128001078486104,-0.6406117541436054,-0.04189151576075955,1.1822349623957666,-0.6859841549729239,-0.6406117541436054,-0.7324399377596215,-0.6432543276936803,-0.761728127577655,-0.6406117541436054,-0.041891515767540875,-0.32907605836177906,-0.6182071054679752,-0.7692581054364431,0.8916253278497231,0.8433032733175962,1.1277410423692553,1.0714512726231376,1.5233014781927883,1.4067699759868886,-0.15064309242680043,2.3797949753105847,-0.8775111622043715,-0.3687637902528508,-0.5731921693416263,-0.7212456552118893,-0.06172586219167556,2,2,2,2,1.0,-0.0,False,2,2.0
guatemala,guatemala_2841,0.44562301584187464,0.43016405536437863,-1.0894063429134349e-15,1.338768110388786,0.5699347675189799,-2.0939654492332185,1.7705858964668915,-0.04189151576075955,-1.2887325567469305,-0.5104112061661991,1.7705858964668915,1.8183070061807098,1.4059016558217,1.6901142587985882,1.7705858964668915,-0.041891515767540875,-0.9329029110813338,1.9500007914252582,-0.30095614247751123,-1.5294600996064864,-0.41797861707408984,0.4897545468936444,0.5487938679854378,-0.9009432247838529,1.475768711273732,-0.15064309242680043,-0.4202042656508556,1.139586643533865,2.711762994176452,-0.5731921693416263,-0.7212456552118893,-0.06172586219167556,2,0,0,0,0.6666666666666666,0.5793801642856949,False,0,0.0
guatemala,guatemala_2842,-1.1690956482681047,-1.1615383419683167,-1.0894063429134349e-15,1.2434672277049494,0.9251894363425286,-1.703965908098924,1.7576868386929827,-0.04189151576075955,-1.3661620492539337,-0.1033066409775199,1.7576868386929827,1.629779477827663,1.1640477780866398,1.6999746787699181,1.7576868386929827,-0.041891515767540875,-0.7284506935713875,1.5979304848124831,0.17759806083369367,-0.4289599215011258,-0.25758361237832966,-1.106488615167037,1.4908107146783096,-0.7739393037456349,1.3112410706350592,-0.15064309242680043,2.3797949753105847,-0.8775111622043715,-0.3687637902528508,-0.5731921693416263,-0.7212456552118893,-0.06172586219167556,0,2,2,2,0.6666666666666666,0.5793801642856949,False,2,2.0
guatemala,guatemala_2843,-1.1690956482681047,-1.1615383419683167,-1.0894063429134349e-15,0.701865505293652,-0.7371607987848934,-1.0577940593560209,1.1114898872379477,-0.04189151576075955,-1.2640983153943666,-0.7580200075207398,1.1114898872379477,0.6348699887275945,1.8540540844963433,0.2666497435823865,1.1114898872379477,-0.041891515767540875,-0.876143349974809,0.996444673500348,-1.1252779895982339,0.9580755576716062,1.1177172667465647,0.5075453363977823,1.327806231156758,-0.29999556367956703,1.4271770635053587,-0.15064309242680043,-0.4202042656508556,-0.8775111622043715,-0.3687637902528508,-0.5731921693416263,-0.7212456552118893,-0.06172586219167556,0,0,0,0,1.0,-0.0,False,0,0.0
guatemala,guatemala_2844,-1.1690956482681047,-1.1615383419683167,-1.0894063429134349e-15,0.15762942076782033,-1.4727656857849416,0.0026425797587403873,0.6194046438503199,-0.04189151576075955,-1.204562020094483,-2.386792051009509,0.6194046438503199,0.5420031630771989,1.8695215252042368,-0.04433240103083657,0.6194046438503199,-0.041891515767540875,-1.9903017105420335,0.280493519233388,-2.1348043473501916,2.399449019015864,2.4702741479950743,-0.24440611270214518,1.43794706843793,0.0015175775437304899,-0.6652435328128505,-0.15064309242680043,-0.4202042656508556,1.139586643533865,-0.3687637902528508,-0.5731921693416263,-0.7212456552118893,-0.06172586219167556,0,0,2,0,0.6666666666666666,0.5793801642856949,False,2,2.0
guatemala,guatemala_2845,-1.1690956482681047,-1.1615383419683167,-1.0894063429134349e-15,1.6676179772560948,-0.5291562935731113,-1.4653204425210413,1.681354979233455,-0.04189151576075955,-1.1334191928896489,-1.187935671364029,1.681354979233455,1.802216833730503,1.6689583854434227,1.5248051500041349,1.681354979233455,-0.041891515767540875,-1.5619776338089442,1.36969929818291,-1.4772634327069194,1.303773012560562,1.3924625155489034,0.20836329165987036,1.351708465671511,0.7510259802948155,-0.16545700282767112,-0.15064309242680043,-0.4202042656508556,-0.8775111622043715,-0.3687637902528508,-0.5731921693416263,-0.7212456552118893,-0.06172586219167556,0,0,0,0,1.0,-0.0,False,0,0.0
guatemala,guatemala_2846,0.44562301584187464,0.43016405536437863,-1.0894063429134349e-15,-0.6675949521877785,-0.19076673691732582,0.6128001078486104,-0.6406117541436054,-0.04189151576075955,-1.1783265785197536,0.9965800362030202,-0.6406117541436054,-0.7210646513260225,-0.6432543276936803,-0.6844829339734635,-0.6406117541436054,-0.041891515767540875,1.1561848722663046,-0.6182071054679655,1.1242144327449606,-0.779362504971454,-0.9275669047690326,-1.1488019465280834,1.4990323327284627,-0.0859566312912714,1.5199948500737388,-0.15064309242680043,2.3797949753105847,-0.8775111622043715,-0.3687637902528508,-0.5731921693416263,-0.7212456552118893,-0.06172586219167556,2,2,2,2,1.0,-0.0,False,2,2.0
guatemala,guatemala_2847,-1.1690956482681047,-1.1615383419683167,-1.0894063429134349e-15,1.562876193161244,-0.9707144007538084,-1.7513309462767968,1.6947869486067673,-0.04189151576075955,-1.1241941278380068,-1.6634151202909055,1.6947869486067673,1.7551479919092294,1.1037058722722433,1.0949098085198365,1.6947869486067673,-0.041891515767540875,-1.7346989099895533,1.875059043321797,-1.4412937542130344,1.2224386729667795,1.3092953159983876,0.7877996492818192,1.241069175293589,0.5502189406910705,1.3067674509164333,-0.15064309242680043,-0.4202042656508556,1.139586643533865,-0.3687637902528508,-0.5731921693416263,-0.7212456552118893,-0.06172586219167556,0,0,0,0,1.0,-0.0,False,0,2.0
guatemala,guatemala_2848,-1.1690956482681047,-1.1615383419683167,-1.0894063429134349e-15,1.9019042088113045,-1.5028569204123996,-2.143799012849522,1.7806587603585764,-0.04189151576075955,-1.0530246627697408,-1.5628540987762922,1.7806587603585764,1.8793556886729403,1.068290666700397,1.505872848252501,1.7806587603585764,-0.041891515767540875,-1.8858103128846173,2.0177479155870226,-1.7101979830801173,0.7944572722318517,1.2540312650514855,-0.7133843402728969,1.4665838984924109,1.6180478846269506,1.4792734993449654,-0.15064309242680043,-0.4202042656508556,1.139586643533865,-0.3687637902528508,-0.5731921693416263,-0.7212456552118893,-0.06172586219167556,0,2,2,2,0.6666666666666666,0.5793801642856949,False,2,2.0
guatemala,guatemala_2849,-1.1690956482681047,-1.1615383419683167,-1.0894063429134349e-15,1.0277176553109564,-0.8306211775191328,-1.7004160326157034,1.5784110581355362,-0.04189151576075955,-1.184552452893542,-1.5179753246767247,1.5784110581355362,1.281706199237635,1.8179179071460287,0.38525508138860926,1.5784110581355362,-0.041891515767540875,-1.6944797868645718,1.5826341084400442,-1.8147220437171536,1.6765709653811667,1.8203013474348042,0.14415106497155972,1.3921783932829663,1.0286456792055383,1.598069925359988,-0.15064309242680043,-0.4202042656508556,1.139586643533865,-0.3687637902528508,-0.5731921693416263,-0.7212456552118893,-0.06172586219167556,0,0,0,0,1.0,-0.0,False,0,0.0
guatemala,guatemala_2853,-1.1690956482681047,-1.1615383419683167,-1.0894063429134349e-15,0.6841138241756481,-0.5746426624245432,-2.1359181284517166,1.690763758412522,-0.04189151576075955,-1.4567568311677253,-2.113917572044315,1.690763758412522,1.5560662658091267,1.473481902403548,0.474179257698833,1.690763758412522,-0.041891515767540875,-1.9905316653376273,2.018684089633766,-1.7584736280482884,0.5683410679620633,1.1167246520920255,0.7033089543329949,1.2276231300495035,0.18178689105935228,1.541701611783031,-0.15064309242680043,-0.4202042656508556,1.139586643533865,-0.3687637902528508,-0.5731921693416263,-0.7212456552118893,-0.06172586219167556,0,0,2,0,0.6666666666666666,0.5793801642856949,False,0,2.0
guatemala,guatemala_2854,-1.1690956482681047,-1.1615383419683167,-1.0894063429134349e-15,1.838920947912019,-1.4121848724411383,-1.5821648118173133,1.6008304872435584,-0.04189151576075955,-1.6499752243652355,-1.7684499170634378,1.6008304872435584,1.8750685669190295,1.7223228813107516,1.1119577662739275,1.6008304872435584,-0.041891515767540875,-1.8736233187471092,1.475626202329396,-1.8667343514058188,1.8419790652118897,1.9369617329984417,1.189708276596816,0.2513676177795397,0.49029042908522014,1.3197842066519865,-0.15064309242680043,2.3797949753105847,-0.8775111622043715,2.711762994176452,-0.5731921693416263,-0.7212456552118893,-0.06172586219167556,0,0,0,0,1.0,-0.0,False,0,0.0
guatemala,guatemala_2855,-1.1690956482681047,-1.1615383419683167,-1.0894063429134349e-15,1.5049328673983882,-0.9090961702755914,-0.9141503114824555,1.6063939141629708,-0.04189151576075955,-1.1241868862102962,-1.6667892375633189,1.6063939141629708,1.655758775200997,1.7738951690669356,1.2065164517623619,1.6063939141629708,-0.041891515767540875,-1.8433320337426378,1.6590994324857158,-1.7135409688323593,1.7862148807553935,1.7395962368331948,0.28973165373819676,1.396490169083741,1.3473100835230838,1.1792919826118353,-0.15064309242680043,-0.4202042656508556,1.139586643533865,-0.3687637902528508,-0.5731921693416263,-0.7212456552118893,-0.06172586219167556,0,0,2,0,0.6666666666666666,0.5793801642856949,False,0,2.0
guatemala,guatemala_2856,0.44562301584187464,0.43016405536437863,-1.0894063429134349e-15,0.35148823675990515,-0.12091079015641759,0.12243225195567621,0.4476171613797636,-0.04189151576075955,-1.2887283558085387,-0.8027629644698672,0.4476171613797636,0.5047648218935975,1.829742222075113,0.5034168077433704,0.4476171613797636,-0.041891515767540875,-0.5850107287083753,-0.12992454783211246,-0.8713181834945148,1.0100146477474365,0.941517519095451,-0.9118926034381272,1.4859632931201312,0.3771368784730669,0.6131731006560248,-0.15064309242680043,-0.4202042656508556,1.139586643533865,-0.3687637902528508,-0.5731921693416263,-0.7212456552118893,-0.06172586219167556,2,2,2,2,1.0,-0.0,False,2,2.0
guatemala,guatemala_2858,-1.1690956482681047,-1.1615383419683167,-1.0894063429134349e-15,-0.5325747131830063,-0.1868809965444219,0.6128001042427128,-0.6406117541436054,-0.04189151576075955,-1.3379985263832224,-1.1742698541549348,-0.6406117541436054,-0.4506283210731927,-0.6432543276936803,-0.515661632815693,-0.6406117541436054,-0.041891515767540875,-0.9149618314089989,-0.6182071018351772,-1.3239759369579573,1.3561690817337182,1.3651924657717363,0.22290572774686843,1.4077962644284276,-0.8377471724052518,1.6312439899340454,-0.15064309242680043,2.3797949753105847,-0.8775111622043715,-0.3687637902528508,-0.5731921693416263,-0.7212456552118893,-0.06172586219167556,0,0,0,0,1.0,-0.0,False,0,2.0
guatemala,guatemala_2859,0.44562301584187464,0.43016405536437863,-1.0894063429134349e-15,-0.6439033331730779,-0.2562053920614459,0.6128001078486104,-0.6406117541436054,-0.04189151576075955,-1.2232188752080957,0.9381647580905405,-0.6406117541436054,-0.7069996367606879,-0.6432543276936803,-0.6607050358860663,-0.6406117541436054,-0.041891515767540875,1.1290851920125895,-0.6182071054679853,1.0742416019225673,-0.722382006461764,-0.8577185769370828,1.3849478398218706,0.4919518212172694,-0.7955130435116833,1.456225760502192,-0.15064309242680043,-0.4202042656508556,1.139586643533865,2.711762994176452,-0.5731921693416263,-0.7212456552118893,-0.06172586219167556,2,2,1,2,0.6666666666666666,0.5793801642856949,False,2,1.0
guatemala,guatemala_2860,1.0864765235749796,1.1108418934556599,-1.0894063429134349e-15,1.9957177579414285,-1.717093384798238,-1.258643072469833,1.6661282204841308,23.87140891590106,1.1615264675390597,0.6356709921381313,1.6661282204841308,1.8716411583314476,1.6027643516002879,1.9383915255104307,1.6661282204841308,23.871182239361715,0.004770705182416229,1.1812730589164555,-1.4982202637718098,-0.40999000301605654,-0.4151800079563415,0.31954640329925627,1.322153105921435,0.03684676280023258,1.2514431681978526,-0.15064309242680043,-0.4202042656508556,-0.8775111622043715,-0.3687637902528508,-0.5731921693416263,-0.7212456552118893,-0.06172586219167556,1,1,1,1,1.0,-0.0,False,1,1.0
guatemala,guatemala_2863,0.44562301584187464,0.43016405536437863,-1.0894063429134349e-15,-0.7306475152657668,1.087489331336089,0.5503411841285663,-0.47015577519073165,-0.04189151576075955,-1.1857437438451488,1.2498869159267763,-0.47015577519073165,-0.7263805413631186,1.869774012821048,-0.6851608467248208,-0.47015577519073165,-0.041891515767540875,1.241752248964017,-0.5553742955120833,1.2780445668881817,-1.003346052725996,-1.1781853167584635,-0.6000011481183354,1.4196368120613208,0.6688621557232104,0.12247697738204794,-0.15064309242680043,-0.4202042656508556,1.139586643533865,-0.3687637902528508,-0.5731921693416263,-0.7212456552118893,-0.06172586219167556,2,2,2,2,1.0,-0.0,False,2,2.0
guatemala,guatemala_2864,0.44562301584187464,0.43016405536437863,-1.0894063429134349e-15,-0.6405217741869896,1.4442337001783363,0.6128001078486104,-0.6406117541436054,-0.04189151576075955,-1.225684793000303,1.4222675038029438,-0.6406117541436054,-0.5947416000323458,-0.6432543276936803,-0.4456352382302107,-0.6406117541436054,-0.041891515767540875,1.2964904987632417,-0.6182071054679752,1.3484740554715668,-1.2778842609062093,-1.3322318894061962,0.9374351006448677,1.2015159318393394,-0.5100727613431781,1.5545315674258655,-0.15064309242680043,2.3797949753105847,-0.8775111622043715,-0.3687637902528508,-0.5731921693416263,-0.7212456552118893,-0.06172586219167556,2,2,2,2,1.0,-0.0,False,2,2.0
guatemala,guatemala_2865,0.44562301584187464,0.43016405536437863,-1.0894063429134349e-15,1.4795827120000633,-0.567434063407198,0.6128001078486104,-0.6406117541436054,23.871337947010886,1.1622607829670037,0.440299057311516,-0.6406117541436054,1.1813018156583348,-0.6432543276936803,1.579285106764861,-0.6406117541436054,23.87118121391653,1.0586997915265544,-0.6182071054679752,-0.3726324504116638,-0.26246293564833384,-0.31075561649630873,1.2222103702844986,-0.8783362558105025,-0.9444085085481149,-0.7741053365524887,-0.15064309242680043,2.3797949753105847,-0.8775111622043715,-0.3687637902528508,-0.5731921693416263,1.3864901546010127,-0.06172586219167556,2,2,2,2,1.0,-0.0,False,2,2.0
guatemala,guatemala_2867,0.44562301584187464,0.43016405536437863,-1.0894063429134349e-15,-0.7013182792224234,1.5396344257197967,0.6128001078486104,-0.6406117541436054,-0.04189151576075955,1.1724522446194916,1.5157565096832266,-0.6406117541436054,-0.6702689732789765,-0.6432543276936803,-0.5762559724201586,-0.6406117541436054,-0.041891515767540875,1.325798704284516,-0.6182071054679752,1.3909523615574455,-1.3198773214308188,-1.4402056292060361,1.277880711999422,0.7086887351328319,0.0012234926968234582,1.4766304636585739,-0.15064309242680043,-0.4202042656508556,-0.8775111622043715,2.711762994176452,-0.5731921693416263,-0.7212456552118893,-0.06172586219167556,2,2,2,2,1.0,-0.0,False,2,2.0
guatemala,guatemala_2869,0.44562301584187464,0.43016405536437863,-1.0894063429134349e-15,1.989839864143811,-1.5835075417190638,-1.3048491336867474,1.4325844336645066,-0.04189151576075955,-1.3395434897270944,-0.7597947951770996,1.4325844336645066,1.9079146920077936,1.4130899043173,1.921551791460727,1.4325844336645066,-0.041891515767540875,-0.9538859906355995,1.2235414903190587,-0.7799095696993511,0.9666930617835285,0.783134061062227,0.8509093205885729,1.196363804888384,0.8292707925724933,1.2176749061625984,-0.15064309242680043,-0.4202042656508556,1.139586643533865,-0.3687637902528508,-0.5731921693416263,-0.7212456552118893,-0.06172586219167556,2,2,2,2,1.0,-0.0,False,2,2.0
guatemala,guatemala_2871,1.4297638893569307,1.4752466898621746,-1.0894063429134349e-15,-0.7678122388725982,1.506209260325528,0.6128001078486104,-0.6406117541436054,-0.04189151576075955,-1.3070005621113714,1.885833058062077,-0.6406117541436054,-0.7655899648378525,-0.6432543276936803,-0.7242874629252412,-0.6406117541436054,-0.041891515767540875,1.368598940112232,-0.6182071054679752,1.4576754676047203,-1.646886151499704,-1.779238492315305,-1.163705682529662,1.4996516572441714,-0.9241404436731815,1.5927785287479301,-0.15064309242680043,-0.4202042656508556,1.139586643533865,-0.3687637902528508,-0.5731921693416263,-0.7212456552118893,-0.06172586219167556,1,2,2,2,0.6666666666666666,0.5793801642856949,False,2,2.0
guatemala,guatemala_2872,0.44562301584187464,0.43016405536437863,-1.0894063429134349e-15,0.8505263229411062,1.3307681625879102,-1.5628562167318698,1.5551916314199736,-0.04189151576075955,1.2120650084813793,0.6202121431314362,1.5551916314199736,1.2106844436860424,1.5539704737336613,1.6185818091482436,1.5551916314199736,-0.041891515767540875,-0.2925448767373816,1.4581421493572793,0.5269431968861965,-0.4406874374037533,-0.5422878502836175,-0.2996985226183059,1.1610891271758108,-0.08574777604186659,-0.513959794287548,-0.15064309242680043,-0.4202042656508556,-0.8775111622043715,-0.3687637902528508,-0.5731921693416263,-0.7212456552118893,-0.06172586219167556,2,2,2,2,1.0,-0.0,False,2,2.0
guatemala,guatemala_2874,0.44562301584187464,0.43016405536437863,-1.0894063429134349e-15,-0.7306433414273804,-1.0412783674438584,0.6128001059308125,-0.6406117541436054,-0.04189151576075955,1.1374587946991042,-1.142996775610002,-0.6406117541436054,-0.7538620041005774,-0.6432543276936803,-0.7722800900684653,-0.6406117541436054,-0.041891515767540875,-0.8252084779575818,-0.6182071035358544,-1.2454440605726045,1.344170526342175,1.2863740890911883,-0.044108007427626994,-0.36528209210933454,1.4365396563968464,-0.7704140133001689,-0.15064309242680043,-0.4202042656508556,1.139586643533865,-0.3687637902528508,-0.5731921693416263,1.3864901546010127,-0.06172586219167556,2,2,2,2,1.0,-0.0,False,2,2.0
guatemala,guatemala_2875,1.0864765235749796,1.1108418934556599,-1.0894063429134349e-15,0.09774296881873082,1.8941050978086966,-1.6639070026346272,1.7130884594651814,-0.04189151576075955,-1.264862162786904,-0.008758172003848104,1.7130884594651814,0.976344720044791,1.6034738010799177,0.9667342923106965,1.7130884594651814,-0.041891515767540875,-0.1749537133624329,1.5495981331118405,0.6898395631406493,-1.3403195837025834,-0.8841207501194942,-0.10662715512262064,1.3185560004755121,1.3746960116215403,0.457015938003192,-0.15064309242680043,2.3797949753105847,-0.8775111622043715,-0.3687637902528508,-0.5731921693416263,-0.7212456552118893,-0.06172586219167556,2,2,2,2,1.0,-0.0,False,2,2.0
guatemala,guatemala_2876,0.44562301584187464,0.43016405536437863,-1.0894063429134349e-15,1.3072740513462389,0.4500857397619631,-2.1423095052981167,1.7810254589266654,-0.04189151576075955,1.1915794892449743,-0.8604505379167029,1.7810254589266654,1.8505717215955524,1.2069238358434673,1.675618060801955,1.7810254589266654,-0.041891515767540875,-1.423070797546527,2.007901318687503,-1.062209142061695,-1.133882683425951,0.10300728591652662,0.0488423449955586,-0.8783362558105012,0.4920704573716408,-0.7741035778190606,-0.15064309242680043,-0.4202042656508556,1.139586643533865,-0.3687637902528508,-0.5731921693416263,1.3864901546010127,-0.06172586219167556,2,2,2,2,1.0,-0.0,False,2,2.0
guatemala,guatemala_2877,0.44562301584187464,0.43016405536437863,-1.0894063429134349e-15,-0.5668875262625858,-0.361770051109241,0.6128001075296554,-0.6406117541436054,-0.04189151576075955,-1.2450995302781014,-0.7346000097948148,-0.6406117541436054,-0.5120632934498957,-0.6432543276936803,-0.5990090754412953,-0.6406117541436054,-0.041891515767540875,-0.34340380072257065,-0.61820710514664,-0.7834836955976294,0.9549694752432825,0.8559597693762464,0.6977202148856309,1.1713776090335695,1.1416407007748919,1.4740475194370257,-0.15064309242680043,-0.4202042656508556,1.139586643533865,-0.3687637902528508,-0.5731921693416263,-0.7212456552118893,-0.06172586219167556,2,2,2,2,1.0,-0.0,False,2,2.0
guatemala,guatemala_2878,-1.1690956482681047,-1.1615383419683167,-1.0894063429134349e-15,1.709704772266445,-1.1912297990112537,-2.1407808854880157,1.7680450718866998,-0.04189151576075955,1.1076702192658874,-2.3397181164719583,1.7680450718866998,1.941643940964742,1.5860516564820626,1.5093839151584365,1.7680450718866998,-0.041891515767540875,-1.994865571231088,2.0054853953064837,-2.09630816051593,1.755601284065334,2.187480779774986,2.1802394160145604,-0.1441936894566054,1.0879965274473626,0.901744488751246,-0.15064309242680043,-0.4202042656508556,1.139586643533865,-0.3687637902528508,-0.5731921693416263,1.3864901546010127,-0.06172586219167556,0,0,2,0,0.6666666666666666,0.5793801642856949,False,2,2.0
guatemala,guatemala_2879,0.44562301584187464,0.43016405536437863,-1.0894063429134349e-15,-0.5433957931702813,0.3036665036195253,0.6128001076251007,-0.6406117541436054,-0.04189151576075955,-1.3493329617997287,1.3247585758531208,-0.6406117541436054,-0.5990311739710547,-0.6432543276936803,-0.46953162884687094,-0.6406117541436054,-0.041891515767540875,1.273170398532801,-0.6182071052427935,1.3081400009195787,-1.1502284557520335,-1.2378435616941716,0.36904387819949447,1.0907933767301499,1.3091317098013169,-0.3763018694950169,-0.15064309242680043,-0.4202042656508556,-0.8775111622043715,-0.3687637902528508,-0.5731921693416263,-0.7212456552118893,-0.06172586219167556,2,2,2,2,1.0,-0.0,False,2,2.0
guatemala,guatemala_2883,-1.1690956482681047,-1.1615383419683167,-1.0894063429134349e-15,-0.7427908310435751,-0.8671205923779208,0.6128001040687793,-0.6406117541436054,-0.04189151576075955,1.1593432430753814,-0.7070626591572039,-0.6406117541436054,-0.7610303980360491,-0.6432543276936803,-0.7882901306130994,-0.6406117541436054,-0.041891515767540875,-0.34330523209820757,-0.6182070997331598,-0.7851109382228572,0.9261917195030661,0.8576015736953401,0.8160007038457886,1.2256999020508887,0.4270825588494744,1.4556403553489883,-0.15064309242680043,2.3797949753105847,-0.8775111622043715,-0.3687637902528508,-0.5731921693416263,-0.7212456552118893,-0.06172586219167556,0,0,2,0,0.6666666666666666,0.5793801642856949,False,2,0.0
guatemala,guatemala_2884,0.44562301584187464,0.43016405536437863,-1.0894063429134349e-15,-0.766637291371201,0.9409761409056431,0.6128001061865981,-0.6406117541436054,-0.04189151576075955,1.1811138098061245,0.7214645778576666,-0.6406117541436054,-0.7638481223802284,-0.6432543276936803,-0.7546691729410907,-0.6406117541436054,-0.041891515767540875,0.9921256690941958,-0.618207103417084,0.8726368312677144,-0.4934043199829816,-0.617370656982723,0.6192582871072063,1.312237494666935,-0.6843374798768173,1.596123812887212,-0.15064309242680043,-0.4202042656508556,-0.8775111622043715,-0.3687637902528508,-0.5731921693416263,-0.7212456552118893,-0.06172586219167556,2,2,2,2,1.0,-0.0,False,2,2.0
guatemala,guatemala_2886,0.44562301584187464,0.43016405536437863,-1.0894063429134349e-15,-0.809329919389533,0.769601476476182,0.6128001078486104,-0.6406117541436054,-0.04189151576075955,-1.2627902293300128,-0.40632415291931123,-0.6406117541436054,-0.8138709690907736,-0.6432543276936803,-0.8245129914157017,-0.6406117541436054,-0.041891515767540875,0.00506526403105412,-0.6182071054679689,-0.4097525606377991,0.6355093842029527,0.5360006778738449,1.5196772398496412,0.4199985768620034,-0.9559879882782432,1.4057848255899112,-0.15064309242680043,2.3797949753105847,-0.8775111622043715,2.711762994176452,-0.5731921693416263,-0.7212456552118893,-0.06172586219167556,2,2,2,2,1.0,-0.0,False,2,2.0
guatemala,guatemala_2887,-1.1690956482681047,-1.1615383419683167,-1.0894063429134349e-15,-0.7138211872227231,0.2285651158448459,0.6128001078486104,-0.6406117541436054,-0.04189151576075955,1.1851245338643697,-0.06824783037473563,-0.6406117541436054,-0.7073671795082767,-0.6432543276936803,-0.7203635104616047,-0.6406117541436054,-0.041891515767540875,0.34542087787255693,-0.6182071054679842,-0.0009326562829447465,0.26613059605303846,0.1924318006240576,0.7216339686676622,1.2639083308060644,1.0040712703995998,1.5015941625025981,-0.15064309242680043,2.3797949753105847,-0.8775111622043715,-0.3687637902528508,-0.5731921693416263,-0.7212456552118893,-0.06172586219167556,2,0,2,2,0.6666666666666666,0.5793801642856949,False,2,2.0
guatemala,guatemala_2888,-1.1690956482681047,-1.1615383419683167,-1.0894063429134349e-15,1.418860602269088,0.24806798541573075,-1.427512486239927,1.7387166212792171,-0.04189151576075955,1.1842224267258707,-0.8926202360494923,1.7387166212792171,1.8335238650376329,1.5677066294605184,1.632399778849455,1.7387166212792171,-0.041891515767540875,-1.3112833845736396,1.3359131196499607,-0.0492919504178125,-0.2884701258039315,-0.2679988028400187,0.17709582797752807,1.3267344852125151,-0.6472175499993559,1.3580352564060456,-0.15064309242680043,2.3797949753105847,-0.8775111622043715,-0.3687637902528508,-0.5731921693416263,-0.7212456552118893,-0.06172586219167556,0,0,0,0,1.0,-0.0,False,0,0.0
guatemala,guatemala_2890,0.44562301584187464,0.43016405536437863,-1.0894063429134349e-15,1.7915061665347167,0.09555968771290164,-1.719893976800682,1.5608134823459876,-0.04189151576075955,1.1811214404458283,0.24078363563498928,1.5608134823459876,1.762585278231853,1.348699397839646,1.9395389527309306,1.5608134823459876,-0.041891515767540875,-0.6240496616752569,1.6002653224854468,0.24668544368405299,-0.00789066568218186,-0.3429363621545269,-0.10010907484844041,1.3986861365842977,1.6626957684276007,1.3708244528522227,-0.15064309242680043,2.3797949753105847,-0.8775111622043715,-0.3687637902528508,-0.5731921693416263,-0.7212456552118893,-0.06172586219167556,2,2,2,2,1.0,-0.0,False,2,2.0
guatemala,guatemala_2892,-1.1690956482681047,-1.1615383419683167,-1.0894063429134349e-15,-0.618481205134121,-0.7758822420918712,0.6128001078486104,-0.6406117541436054,-0.04189151576075955,-1.2898289323512946,-0.48665597780179837,-0.6406117541436054,-0.6713522880979689,-0.6432543276936803,-0.6978711899835575,-0.6406117541436054,-0.041891515767540875,-0.13349512441959444,-0.6182071054679752,-0.5608960031837741,0.6692497138292056,0.6619659437752744,0.3787040884783789,1.3172503263518431,1.4857936013524913,1.6051599985809681,-0.15064309242680043,2.3797949753105847,-0.8775111622043715,-0.3687637902528508,-0.5731921693416263,-0.7212456552118893,-0.06172586219167556,0,0,0,0,1.0,-0.0,False,0,
guatemala,guatemala_2893,-1.1690956482681047,-1.1615383419683167,-1.0894063429134349e-15,-0.6995091820333285,0.024125468269274763,0.49647636231278847,0.10255035991706334,-0.04189151576075955,-1.1994651106674945,0.576301586988838,0.10255035991706334,-0.7312970211208056,1.8589063226833233,-0.6787072494922215,0.10255035991706334,-0.041891515767540875,0.9161977852534453,-0.48402213775161285,0.8020058841533046,-0.3720665098915892,-0.5467690259110546,0.45804850619127896,1.1802358020334782,1.5505371386454014,1.1425391417093198,-0.15064309242680043,-0.4202042656508556,-0.8775111622043715,-0.3687637902528508,-0.5731921693416263,-0.7212456552118893,-0.06172586219167556,2,2,2,2,1.0,-0.0,False,2,2.0
guatemala,guatemala_2894,-1.1690956482681047,-1.1615383419683167,-1.0894063429134349e-15,1.3370036277013924,0.08795095339471425,-2.0110776545889046,1.772802032452132,-0.04189151576075955,1.17755106646589,-1.4832162205125323,1.772802032452132,1.879677633829864,1.4536237997238093,1.5062900936941812,1.772802032452132,-0.041891515767540875,-1.6579224991862218,1.8678029822834195,-0.8782771310041932,0.09477683032882908,0.16088153668232677,0.153382565645593,1.3729430013700543,0.9122151318566315,1.521711588980142,-0.15064309242680043,2.3797949753105847,-0.8775111622043715,-0.3687637902528508,-0.5731921693416263,-0.7212456552118893,-0.06172586219167556,0,0,0,0,1.0,-0.0,False,0,0.0
guatemala,guatemala_2895,-1.1690956482681047,-1.1615383419683167,-1.0894063429134349e-15,-0.7548567964517585,0.5702956156448952,0.6122014288149779,-0.6406117541436054,-0.04189151576075955,-1.2162750090258236,-0.05662958847573829,-0.6406117541436054,-0.7383091457677371,-0.6432543276936803,-0.7493263587641228,-0.6406117541436054,-0.041891515767540875,0.37395967681262593,-0.6176039683133419,0.030409815571600444,0.28787701035396324,0.16690982307335017,0.7933709498495042,-0.8783362558105012,1.440892155664874,-0.7741050199845734,-0.15064309242680043,2.3797949753105847,-0.8775111622043715,-0.3687637902528508,-0.5731921693416263,1.3864901546010127,-0.06172586219167556,2,2,2,2,1.0,-0.0,False,2,2.0
guatemala,guatemala_2896,-1.1690956482681047,-1.1615383419683167,-1.0894063429134349e-15,-0.7310347927669467,0.8376263894428246,0.6128001078486104,-0.6406117541436054,-0.04189151576075955,-1.2313670685498808,1.7419947731169683,-0.6406117541436054,-0.7454276222052904,-0.6432543276936803,-0.695836842932289,-0.6406117541436054,-0.041891515767540875,1.3601715332197772,-0.6182071054679649,1.4457508541318904,-1.4922350438273166,-1.6651535737599479,0.6084874764171004,0.5963461613793761,0.9476121329200893,-0.7447040772206929,-0.15064309242680043,-0.4202042656508556,1.139586643533865,-0.3687637902528508,-0.5731921693416263,1.3864901546010127,-0.06172586219167556,2,2,2,2,1.0,-0.0,False,2,1.0
guatemala,guatemala_2898,-1.1690956482681047,-1.1615383419683167,-1.0894063429134349e-15,-0.783464273839507,0.7668200907297609,0.6127943548410375,-0.6406117541436054,-0.04189151576075955,-1.3942985964285939,1.1958729413361977,-0.6406117541436054,-0.7944968173913155,-0.6432543276936803,-0.7760870870171626,-0.6406117541436054,-0.041891515767540875,1.2269710567875964,-0.6182013095396802,1.230554637290079,-0.9638178457400045,-1.0897379551616821,-0.363886522141631,1.3911136277243534,1.0449702348638197,-0.5200588955322016,-0.15064309242680043,-0.4202042656508556,1.139586643533865,-0.3687637902528508,-0.5731921693416263,-0.7212456552118893,-0.06172586219167556,2,0,0,0,0.6666666666666666,0.5793801642856949,False,0,0.0
guatemala,guatemala_3049,-1.1690956482681047,-1.1615383419683167,-1.0894063429134349e-15,1.638567236132388,-1.6229054751225198,-0.5676255939934767,1.384698669760798,-0.04189151576075955,-1.361035090915745,-1.1316073051271291,1.384698669760798,1.276515962793828,1.8638452176960425,1.0724833366454944,1.384698669760798,-0.041891515767540875,-1.0262632710644017,0.7368159986226542,-1.2832308812096551,1.303310234206778,1.3375065966211739,0.7590415893299971,1.2700434606361146,1.055829467383402,1.3156721755147154,-0.15064309242680043,-0.4202042656508556,1.139586643533865,-0.3687637902528508,-0.5731921693416263,-0.7212456552118893,-0.06172586219167556,0,0,0,0,1.0,-0.0,False,0,0.0
guatemala,guatemala_3239,-1.1690956482681047,-1.1615383419683167,-1.0894063429134349e-15,-0.5067599665513668,0.2976759357574009,0.595468190383608,-0.6406117541436054,-0.04189151576075955,-1.2356337243643607,1.48150779049138,-0.6406117541436054,-0.5769079922463253,-0.6432543276936803,-0.4469568553477677,-0.6406117541436054,-0.041891515767540875,1.3072157108166877,-0.6007529628843566,1.39039299226817,-1.2412512687308324,-1.4373789454048913,0.3643419324100416,0.9124962142096068,0.9066424578777122,-0.4659541243993622,-0.15064309242680043,2.3797949753105847,-0.8775111622043715,-0.3687637902528508,-0.5731921693416263,1.3864901546010127,-0.06172586219167556,2,2,2,2,1.0,-0.0,False,2,0.0
guatemala,guatemala_3240,-1.1690956482681047,-1.1615383419683167,-1.0894063429134349e-15,-0.721399052261055,-0.177026897235276,0.40899620727934,-0.4993403863002726,-0.04189151576075955,1.160959914091958,-0.25116005817709586,-0.4993403863002726,-0.7173211713749698,1.8696998822172708,-0.7372644605288724,-0.4993403863002726,-0.041891515767540875,0.10379486696046407,-0.4138671250247424,-0.27811918933501395,0.43709662695649426,0.4207178720568292,0.6321799355014562,1.1748770421579642,1.472137423586658,1.506215698326914,-0.15064309242680043,2.3797949753105847,-0.8775111622043715,-0.3687637902528508,-0.5731921693416263,-0.7212456552118893,-0.06172586219167556,2,2,2,2,1.0,-0.0,False,2,2.0
guatemala,guatemala_3241,0.44562301584187464,0.43016405536437863,-1.0894063429134349e-15,-0.6424824593259686,1.0055577388136745,0.6128001078486104,-0.6406117541436054,-0.04189151576075955,1.164907041677527,0.7856261839025022,-0.6406117541436054,-0.605227506116492,-0.6432543276936803,-0.5491721892425917,-0.6406117541436054,-0.041891515767540875,1.0411383180406195,-0.6182071054679752,0.9520086813886932,-0.5912861292908945,-0.7097669884621753,-1.0521848045863154,1.4865876889742555,-0.16034498102698783,1.5290619208773788,-0.15064309242680043,-0.4202042656508556,1.139586643533865,-0.3687637902528508,-0.5731921693416263,-0.7212456552118893,-0.06172586219167556,2,2,2,2,1.0,-0.0,False,2,2.0
