city,id,height,n_floors,year,EC8_eccentricityRatio,EC8_radiusRatio,EC8_compactness,ASCE7_setbackRatio,ASCE7_holeRatio,ASCE7_parallelityAngle,GNDTII_beta1_mainShapeSlenderness,GNDTII_beta2_setbackRatio,GNDTII_beta4_eccentricityRatio,GNDTII_beta6_setbackSlenderness,CSCR2010_eccentricityRatio,NTC23_setbackRatio,NTC23_holeRatio,polsby_popper,convex_hull_irregularity,inertia_circle_ratio,slenderness_bbox,slenderness_inertia,contact_force,contact_confinementRatio,contact_angularAcc,contact_angle,code_quality,roof_material_bright_concrete,roof_material_dark_shadow,roof_material_metallic,relativePosition_corner,relativePosition_isolated,relativePosition_lateral,relativePosition_torque,pred_LogisticRegression,pred_RandomForest,pred_XGBoost,majority_vote,agreement_ratio,normalized_entropy,is_contested,ensemble_pred,y_true
san_jose,san_jose_1219,1.011742369159587,1.0066297719749018,-1.186550857568136e-15,-1.047846231886942,-0.49888598706471066,0.9306920752329384,-1.0435315409620511,-0.10220971135443631,-1.507786475334652,-1.0394901292178245,-1.0435315409620511,-1.07773142479688,-1.0757017091036425,-1.1051291925628035,-1.0435315409620511,-0.10292269930791643,-0.5122926336174434,-0.9329582276827527,-1.1344149130482564,1.1756531225724516,1.1385320044463212,-0.035010711517555436,-0.026102513346017958,1.7087719543846696,0.5664156305704261,-0.8090550398079427,-0.1511972584572906,-0.10193962257473484,0.18652958731065797,2.0164652896911486,-0.29863974253397674,-0.5505386303477205,-0.07980868844676617,1,1,1,1,1.0,-0.0,False,1,1.0
san_jose,san_jose_1221,1.011742369159587,1.0066297719749018,-1.186550857568136e-15,-0.9357053696536825,-0.4087360649291184,0.8307746816203955,-0.9796866081287594,-0.10220971135443631,1.1357827022938372,-1.1128648826858951,-0.9796866081287594,-0.9327409739769517,1.1468134002137695,-0.9895679015076059,-0.9796866081287594,-0.10292269930791643,-0.6211165102702134,-0.8528939625666068,-1.2193530238720698,1.2376450309508207,1.2214470883939246,1.7049963234116587,-1.2822090460682984,-1.217849068377349,-1.1282148720775484,0.09674263097792053,6.613876535879535,-0.10193962257473484,-5.361079785881615,-0.4959172890861918,-0.29863974253397674,1.8164029640724113,-0.07980868844676617,1,1,1,1,1.0,-0.0,False,1,1.0
san_jose,san_jose_1222,1.011742369159587,1.0066297719749018,-1.186550857568136e-15,-0.035030673575689474,0.6374307008378499,-1.881648079880669,1.3842617693822903,-0.10220971135443631,1.2086442426207145,-0.5237164005215047,1.3842617693822903,0.6522600625635132,0.3605862052355382,0.24942419209489614,1.3842617693822903,-0.10292269930791643,-0.6351260580009904,1.664631391801382,-0.5542828782109283,-0.40795574260814593,0.20855424330512365,-1.580640612241589,-1.2822090460682984,-1.365902922661691,-1.1282152351598684,1.0025403017637837,-0.1511972584572906,-0.10193962257473484,0.18652958731065797,-0.4959172890861918,3.3485161469630915,-0.5505386303477205,-0.07980868844676617,1,1,1,1,1.0,-0.0,False,1,1.0
san_jose,san_jose_1223,-0.9055043080526394,-0.9043555738409986,-1.186550857568136e-15,-0.2248499487956865,0.6657734062837303,0.9395039845828272,-1.0435315409620511,-0.10220971135443631,1.1601472756759634,0.6901760286811517,-1.0435315409620511,-0.1578284747019279,-1.0757017091036425,-0.03219608867409163,-1.0435315409620511,-0.10292269930791643,1.5680667416791225,-0.9463065261374963,0.859932400157851,-0.5121649431563747,-0.5584676910397427,1.042363560681611,-1.2813722005569004,-1.2688647915445774,-1.1250893288783133,0.09674263097792053,-0.1511972584572906,-0.10193962257473484,0.18652958731065797,-0.4959172890861918,-0.29863974253397674,1.8164029640724113,-0.07980868844676617,1,1,1,1,1.0,-0.0,False,1,1.0
san_jose,san_jose_1225,1.011742369159587,1.0066297719749018,-1.186550857568136e-15,-0.9096605984443739,0.6659255790730985,0.9395039845828272,-1.0435315409620511,-0.10220971135443631,1.14405824361639,-0.35424020275153345,-1.0435315409620511,-0.8436667299393023,-1.0757017091036425,-0.9214983169750753,-1.0435315409620511,-0.10292269930791643,0.2680949926044358,-0.9463065261374988,-0.4654791015901688,0.4763300144082915,0.5417814484043432,1.4015461087049566,-1.2363237308286308,-1.025481925239711,-1.0624343142064419,0.09674263097792053,-0.1511972584572906,-0.10193962257473484,0.18652958731065797,-0.4959172890861918,-0.29863974253397674,1.8164029640724113,-0.07980868844676617,1,1,1,1,1.0,-0.0,False,1,1.0
san_jose,san_jose_1226,-0.9055043080526394,-0.9043555738409986,-1.186550857568136e-15,1.2223907379192618,-0.32524877269040464,-1.1749602150424856,1.356733121130591,-0.10220971135443631,1.1473415233125699,-1.0643316909112308,1.356733121130591,1.5377133206917557,-0.19408540722007112,1.3304189934115531,1.356733121130591,-0.10292269930791643,-1.068381927827894,0.9260220165633132,-1.25716317833682,1.1943890318763677,1.1994656546111235,-0.6103653017651705,-1.2177729906794825,-0.5413797910751188,-0.91866040103523,0.09674263097792053,-0.1511972584572906,-0.10193962257473484,0.18652958731065797,-0.4959172890861918,-0.29863974253397674,1.8164029640724113,-0.07980868844676617,1,1,1,1,1.0,-0.0,False,1,1.0
san_jose,san_jose_1227,1.011742369159587,1.0066297719749018,-1.186550857568136e-15,-0.9888865551255355,-0.3711263046834925,0.9395039845828272,-1.0435315409620511,-0.10220971135443631,1.150992324220037,-0.9993156999459174,-1.0435315409620511,-1.007059626030207,-1.0757017091036425,-1.0443530641087042,-1.0435315409620511,-0.10292269930791643,-0.4873746969292684,-0.9463065261374856,-1.1139364771485578,1.129996401331559,1.118324229955243,1.667810215900753,-1.278662003251597,-1.3585861162782482,-1.1281505476330245,0.09674263097792053,6.613876535879535,-0.10193962257473484,-5.361079785881615,-0.4959172890861918,-0.29863974253397674,1.8164029640724113,-0.07980868844676617,1,1,1,1,1.0,-0.0,False,1,1.0
san_jose,san_jose_1229,1.011742369159587,1.0066297719749018,-1.186550857568136e-15,-1.1049992359193148,0.23674808436593373,0.7897400404812746,-0.9628909696593007,-0.10220971135443631,1.1415281910495967,-0.7359786984115447,-0.9628909696593007,-1.1519118678936981,1.8707292926756507,-1.1393963572521486,-0.9628909696593007,-0.10292269930791643,-0.18759076345095202,-0.817608060603623,-0.8422997661580943,0.870089845069125,0.8649571979453428,-1.5596695338526023,-0.15939736298199136,-1.1978629250884711,-1.0962084730784476,0.09674263097792053,6.613876535879535,-0.10193962257473484,-5.361079785881615,-0.4959172890861918,3.3485161469630915,-0.5505386303477205,-0.07980868844676617,1,1,1,1,1.0,-0.0,False,1,1.0
san_jose,san_jose_1230,1.011742369159587,1.0066297719749018,-1.186550857568136e-15,-1.0795774916910703,0.3295541595487448,0.8488093545896244,-0.9898855731100704,-0.10220971135443631,1.149084546697062,-0.6343037035136485,-0.9898855731100704,-1.112659574409834,2.051539619760813,-1.1147900788519969,-0.9898855731100704,-0.10292269930791643,-0.027900201146227863,-0.8683963564462654,-0.6876744542980937,0.7899103561155484,0.7279818993596081,-1.5741659553254712,-1.2822090460682984,-1.325950048892916,-1.1278693428486763,0.09674263097792053,-0.1511972584572906,-0.10193962257473484,0.18652958731065797,-0.4959172890861918,3.3485161469630915,-0.5505386303477205,-0.07980868844676617,1,1,1,1,1.0,-0.0,False,1,1.0
san_jose,san_jose_1232,1.011742369159587,1.0066297719749018,-1.186550857568136e-15,-1.0405210903447257,0.029020568075817266,0.5097839290307136,-0.7886778880235661,-0.10220971135443631,-1.6463446995371616,-0.24402190790240869,-0.7886778880235661,-1.082893966562931,1.7487059754660959,-1.0815544471104437,-0.7886778880235661,-0.10292269930791643,0.3189610134887937,-0.576320886883824,-0.2914955131637584,0.38590602686088965,0.38246069573378744,-1.580640612241589,-1.2822090460682984,-1.365902922661691,-1.1282152351598684,-0.8090550398079427,-0.1511972584572906,-0.10193962257473484,0.18652958731065797,-0.4959172890861918,3.3485161469630915,-0.5505386303477205,-0.07980868844676617,1,2,2,2,0.6666666666666666,0.5793801642856949,False,2,2.0
san_jose,san_jose_1233,1.6366186992858989,1.6757914677720755,-1.186550857568136e-15,-0.36484673087517167,0.601667141990558,0.9316440912264516,-1.0435315409620511,-0.10220971135443631,1.1656289524908128,0.4594145910667898,-1.0435315409620511,-0.28770805651620507,-1.0757017091036425,-0.24897004786140092,-1.0435315409620511,-0.10292269930791643,1.3604233617959338,-0.939557738167183,0.5972679583035047,-0.26672242659971784,-0.30985205131106913,1.088365969398693,-1.2822090460682984,-0.6506885053107511,-1.128214721683948,0.09674263097792053,-0.1511972584572906,-0.10193962257473484,0.18652958731065797,-0.4959172890861918,-0.29863974253397674,1.8164029640724113,-0.07980868844676617,1,0,1,1,0.6666666666666666,0.5793801642856949,False,1,1.0
san_jose,san_jose_1234,-0.9055043080526394,-0.9043555738409986,-1.186550857568136e-15,0.07514624038158424,0.5184316011556592,-0.35807397485429965,0.6978800679305115,-0.10220971135443631,1.1706139183071427,-0.3030750067392086,0.6978800679305115,0.35363575685127474,0.5068350284323754,0.43264488607788953,0.6978800679305115,-0.10292269930791643,-0.042039532955769794,0.18155304232966085,-0.2732271123262675,0.4534964194092894,0.38907918945793896,1.5049438719613946,-0.733760134857816,-0.9766220481965376,0.3778982909013699,0.09674263097792053,-0.1511972584572906,9.809728295461023,-5.361079785881615,2.0164652896911486,-0.29863974253397674,-0.5505386303477205,-0.07980868844676617,1,1,1,1,1.0,-0.0,False,1,1.0
san_jose,san_jose_1235,-0.9055043080526394,-0.9043555738409986,-1.186550857568136e-15,-1.0327437530327894,0.7308965003577691,0.9395039845828272,-1.0435315409620511,-0.10220971135443631,1.2024530641730364,-0.3059477357042392,-1.0435315409620511,-1.0273502528305674,-1.0757017091036425,-1.045954245721348,-1.0435315409620511,-0.10292269930791643,0.2813196512479268,-0.9463065261374907,-0.3618340544484293,0.446588965816626,0.4489864456388558,1.3313052678071866,-1.2822090460682984,-1.1900215770691451,-1.128214721683948,0.09674263097792053,-0.1511972584572906,-0.10193962257473484,0.18652958731065797,-0.4959172890861918,-0.29863974253397674,1.8164029640724113,-0.07980868844676617,2,1,1,1,0.6666666666666666,0.5793801642856949,False,1,1.0
san_jose,san_jose_1236,-0.9055043080526394,-0.9043555738409986,-1.186550857568136e-15,-1.0826340717970175,0.5611488184835786,0.9395039845828272,-1.0435315409620511,-0.10220971135443631,1.166130873780193,-0.4201363071091627,-1.0435315409620511,-1.1157459132631062,-1.0757017091036425,-1.1132134963740659,-1.0435315409620511,-0.10292269930791643,0.1691236816790732,-0.9463065261374835,-0.48831699182539073,0.5783069084671781,0.5573200009397754,-1.5075987329278844,-1.2822090460682984,-1.0290283567629515,-1.1281832796291276,0.09674263097792053,6.613876535879535,-0.10193962257473484,-5.361079785881615,-0.4959172890861918,3.3485161469630915,-0.5505386303477205,-0.07980868844676617,1,1,1,1,1.0,-0.0,False,1,1.0
san_jose,san_jose_1239,-0.9055043080526394,-0.9043555738409986,-1.186550857568136e-15,-0.21408379537781952,0.7689595656111309,0.004904596109763555,0.10049752362199496,-0.10220971135443631,1.1671584935124972,-0.06213251997921419,0.10049752362199496,0.040900594271614424,0.8517867241938575,0.2297940716368839,0.10049752362199496,-0.10292269930791643,0.23497271961847407,-0.13781752793537855,0.018864377865200167,0.2382940178810084,0.12982334748437696,-1.5009181543301842,-1.2822090460682984,-0.8776592081162107,-1.1281832798010145,0.09674263097792053,-0.1511972584572906,-0.10193962257473484,0.18652958731065797,-0.4959172890861918,3.3485161469630915,-0.5505386303477205,-0.07980868844676617,2,1,1,1,0.6666666666666666,0.5793801642856949,False,1,1.0
san_jose,san_jose_1240,-0.9055043080526394,-0.9043555738409986,-1.186550857568136e-15,-0.25532981545408906,0.45616790137300917,0.26099920720510733,-0.38415963870963793,-0.10220971135443631,1.1676770417475213,-0.3619556543612687,-0.38415963870963793,-0.03374099333797338,0.9887962372615785,-0.027605242061381756,-0.38415963870963793,-0.10292269930791643,0.00744446448874444,-0.28217747180990527,-0.37374776328355874,0.4990702643170675,0.4467213118816699,-0.7432963253079733,1.1081661572736405,-0.661776331387896,-0.7244710385953315,0.09674263097792053,-0.1511972584572906,-0.10193962257473484,0.18652958731065797,-0.4959172890861918,-0.29863974253397674,-0.5505386303477205,-0.07980868844676617,1,1,1,1,1.0,-0.0,False,1,1.0
san_jose,san_jose_1241,-0.9055043080526394,-0.9043555738409986,-1.186550857568136e-15,-0.01360708310910117,0.6445948496349718,-0.004074295431999104,0.03235491575848998,-0.10220971135443631,1.1629370771211183,-0.16793704935264298,0.03235491575848998,0.2703886544906508,0.8329819945067358,0.4363845745083112,0.03235491575848998,-0.10292269930791643,0.1376190166843797,-0.129966954466684,-0.11442018666259839,0.3409037005235538,0.23751266396759824,1.0504795329913286,-1.2822090460682984,1.0315804426769282,-1.128214610665358,0.09674263097792053,-0.1511972584572906,-0.10193962257473484,0.18652958731065797,-0.4959172890861918,-0.29863974253397674,1.8164029640724113,-0.07980868844676617,1,1,1,1,1.0,-0.0,False,1,2.0
san_jose,san_jose_1242,1.011742369159587,1.0066297719749018,-1.186550857568136e-15,-0.6970204879272729,-0.9346272750206148,0.9395039845828272,-1.0435315409620511,-0.10220971135443631,-1.810641082555149,-1.5650291651799129,-1.0435315409620511,-0.6197738915410027,-1.0757017091036425,-0.916021432689052,-1.0435315409620511,-0.10292269930791643,-1.1339082965097411,-0.9463065261374907,-1.5972271099589934,1.6614534069516844,1.6280422201290397,0.4726785889457603,-1.282209046068291,1.4339821670991304,-1.1282145836387998,-0.8090550398079427,-0.1511972584572906,-0.10193962257473484,0.18652958731065797,-0.4959172890861918,-0.29863974253397674,1.8164029640724113,-0.07980868844676617,1,1,1,1,1.0,-0.0,False,1,1.0
san_jose,san_jose_1243,-0.9055043080526394,-0.9043555738409986,-1.186550857568136e-15,-0.8033971938239425,0.24658399112969195,0.617013741086356,-0.28301420336151706,-0.10220971135443631,1.1647669945154118,-0.4214351658464302,-0.28301420336151706,-0.7633829252218925,1.9047942943694418,-0.814116554608139,-0.28301420336151706,-0.10292269930791643,0.10236693131633942,-0.6688627604651598,-0.4754758612762498,0.5891651282585074,0.5633797068416452,-1.580640612241589,-1.2822090460682984,-1.365902922661691,-1.1282152351598684,0.09674263097792053,-0.1511972584572906,-0.10193962257473484,0.18652958731065797,-0.4959172890861918,3.3485161469630915,-0.5505386303477205,-0.07980868844676617,2,1,1,1,0.6666666666666666,0.5793801642856949,False,1,1.0
san_jose,san_jose_1244,1.011742369159587,1.0066297719749018,-1.186550857568136e-15,-0.8981454702421304,-1.3946617540104242,0.4096935863451263,-0.7252004521256591,-0.10220971135443631,1.0688602377641547,-1.1668835266994366,-0.7252004521256591,-0.9553598514308862,1.794800765898391,-1.0498153812776052,-0.7252004521256591,-0.10292269930791643,-0.6931202813535804,-0.41671141669886724,-1.2718042869917678,1.2833013817425905,1.2672887563269977,-1.0254099582921878,1.192854398341945,-0.06669170223826491,-0.9573985849216827,-0.8090550398079427,-0.1511972584572906,-0.10193962257473484,0.18652958731065797,-0.4959172890861918,-0.29863974253397674,-0.5505386303477205,-0.07980868844676617,1,1,1,1,1.0,-0.0,False,1,1.0
san_jose,san_jose_1245,1.011742369159587,1.0066297719749018,-1.186550857568136e-15,1.298243724597022,-1.1393568660760975,0.06613082833421324,-0.17022799711191777,-0.10220971135443631,1.0806006368434784,1.3515574033049975,-0.17022799711191777,0.4513113846368529,1.0985344344370853,1.0400874981427002,-0.17022799711191777,-0.10292269930791643,0.7593328913040522,-0.1912930696857527,1.3865507196262263,-1.096843240715724,-1.378715405064705,0.769170842109926,-1.2822077550546522,-0.2081671208584202,-1.124409925116198,-0.8090550398079427,-0.1511972584572906,-0.10193962257473484,0.18652958731065797,-0.4959172890861918,-0.29863974253397674,1.8164029640724113,-0.07980868844676617,0,0,1,0,0.6666666666666666,0.5793801642856949,False,0,1.0
san_jose,san_jose_1246,-0.9055043080526394,-0.9043555738409986,-1.186550857568136e-15,0.7884750014339799,-0.9942395926488549,0.06666935798873048,-0.03076721393106167,-0.10220971135443631,1.0908545203249618,-0.6236462456842646,-0.03076721393106167,0.5683520997079651,0.7901629841589005,0.5077564729604985,-0.03076721393106167,-0.10292269930791643,-0.22239924735985628,-0.18179669138722707,-0.6199009376892821,0.7825160386659497,0.6704718185199481,1.283092958313242,-1.2818883742055267,0.042698362452039125,-1.0599755062920022,-0.8090550398079427,-0.1511972584572906,-0.10193962257473484,0.18652958731065797,-0.4959172890861918,-0.29863974253397674,1.8164029640724113,-0.07980868844676617,2,1,1,1,0.6666666666666666,0.5793801642856949,False,1,1.0
san_jose,san_jose_1248,1.011742369159587,1.0066297719749018,-1.186550857568136e-15,1.6053334831352866,-0.49070977063227056,-1.4450583356430167,1.2206153982008654,-0.10220971135443631,1.1265770838046183,-0.011093406579470243,1.2206153982008654,1.4837332475231984,-0.03112388059367364,1.7028676782179843,1.2206153982008654,-0.10292269930791643,-0.37291342131989186,1.1898719337079873,-0.09685554826560532,0.16759050419476915,0.02701663829017961,0.7037184702457747,-1.2822090460598137,0.48505655463563463,-1.1282046949823008,-0.8090550398079427,6.613876535879535,-0.10193962257473484,-5.361079785881615,-0.4959172890861918,-0.29863974253397674,1.8164029640724113,-0.07980868844676617,1,1,1,1,1.0,-0.0,False,1,1.0
san_jose,san_jose_1001248,1.011742369159587,1.0066297719749018,-1.186550857568136e-15,-0.7343240402561407,1.3778912007996937,-1.6019829209143424,0.8110036256979422,-0.10220971135443631,1.0740566771777857,-0.36912954987639324,0.8110036256979422,-0.3220815374392287,0.2816533658866801,-0.49002167776953187,0.8110036256979422,-0.10292269930791643,0.05920056288000466,1.3484719725999645,-0.34859140934086846,0.11598276404367241,0.3502213156444193,-0.3379589555336836,-1.2822090460682984,1.33272340429737,-1.1282133719668572,-0.8090550398079427,-0.1511972584572906,-0.10193962257473484,0.18652958731065797,-0.4959172890861918,-0.29863974253397674,1.8164029640724113,-0.07980868844676617,1,1,1,1,1.0,-0.0,False,1,1.0
san_jose,san_jose_1251,-0.9055043080526394,-0.9043555738409986,-1.186550857568136e-15,-0.010164147816667093,0.32347058310429183,-0.06822944941323272,0.17869005903146498,-0.10220971135443631,-1.5357090961836037,0.05882647657439947,0.17869005903146498,0.04591415840591239,0.7697710565504596,0.32306212447868043,0.17869005903146498,-0.10292269930791643,0.3384588754779542,0.05531671464932031,0.22457589300593456,0.11322046506771803,-0.03362540106341701,0.4112558559390972,-1.2822090460682984,0.3490186672830979,-1.12821447571879,-0.8090550398079427,-0.1511972584572906,-0.10193962257473484,0.18652958731065797,-0.4959172890861918,-0.29863974253397674,1.8164029640724113,-0.07980868844676617,1,2,2,2,0.6666666666666666,0.5793801642856949,False,2,2.0
san_jose,san_jose_1001251,-0.9055043080526394,-0.9043555738409986,-1.186550857568136e-15,-0.9779027615768521,1.9296091606084491,0.9395039845828272,-1.0435315409620511,-0.10220971135443631,1.1860150686786952,1.5059183595987653,-1.0435315409620511,-0.9402943358740792,-1.0757017091036425,-0.8198558518648421,-1.0435315409620511,-0.10292269930791643,1.551467862373819,-0.9463065261374846,1.5187736953067152,-1.2404575392700947,-1.4820478213226949,-1.580640612241589,-1.2822090460682984,-1.365902922661691,-1.1282152351598684,-0.8090550398079427,-0.1511972584572906,-0.10193962257473484,0.18652958731065797,-0.4959172890861918,3.3485161469630915,-0.5505386303477205,-0.07980868844676617,2,1,1,1,0.6666666666666666,0.5793801642856949,False,2,2.0
san_jose,san_jose_1253,-0.9055043080526394,-0.9043555738409986,-1.186550857568136e-15,-0.9963007128966622,-1.1349435973203106,0.041609831248324035,-0.4994883171519269,-0.10220971135443631,-1.5211860836769595,-1.5810183968622096,-0.4994883171519269,-1.018670509077123,1.7253109980556451,-1.1024485190959297,-0.4994883171519269,-0.10292269930791643,-1.2192899613721688,0.23283809778100795,-1.6433558102850652,1.6581243120447258,1.6679874905616363,-0.35212128022667666,0.8789344766971464,-0.6720784876808561,-0.7896880324062675,-0.8090550398079427,-0.1511972584572906,-0.10193962257473484,0.18652958731065797,-0.4959172890861918,-0.29863974253397674,-0.5505386303477205,-0.07980868844676617,1,1,1,1,1.0,-0.0,False,1,1.0
san_jose,san_jose_1254,-0.9055043080526394,-0.9043555738409986,-1.186550857568136e-15,-0.6146217789939431,1.2112217213996315,-0.6190817839368349,0.4858184094016704,-0.10220971135443631,-1.59485510824017,0.7118726328244069,0.4858184094016704,-0.44686107429009087,1.0985024328819155,-0.3501181709183853,0.4858184094016704,-0.10292269930791643,0.719971021162676,0.8825691128261612,1.079287520936235,-0.9610557415050467,-0.9047288728422608,0.22900096428559696,-1.2743098471337035,-0.751045022406689,-1.0961610360548528,-0.8090550398079427,-0.1511972584572906,-0.10193962257473484,0.18652958731065797,-0.4959172890861918,-0.29863974253397674,1.8164029640724113,-0.07980868844676617,1,2,1,1,0.6666666666666666,0.5793801642856949,False,1,1.0
san_jose,san_jose_1255,-0.9055043080526394,-0.9043555738409986,-1.186550857568136e-15,-1.062064963678122,0.8968849141167133,0.49312123379677525,-0.7120860903347906,-0.10220971135443631,1.1973072610525455,-0.1473613984404007,-0.7120860903347906,-1.0761890484647305,1.862864163465551,-1.0763232588817084,-0.7120860903347906,-0.10292269930791643,0.4114685113932091,-0.2958566412606762,-0.15050201280546383,0.27403418381663747,0.25603368896710776,0.18082692079961937,-1.205135198725105,1.3900208756250396,-0.8358593383844133,0.09674263097792053,-0.1511972584572906,-0.10193962257473484,0.18652958731065797,-0.4959172890861918,-0.29863974253397674,1.8164029640724113,-0.07980868844676617,2,1,1,1,0.6666666666666666,0.5793801642856949,False,1,1.0
san_jose,san_jose_1256,1.011742369159587,1.0066297719749018,-1.186550857568136e-15,0.16983447838201857,0.09535522768010708,-0.4035141284394249,0.849090561285044,-0.10220971135443631,0.22874741644600718,0.7004042090882476,0.849090561285044,0.007656919234891545,0.6797259580006566,0.31086388951116395,0.849090561285044,-0.10292269930791643,0.725394881821943,0.22187269243953395,0.8427080019438323,-0.5047758987632642,-0.580222740132522,-1.4532676884168438,-1.2822090460682984,-0.6858986375363181,-1.1282021474421227,-0.8090550398079427,-0.1511972584572906,-0.10193962257473484,0.18652958731065797,-0.4959172890861918,3.3485161469630915,-0.5505386303477205,-0.07980868844676617,1,1,1,1,1.0,-0.0,False,1,1.0
san_jose,san_jose_1257,-0.9055043080526394,-0.9043555738409986,-1.186550857568136e-15,-1.0966734926727542,1.2007305776618595,0.9395039845828272,-1.0435315409620511,-0.10220971135443631,1.1680948991863074,0.3268561515632633,-1.0435315409620511,-1.1368874920386798,-1.0757017091036425,-1.1180359683809094,-1.0435315409620511,-0.10292269930791643,0.8730664458926691,-0.9463065261374907,0.386193693749148,-0.14926439298997965,-0.17888185626980924,0.8311698589967628,-0.4981065567436733,0.7175720657786825,-1.0977327342855128,-0.8090550398079427,-0.1511972584572906,-0.10193962257473484,0.18652958731065797,-0.4959172890861918,-0.29863974253397674,1.8164029640724113,-0.07980868844676617,2,1,1,1,0.6666666666666666,0.5793801642856949,False,1,2.0
san_jose,san_jose_1259,1.011742369159587,1.0066297719749018,-1.186550857568136e-15,-1.078812690213123,1.576305548075269,0.9395039845828272,-1.0435315409620511,-0.10220971135443631,-1.1678249780712016,0.47363741067012927,-1.0435315409620511,-1.1024009340538363,-1.0757017091036425,-1.0774921823481771,-1.0435315409620511,-0.10292269930791643,1.0573490291484877,-0.9463065261374907,0.6848988843254283,-0.28789739371583545,-0.44519390897733074,0.25170479046113714,-1.2822090460682984,-0.14061477946964074,-1.128213964372056,0.09674263097792053,-0.1511972584572906,-0.10193962257473484,0.18652958731065797,-0.4959172890861918,-0.29863974253397674,1.8164029640724113,-0.07980868844676617,1,1,1,1,1.0,-0.0,False,1,
san_jose,san_jose_1260,-0.9055043080526394,-0.9043555738409986,-1.186550857568136e-15,-0.8996229369184974,0.42994348177229297,0.6445532669225572,-0.26011604961920437,-0.10220971135443631,1.1492755039347204,-0.22359950610491997,-0.26011604961920437,-0.8863512267311702,1.7841160154344051,-0.8564237266136281,-0.26011604961920437,-0.10292269930791643,0.34320916209652186,-0.6926039864249818,-0.31411421368849135,0.3583682454087345,0.408905322738286,-0.7515781538557001,1.1020505889979795,0.9176947310676743,-0.4256395222759337,0.09674263097792053,-0.1511972584572906,-0.10193962257473484,0.18652958731065797,-0.4959172890861918,-0.29863974253397674,-0.5505386303477205,-0.07980868844676617,1,1,1,1,1.0,-0.0,False,1,1.0
san_jose,san_jose_1261,-0.9055043080526394,-0.9043555738409986,-1.186550857568136e-15,-0.9174868690704509,1.1224089596313722,0.9395039845828272,-1.0435315409620511,-0.10220971135443631,-1.6757605438101109,0.9522638107681106,-1.0435315409620511,-0.9143407016245974,-1.0757017091036425,-0.8162303836863377,-1.0435315409620511,-0.10292269930791643,1.4510125721658051,-0.9463065261374907,1.0732659526115174,-0.7363344929561041,-0.8210533189140149,0.7407180192799794,-1.2663337116711615,0.1290945002921893,-1.1190610532511107,-0.8090550398079427,-0.1511972584572906,-0.10193962257473484,0.18652958731065797,-0.4959172890861918,-0.29863974253397674,1.8164029640724113,-0.07980868844676617,1,1,1,1,1.0,-0.0,False,1,1.0
san_jose,san_jose_1262,1.011742369159587,1.0066297719749018,-1.186550857568136e-15,0.18655132105157735,-0.22788639020242438,0.19076281375409346,0.5052567998641132,-0.10220971135443631,1.1453628716557192,-0.9603876573907715,0.5052567998641132,0.4567453195620372,1.7412836643604472,0.21708104117697646,0.5052567998641132,-0.10292269930791643,-0.6434332046517062,-0.2879942055706183,-1.101459078295793,1.0970542921869633,1.1197403984988101,0.03692197441413914,0.8891285178003884,0.9778832555660993,0.9204322165717207,-0.8090550398079427,-0.1511972584572906,-0.10193962257473484,0.18652958731065797,-0.4959172890861918,-0.29863974253397674,-0.5505386303477205,-0.07980868844676617,1,1,1,1,1.0,-0.0,False,1,1.0
san_jose,san_jose_1263,1.011742369159587,1.0066297719749018,-1.186550857568136e-15,1.791669540156468,-1.6399616650075521,-2.0196778299349933,1.577667347494129,-0.10220971135443631,0.7621947031979684,-1.3836956518057928,1.577667347494129,1.7744796538776377,-0.11447328004164785,1.1816803269548706,1.577667347494129,-0.10292269930791643,-1.4255851086952351,1.910225673189076,-1.173694750015495,0.5388214449164769,0.7447765283855357,-1.0800772215635825,-1.2822090460682984,-0.5287745022323923,-1.1282133704933954,-0.8090550398079427,-0.1511972584572906,-0.10193962257473484,0.18652958731065797,-0.4959172890861918,-0.29863974253397674,1.8164029640724113,-0.07980868844676617,1,1,1,1,1.0,-0.0,False,1,1.0
san_jose,san_jose_1264,1.6366186992858989,1.6757914677720755,-1.186550857568136e-15,-0.2739714518024929,1.4550447156515274,-0.1380132045521943,0.03660233918462883,-0.10220971135443631,0.4069219598108516,1.8166176048456872,0.03660233918462883,-0.13597335788545706,0.8365231886864648,0.37304809226708824,0.03660233918462883,-0.10292269930791643,0.8293759273517547,-0.012585922655025603,1.5542001393731584,-1.5774584789608366,-1.812102932631078,-0.7847920334295048,-1.2822090460682984,0.7887168250816267,-1.1282124198100667,0.09674263097792053,-0.1511972584572906,-0.10193962257473484,0.18652958731065797,-0.4959172890861918,-0.29863974253397674,1.8164029640724113,-0.07980868844676617,1,1,1,1,1.0,-0.0,False,1,1.0
san_jose,san_jose_1265,1.011742369159587,1.0066297719749018,-1.186550857568136e-15,1.9032822373186322,-2.0184890523646026,-0.9271589597424715,1.344460740380906,-0.10220971135443631,-1.494275061125283,-1.716268028812281,1.344460740380906,1.9060351192350418,1.4855442340267804,1.6201357282511777,1.344460740380906,-0.10292269930791643,-1.6343776448076894,0.8065866311472228,-1.8069127392501712,1.7940224050420206,1.854223915012061,0.2677650249049036,0.3057182973930397,0.3205304788788157,0.4160253224090596,0.09674263097792053,-0.1511972584572906,-0.10193962257473484,0.18652958731065797,-0.4959172890861918,-0.29863974253397674,-0.5505386303477205,-0.07980868844676617,1,1,1,1,1.0,-0.0,False,1,1.0
san_jose,san_jose_1266,-0.9055043080526394,-0.9043555738409986,-1.186550857568136e-15,-0.8457195807603954,-0.2049277510840401,0.34452561557450084,0.19297326501983805,-0.10220971135443631,1.189539166481886,-0.8612066497134881,0.19297326501983805,-0.8319602850818927,1.5586242729562367,-0.8760892709246624,0.19297326501983805,-0.10292269930791643,-0.5082122832421929,-0.0526065607895301,-1.0280332719989729,0.8702463989060374,1.038558660794281,-0.20155260308575793,0.9798267560067654,1.6143419839132391,0.8483488415257529,0.09674263097792053,-0.1511972584572906,-0.10193962257473484,0.18652958731065797,-0.4959172890861918,-0.29863974253397674,-0.5505386303477205,-0.07980868844676617,1,1,1,1,1.0,-0.0,False,1,1.0
san_jose,san_jose_1267,1.6366186992858989,1.6757914677720755,-1.186550857568136e-15,-1.0958738511853032,2.8367548749883253,0.9395039845828272,-1.0435315409620511,-0.10220971135443631,0.39615341241004004,2.013610318448733,-1.0435315409620511,-1.105403451362843,-1.0757017091036425,-1.044815428827943,-1.0435315409620511,-0.10292269930791643,1.640121167227109,-0.9463065261374907,1.65158219793386,-1.7001052007788948,-1.9054533905162223,-1.580640612241589,-1.2822090460682984,-1.365902922661691,-1.1282152351598684,-0.8090550398079427,6.613876535879535,-0.10193962257473484,-5.361079785881615,-0.4959172890861918,3.3485161469630915,-0.5505386303477205,-0.07980868844676617,0,1,1,1,0.6666666666666666,0.5793801642856949,False,1,1.0
san_jose,san_jose_1268,-0.9055043080526394,-0.9043555738409986,-1.186550857568136e-15,-1.0691056298463055,1.721179627087396,0.9395039845828272,-1.0435315409620511,-0.10220971135443631,-1.5598342655603008,1.1812876080963506,-1.0435315409620511,-1.0900642807221477,-1.0757017091036425,-1.0485960952351154,-1.0435315409620511,-0.10292269930791643,1.4245347291511399,-0.9463065261374907,1.258805630453259,-0.9484124383361998,-1.056635920605746,0.8963563608274765,-0.8035755341040687,0.3016911260051348,0.19610497177258837,-0.8090550398079427,-0.1511972584572906,-0.10193962257473484,0.18652958731065797,2.0164652896911486,-0.29863974253397674,-0.5505386303477205,-0.07980868844676617,1,2,2,2,0.6666666666666666,0.5793801642856949,False,2,1.0
san_jose,san_jose_1270,-0.9055043080526394,-0.9043555738409986,-1.186550857568136e-15,-0.918471706529736,-0.4375894220076607,0.6312029435149782,0.07316638980264907,-0.10220971135443631,0.21383638657101675,-0.7595014601349025,0.07316638980264907,-0.9385484448745973,1.5485151665185637,-1.020818952044487,0.07316638980264907,-0.10292269930791643,-0.2835381587429349,-0.681096232017009,-0.9578729656185344,0.8185947292382868,0.96425471016854,1.5466839612541532,-1.272077826137258,-0.9030139306372942,-1.1272398607867653,-0.8090550398079427,-0.1511972584572906,-0.10193962257473484,0.18652958731065797,-0.4959172890861918,-0.29863974253397674,1.8164029640724113,-0.07980868844676617,2,2,2,2,1.0,-0.0,False,2,1.0
san_jose,san_jose_1271,1.6366186992858989,1.6757914677720755,-1.186550857568136e-15,-1.0839690994491107,1.350178372082276,0.9201612788061951,-1.0435315409620511,-0.10220971135443631,1.074456092182758,1.0698422029182302,-1.0435315409620511,-1.1224791670521694,-1.0757017091036425,-1.091000793706321,-1.0435315409620511,-0.10292269930791643,1.3624521224438861,-0.9296971333021725,1.1520921916965303,-0.837630800975751,-0.9249577661216658,-0.7888299032285863,1.0368240244950315,1.0140326798636385,-0.9629326425782612,-0.8090550398079427,-0.1511972584572906,-0.10193962257473484,0.18652958731065797,-0.4959172890861918,-0.29863974253397674,-0.5505386303477205,-0.07980868844676617,1,1,1,1,1.0,-0.0,False,1,1.0
san_jose,san_jose_1272,1.011742369159587,1.0066297719749018,-1.186550857568136e-15,0.031730815877651544,-0.011998433914834546,-1.3179742190369899,1.0246669896171903,-0.10220971135443631,1.184148663842891,-0.821171216444906,1.0246669896171903,0.5024893035554825,0.6779800313846348,0.00029392250454373726,1.0246669896171903,-0.10292269930791643,-0.9860613865989569,1.637702148761142,-0.15224987657249747,-0.4424299995704292,-0.071174916619142,-0.13666765431884362,-1.2822090460682984,1.3193680260146843,-1.1282143214228686,-0.8090550398079427,-0.1511972584572906,-0.10193962257473484,0.18652958731065797,-0.4959172890861918,-0.29863974253397674,1.8164029640724113,-0.07980868844676617,1,1,1,1,1.0,-0.0,False,1,1.0
san_jose,san_jose_1274,1.6366186992858989,1.6757914677720755,-1.186550857568136e-15,-1.0846368882177544,1.349274910283436,0.9381725454065284,-1.0435315409620511,-0.10220971135443631,1.0716398216809127,1.203087731261732,-1.0435315409620511,-1.1252694695520669,-1.0757017091036425,-1.0916513873575169,-1.0435315409620511,-0.10292269930791643,1.4300335450068733,-0.9451633451414554,1.2653264350431506,-0.9572187942705831,-1.0644042871139077,-1.530477805355749,1.347284355996267,-0.9017867835358094,0.6533341420763664,-0.8090550398079427,-0.1511972584572906,-0.10193962257473484,0.18652958731065797,-0.4959172890861918,-0.29863974253397674,-0.5505386303477205,-0.07980868844676617,1,1,1,1,1.0,-0.0,False,1,1.0
san_jose,san_jose_1275,1.011742369159587,1.0066297719749018,-1.186550857568136e-15,-1.0490419693579738,1.7995000636998872,0.9299058019431641,-1.0435315409620511,-0.10220971135443631,1.0715905839230595,1.0237598356844084,-1.0435315409620511,-1.0505856524014487,-1.0757017091036425,-1.0064170428449173,-1.0435315409620511,-0.10292269930791643,1.3577432112111874,-0.9380651018771903,1.147922745277036,-0.7918097985528445,-0.9206631929943034,0.9242668794498022,-1.282208971017462,-0.8882747542206622,-1.1278131748477147,-0.8090550398079427,-0.1511972584572906,-0.10193962257473484,0.18652958731065797,-0.4959172890861918,-0.29863974253397674,1.8164029640724113,-0.07980868844676617,1,1,1,1,1.0,-0.0,False,1,1.0
san_jose,san_jose_1276,1.6366186992858989,1.6757914677720755,-1.186550857568136e-15,0.9534048770409437,0.47656668555816867,-1.4540231785973372,1.2061406731952895,-0.10220971135443631,1.0740928648211217,1.3517897077802057,1.2061406731952895,0.8744810033817418,0.06286459170283953,1.3567462490375306,1.2061406731952895,-0.10292269930791643,0.16576192410076315,1.2191734932232443,1.0629775129951438,-1.4859842526267923,-1.3267179727426979,-0.4856238703717939,0.7882148267934048,-0.14030048544163637,-1.1240716819737808,-0.8090550398079427,-0.1511972584572906,-0.10193962257473484,0.18652958731065797,-0.4959172890861918,-0.29863974253397674,-0.5505386303477205,-0.07980868844676617,1,0,1,1,0.6666666666666666,0.5793801642856949,False,1,1.0
san_jose,san_jose_1277,-0.9055043080526394,-0.9043555738409986,-1.186550857568136e-15,-0.7030165735290548,-0.2114264747185212,0.9195158179719528,-1.0435315409620511,-0.10220971135443631,-1.515559225239778,-0.1879407098317437,-1.0435315409620511,-0.7560501222913009,-1.0757017091036425,-0.7628099187713223,-1.0435315409620511,-0.10292269930791643,0.3243922112149597,-0.90512014812353,-0.34833511182611226,0.33581321994094526,0.4384168221326359,-1.0275303391510946,0.9475416193443186,-0.46122285690701725,-0.7918921051438216,-0.8090550398079427,-0.1511972584572906,-0.10193962257473484,0.18652958731065797,-0.4959172890861918,-0.29863974253397674,-0.5505386303477205,-0.07980868844676617,1,1,2,1,0.6666666666666666,0.5793801642856949,False,2,
san_jose,san_jose_1278,1.011742369159587,1.0066297719749018,-1.186550857568136e-15,-0.07066803973694269,-0.09328303492707819,-0.9201092287976269,1.109286757634818,-0.10220971135443631,-1.4114749246903437,0.606204867974637,1.109286757634818,-0.18227873684726484,0.7851785795677954,-0.05608321478146414,1.109286757634818,-0.10292269930791643,0.3231618110370755,1.159494686745034,1.1678614560565361,-1.6186286666558671,-1.4063698765092307,-0.11365032752395102,0.4320702533390137,0.8825986903815776,-0.3966096696566845,-0.8090550398079427,-0.1511972584572906,-0.10193962257473484,0.18652958731065797,-0.4959172890861918,-0.29863974253397674,-0.5505386303477205,-0.07980868844676617,1,1,1,1,1.0,-0.0,False,1,1.0
san_jose,san_jose_1279,1.6366186992858989,1.6757914677720755,-1.186550857568136e-15,1.583329492531068,-0.5821755210486167,-1.5059954207843858,1.4152517272988707,-0.10220971135443631,-1.2420078183009022,-0.008851976121396632,1.4152517272988707,1.610295068601779,0.2844504790628396,1.4924609013116243,1.4152517272988707,-0.10292269930791643,-0.8025407593373234,1.3737483964170214,0.5393210735252227,-0.8657453937816961,-0.7659671417313322,0.0302394233694745,-1.2822090460682984,-0.3904974043728862,-1.128214695602789,-0.8090550398079427,-0.1511972584572906,-0.10193962257473484,0.18652958731065797,-0.4959172890861918,-0.29863974253397674,1.8164029640724113,-0.07980868844676617,1,0,1,1,0.6666666666666666,0.5793801642856949,False,0,1.0
san_jose,san_jose_1281,1.011742369159587,1.0066297719749018,-1.186550857568136e-15,-0.29626785630239133,0.35742718326158146,0.1351364981005674,0.27727585326226556,-0.10220971135443631,1.13842729705605,0.23392555823902664,0.27727585326226556,-0.27888340929165933,0.9543591469835657,-0.07840649163720058,0.27727585326226556,-0.10292269930791643,0.5908231836784047,-0.25145050172898537,0.37557833510818067,-0.05130785555665122,-0.14459077547995813,-1.580640612241589,-1.2822090460682984,-1.365902922661691,-1.1282152351598684,0.09674263097792053,-0.1511972584572906,-0.10193962257473484,0.18652958731065797,-0.4959172890861918,3.3485161469630915,-0.5505386303477205,-0.07980868844676617,1,1,1,1,1.0,-0.0,False,1,1.0
san_jose,san_jose_1282,1.011742369159587,1.0066297719749018,-1.186550857568136e-15,-0.24562907710392476,1.1034452726838044,-0.3340682265742667,0.7288035404654959,-0.10220971135443631,1.1661720760012642,0.4403640154710503,0.7288035404654959,-0.012836434130861486,0.6486892501921866,0.3022607725169486,0.7288035404654959,-0.10292269930791643,0.5253057144558505,0.1602870322353605,0.576612659970477,-0.23347865424618514,-0.3499359640479278,-1.033594559860494,1.176726252642036,0.8687094853052469,-0.7479960102384579,-0.8090550398079427,-0.1511972584572906,-0.10193962257473484,0.18652958731065797,-0.4959172890861918,-0.29863974253397674,-0.5505386303477205,-0.07980868844676617,1,1,1,1,1.0,-0.0,False,1,1.0
san_jose,san_jose_1283,-0.9055043080526394,-0.9043555738409986,-1.186550857568136e-15,-0.21467807129470365,0.3875215084452178,0.12945073124923717,-0.10976775658380407,-0.10220971135443631,1.1892916284743398,-0.4264327195716572,-0.10976775658380407,0.006830365295134137,0.8906108791371647,0.035587992272762506,-0.10976775658380407,-0.10292269930791643,-0.037838836580218534,-0.09680860624298562,-0.4164502665849285,0.5623767033206841,0.49292612937278973,-1.365394541458893,1.3013610377237321,-0.4342493053385089,-0.40182633211442703,-0.8090550398079427,-0.1511972584572906,-0.10193962257473484,0.18652958731065797,-0.4959172890861918,-0.29863974253397674,-0.5505386303477205,-0.07980868844676617,1,1,1,1,1.0,-0.0,False,1,1.0
san_jose,san_jose_1285,1.011742369159587,1.0066297719749018,-1.186550857568136e-15,-1.0813552440225953,-0.9324387205296638,0.9391849363555099,-1.0435315409620511,-0.10220971135443631,1.0924554197844765,-0.5992829957629608,-1.0435315409620511,-1.1391308593199605,-1.0757017091036425,-1.130701996739826,-1.0435315409620511,-0.10292269930791643,-0.007372634055620012,-0.9460325910837836,-0.6812999385334025,0.7605813610337041,0.7268948464671383,1.0225596092553813,-1.2821329777398076,-1.052225671669225,-1.0977510590071702,-0.8090550398079427,-0.1511972584572906,-0.10193962257473484,0.18652958731065797,-0.4959172890861918,-0.29863974253397674,1.8164029640724113,-0.07980868844676617,1,1,1,1,1.0,-0.0,False,1,1.0
san_jose,san_jose_1286,1.011742369159587,1.0066297719749018,-1.186550857568136e-15,1.990157580643024,-2.111603435487317,-2.0576554623902648,1.8894323327355191,-0.10220971135443631,-1.6607832307593415,-1.8591811075054852,1.8894323327355191,2.0153238106156497,0.7925938315582092,1.9311627172275667,1.8894323327355191,-0.10292269930791643,-2.2747178030134454,1.9695599003800448,-2.153410690415564,1.9011962468887387,2.16411595846902,0.7219744776402058,-1.2431769136128819,1.367461396244857,-1.013923568940763,-0.8090550398079427,-0.1511972584572906,-0.10193962257473484,0.18652958731065797,-0.4959172890861918,-0.29863974253397674,1.8164029640724113,-0.07980868844676617,1,1,1,1,1.0,-0.0,False,1,1.0
san_jose,san_jose_1287,1.011742369159587,1.0066297719749018,-1.186550857568136e-15,-1.1102984652249062,0.6299545753625097,0.9310002015169427,-1.0435315409620511,-0.10220971135443631,-1.529363196570776,-0.37355729667981935,-1.0435315409620511,-1.1597796846612374,-1.0757017091036425,-1.1423104434831222,-1.0435315409620511,-0.10292269930791643,0.2311011111893326,-0.9390048455156504,-0.4208230034259674,0.5488053327151394,0.5004331396339147,-1.5801822099072351,-1.2822090460682984,-1.3630404580879623,-1.1228822355825603,-0.8090550398079427,-0.1511972584572906,-0.10193962257473484,0.18652958731065797,-0.4959172890861918,3.3485161469630915,-0.5505386303477205,-0.07980868844676617,1,1,1,1,1.0,-0.0,False,1,1.0
san_jose,san_jose_1289,1.011742369159587,1.0066297719749018,-1.186550857568136e-15,0.8044536120405487,-1.0346927196543663,-1.312046910739623,0.9946058716945808,-0.10220971135443631,1.1148128088958007,0.09539612712771757,0.9946058716945808,0.3778590617898963,0.8866038437872564,0.2820147852196726,0.9946058716945808,-0.10292269930791643,0.18649536904102443,1.306970923736415,0.30849646268028486,-0.6009620579679579,-0.15559146111794805,-1.580640612241589,-1.2822090460682984,-1.365902922661691,-1.1282152351598684,-0.8090550398079427,-0.1511972584572906,-0.10193962257473484,0.18652958731065797,-0.4959172890861918,3.3485161469630915,-0.5505386303477205,-0.07980868844676617,1,0,1,1,0.6666666666666666,0.5793801642856949,False,1,1.0
san_jose,san_jose_1291,1.011742369159587,1.0066297719749018,-1.186550857568136e-15,-0.21280212196732617,-0.07129442305650883,-0.44392327192858183,0.5962653015093816,-0.10220971135443631,1.0785615682027048,0.7679296872166157,0.5962653015093816,-0.4405735637767113,0.9354947645218717,-0.09748356764377282,0.5962653015093816,-0.10292269930791643,0.3860139839772581,0.7703924698234901,1.0093649306109895,-0.5532239488333672,-0.8488933840364156,-0.5477539247903864,-1.2366056131290226,-0.12425450317427425,-1.1280890142168793,-0.8090550398079427,-0.1511972584572906,-0.10193962257473484,0.18652958731065797,-0.4959172890861918,-0.29863974253397674,1.8164029640724113,-0.07980868844676617,1,1,1,1,1.0,-0.0,False,1,1.0
san_jose,san_jose_1292,1.011742369159587,1.0066297719749018,-1.186550857568136e-15,-1.0414336828500577,0.22764279093859316,0.9395039845828272,-1.0435315409620511,-0.10220971135443631,-1.65692039441326,-0.5252306429658201,-1.0435315409620511,-1.0661736037789449,-1.0757017091036425,-1.080552285516218,-1.0435315409620511,-0.10292269930791643,0.04774047599263473,-0.9463065261374907,-0.615051671728869,0.6729450464933674,0.6656489405541165,-1.5485867145375571,-1.2033492533368293,-1.1772232869559913,-1.1260057914825583,-0.8090550398079427,6.613876535879535,-0.10193962257473484,-5.361079785881615,-0.4959172890861918,3.3485161469630915,-0.5505386303477205,-0.07980868844676617,1,1,0,1,0.6666666666666666,0.5793801642856949,False,1,1.0
san_jose,san_jose_1294,1.011742369159587,1.0066297719749018,-1.186550857568136e-15,0.9943579905809438,-0.22931282344736653,-0.8049856639272285,1.0952504052131722,-0.10220971135443631,-1.69896434679324,-1.2161491788349776,1.0952504052131722,1.436423690236892,-0.08594930715743952,1.1533476069186614,1.0952504052131722,-0.10292269930791643,-1.1094805380790478,0.5826859343182464,-1.3374315303314719,1.33315715801756,1.3182134655084157,-1.580640612241589,-1.2822090460682984,-1.365902922661691,-1.1282152351598684,0.09674263097792053,-0.1511972584572906,-0.10193962257473484,0.18652958731065797,-0.4959172890861918,3.3485161469630915,-0.5505386303477205,-0.07980868844676617,1,1,1,1,1.0,-0.0,False,1,1.0
san_jose,san_jose_1295,1.011742369159587,1.0066297719749018,-1.186550857568136e-15,0.10441199371585548,-0.06070876975507681,-1.2666094030020025,1.2880762986380307,-0.10220971135443631,1.0830797213216075,-0.5908769044840478,1.2880762986380307,0.35288514988312114,0.2992727033603602,0.06931235403547804,1.2880762986380307,-0.10292269930791643,-0.11199459968889454,1.3119582356587232,0.655422162629104,-0.5809737679004439,-0.5285992623315934,0.5735344076721858,-0.9362691898268273,-0.4592413741011502,-1.1221217001001869,-0.8090550398079427,-0.1511972584572906,-0.10193962257473484,0.18652958731065797,-0.4959172890861918,-0.29863974253397674,1.8164029640724113,-0.07980868844676617,1,1,1,1,1.0,-0.0,False,1,1.0
san_jose,san_jose_1297,-0.9055043080526394,-0.9043555738409986,-1.186550857568136e-15,-0.3215870131821237,-0.7329594494687157,0.639257383928292,-0.7896203146294964,-0.10220971135443631,1.0913527910687812,-0.0011646382134036521,-0.7896203146294964,-0.5341659858749743,1.4907404258345156,-0.5858397900279716,-0.7896203146294964,-0.10292269930791643,0.6833590272500006,-0.6880393076146735,0.14080519105012604,0.16861334693920804,0.030824172650473703,-0.1716948994064937,0.14639224685723903,0.4810700355844725,-0.9483666010016377,-0.8090550398079427,-0.1511972584572906,-0.10193962257473484,0.18652958731065797,-0.4959172890861918,-0.29863974253397674,1.8164029640724113,-0.07980868844676617,2,1,1,1,0.6666666666666666,0.5793801642856949,False,1,1.0
san_jose,san_jose_1298,1.011742369159587,1.0066297719749018,-1.186550857568136e-15,-0.9046870909343531,-1.0042471648703277,-0.19904264297228957,-0.34020294104241394,-0.10220971135443631,-1.608673050358887,-2.052611645005237,-0.34020294104241394,-0.7946799834462448,1.6097361524154288,-1.0294729518848897,-0.34020294104241394,-0.10292269930791643,-1.7242097908106488,0.0414135626222193,-1.9370060222233445,2.077215477337925,2.061908603833783,-1.580640612241589,-1.2822090460682984,-1.365902922661691,-1.1282152351598684,-0.8090550398079427,6.613876535879535,-0.10193962257473484,-5.361079785881615,-0.4959172890861918,3.3485161469630915,-0.5505386303477205,-0.07980868844676617,1,1,1,1,1.0,-0.0,False,1,1.0
san_jose,san_jose_1299,1.011742369159587,1.0066297719749018,-1.186550857568136e-15,-0.4396166679768823,1.2244774593020873,-0.7620688663654058,0.9598560538843687,-0.10220971135443631,0.112819612328147,0.9608623487787846,0.9598560538843687,-0.31006172462092885,0.6213668542000784,0.17849767116630888,0.9598560538843687,-0.10292269930791643,0.5041135989052328,0.9613561390221841,1.102668470242189,-1.011174646964612,-0.9181073485639075,-1.580640612241589,-1.2822090460682984,-1.365902922661691,-1.1282152351598684,-0.8090550398079427,-0.1511972584572906,-0.10193962257473484,0.18652958731065797,-0.4959172890861918,3.3485161469630915,-0.5505386303477205,-0.07980868844676617,1,1,1,1,1.0,-0.0,False,1,1.0
san_jose,san_jose_1300,-0.9055043080526394,-0.9043555738409986,-1.186550857568136e-15,-1.0110280498776858,0.5707748967030775,0.9395039845828272,-1.0435315409620511,-0.10220971135443631,-1.5394104226200438,-0.6033010537929018,-1.0435315409620511,-0.9844841651017003,-1.0757017091036425,-1.0321908100601638,-1.0435315409620511,-0.10292269930791643,-0.010720319468953115,-0.9463065261374907,-0.674619066865611,0.7509966772249438,0.7174900580622783,1.26989532512025,-1.2340978025909615,-0.2580797286072798,-1.1264672160794382,-0.8090550398079427,6.613876535879535,-0.10193962257473484,-5.361079785881615,-0.4959172890861918,-0.29863974253397674,1.8164029640724113,-0.07980868844676617,1,1,1,1,1.0,-0.0,False,1,1.0
san_jose,san_jose_1301,-0.9055043080526394,-0.9043555738409986,-1.186550857568136e-15,-0.17149798649566708,0.5622641146983528,0.4078504512499382,0.7536662465843117,-0.10220971135443631,-1.5555920170401134,0.4015908790370883,0.7536662465843117,-0.10697381710390699,0.4694086617538723,0.01788146390670838,0.7536662465843117,-0.10292269930791643,0.7666060280462544,-0.2455514113248489,0.5503334638029402,-0.2325328704860369,-0.3153554578778522,1.4573225029451622,-0.5005754625867168,-0.31427185689098397,0.7786300090487309,-0.8090550398079427,-0.1511972584572906,-0.10193962257473484,0.18652958731065797,2.0164652896911486,-0.29863974253397674,-0.5505386303477205,-0.07980868844676617,1,1,1,1,1.0,-0.0,False,1,1.0
san_jose,san_jose_1302,-0.9055043080526394,-0.9043555738409986,-1.186550857568136e-15,-0.4065937697587403,1.154264463040064,-0.09263681038606708,0.37504497055934183,-0.10220971135443631,0.30678649386716467,0.8412281528602537,0.37504497055934183,-0.26046681790166853,0.9754875645972463,-0.023609582763134133,0.37504497055934183,-0.10292269930791643,0.8189908571447891,0.09331478022153182,1.0855087060254345,-0.6446578047817839,-0.818493457877266,-1.580640612241589,-1.2822090460682984,-1.365902922661691,-1.1282152351598684,-0.8090550398079427,-0.1511972584572906,9.809728295461023,-5.361079785881615,-0.4959172890861918,3.3485161469630915,-0.5505386303477205,-0.07980868844676617,1,2,1,1,0.6666666666666666,0.5793801642856949,False,1,1.0
san_jose,san_jose_1303,-0.9055043080526394,-0.9043555738409986,-1.186550857568136e-15,0.320768593597383,0.29414812064696216,-0.6432102257488459,0.8721384844123626,-0.10220971135443631,0.12170306219954793,0.018014030908050056,0.8721384844123626,0.43886085629725924,0.6248536701364318,0.6615109759402694,0.8721384844123626,-0.10292269930791643,-0.03508349894097717,1.054955550573744,0.03130849091587419,-0.19948687733751239,0.08065320631222526,-1.580640612241589,-1.2822090460682984,-1.365902922661691,-1.1282152351598684,-0.8090550398079427,-0.1511972584572906,-0.10193962257473484,0.18652958731065797,-0.4959172890861918,3.3485161469630915,-0.5505386303477205,-0.07980868844676617,2,2,1,2,0.6666666666666666,0.5793801642856949,False,1,1.0
san_jose,san_jose_1304,-0.9055043080526394,-0.9043555738409986,-1.186550857568136e-15,1.8858486053296368,-1.7897667963255852,-1.1426682989797976,0.7284424139446899,-0.10220971135443631,-1.3098868298317743,0.07883996895004894,0.7284424139446899,1.493849816877476,-0.21330590784473474,1.4467342632403821,0.7284424139446899,-0.10292269930791643,-1.325865432050953,1.5456735332821625,0.17029593176091914,-0.8049907000282205,-0.29466740596185886,-1.0955317991679001,-1.2822018618924356,-0.025774693803188586,-1.1272167823766572,0.09674263097792053,-0.1511972584572906,-0.10193962257473484,0.18652958731065797,-0.4959172890861918,-0.29863974253397674,1.8164029640724113,-0.07980868844676617,1,2,1,1,0.6666666666666666,0.5793801642856949,False,1,1.0
san_jose,san_jose_1306,-0.9055043080526394,-0.9043555738409986,-1.186550857568136e-15,-1.0526564477964666,1.2770853439449148,0.9395039845828272,-1.0435315409620511,-0.10220971135443631,-1.5585151117274059,0.09843334535709823,-1.0435315409620511,-1.0407837997159162,-1.0757017091036425,-1.0366480746185374,-1.0435315409620511,-0.10292269930791643,0.7107197473915816,-0.9463065261374907,0.1639214785218577,0.09420339130259528,0.010731708786493302,0.11124392660636942,0.8849773555420269,-1.2717570491716939,1.43620864593148,-0.8090550398079427,-0.1511972584572906,-0.10193962257473484,0.18652958731065797,-0.4959172890861918,-0.29863974253397674,-0.5505386303477205,-0.07980868844676617,1,1,1,1,1.0,-0.0,False,1,1.0
san_jose,san_jose_1307,1.011742369159587,1.0066297719749018,-1.186550857568136e-15,1.7414471177781112,-1.9781906410694137,-1.459061517465308,0.6876037815553167,-0.10220971135443631,-1.4568643057842503,-2.1945165314752453,0.6876037815553167,1.9215532764929075,1.8526916070902728,1.406513719011321,0.6876037815553167,-0.10292269930791643,-2.0134645992544877,1.4691347861864679,-2.0337309631601754,2.1413817423303985,2.197103601496568,1.4855709906339745,-0.6292873969671821,1.594860544346492,-1.105200845830689,-0.8090550398079427,-0.1511972584572906,9.809728295461023,-5.361079785881615,-0.4959172890861918,-0.29863974253397674,1.8164029640724113,-0.07980868844676617,1,1,1,1,1.0,-0.0,False,1,1.0
san_jose,san_jose_1308,1.6366186992858989,1.6757914677720755,-1.186550857568136e-15,0.8467163104558598,-0.7508396229074754,-0.5129477987006941,0.6054255590226267,-0.10220971135443631,1.2038964285749338,0.35731190762544945,0.6054255590226267,0.5236291391148232,0.8712524292719981,0.51392474782951,0.6054255590226267,-0.10292269930791643,-0.0263944521238147,0.9052677565534593,0.5254350754584968,-0.6615912372577735,-0.4016287658867382,-0.15897453593944522,-1.2822090460682984,0.9717633829865061,-1.1282145887060546,-0.8090550398079427,-0.1511972584572906,-0.10193962257473484,0.18652958731065797,-0.4959172890861918,-0.29863974253397674,1.8164029640724113,-0.07980868844676617,1,0,1,1,0.6666666666666666,0.5793801642856949,False,0,1.0
san_jose,san_jose_1309,-0.9055043080526394,-0.9043555738409986,-1.186550857568136e-15,-0.9374936748484782,0.11163739199434834,0.7075453670851344,-0.7808468020688973,-0.10220971135443631,-1.5027656550221185,-0.5740819504339022,-0.7808468020688973,-0.9401897248392725,1.3621936577326628,-0.9546685124926935,-0.7808468020688973,-0.10292269930791643,0.03240671689999699,-0.7142100566852077,-0.6190092226994945,0.7342953963048312,0.6689385315931782,-1.5125061976283962,1.3447974444313557,1.3291285834045532,1.6219034649379869,0.09674263097792053,-0.1511972584572906,9.809728295461023,-5.361079785881615,-0.4959172890861918,-0.29863974253397674,-0.5505386303477205,-0.07980868844676617,1,1,1,1,1.0,-0.0,False,1,1.0
san_jose,san_jose_1310,1.011742369159587,1.0066297719749018,-1.186550857568136e-15,-0.9365338117659929,0.5098654168597822,0.8827977780842237,-0.4920114601762208,-0.10220971135443631,-1.6336519247839065,-0.39254720462443576,-0.4920114601762208,-0.895664634688489,1.9449336014664023,-0.9597365007869254,-0.4920114601762208,-0.10292269930791643,0.23737320519428165,-0.8976032633923612,-0.4406549005217504,0.5663894137530809,0.5235523030712834,-0.05570326243960024,0.9515562489108182,-0.8947190883491247,1.4255659678198185,0.09674263097792053,-0.1511972584572906,-0.10193962257473484,0.18652958731065797,-0.4959172890861918,-0.29863974253397674,-0.5505386303477205,-0.07980868844676617,1,1,1,1,1.0,-0.0,False,1,1.0
san_jose,san_jose_1311,-0.9055043080526394,-0.9043555738409986,-1.186550857568136e-15,-0.5890363187458151,-0.8952309126541069,0.15991538267551214,-0.3402576338741413,-0.10220971135443631,1.1542297264111487,-1.3983490680912456,-0.3402576338741413,-0.5155642076343485,1.3539746532826424,-0.8771497325501839,-0.3402576338741413,-0.10292269930791643,-0.9609505069988332,-0.27270208165256005,-1.474024842577697,1.4912718945616934,1.488673137070348,-0.9167777909505191,1.2037094939280373,1.4886475844570917,-0.8970903323500248,0.09674263097792053,6.613876535879535,-0.10193962257473484,-5.361079785881615,-0.4959172890861918,-0.29863974253397674,-0.5505386303477205,-0.07980868844676617,1,2,1,1,0.6666666666666666,0.5793801642856949,False,1,1.0
san_jose,san_jose_1312,1.011742369159587,1.0066297719749018,-1.186550857568136e-15,-1.0422479381114698,-0.09101410575333813,0.9384724345288638,-1.0435315409620511,-0.10220971135443631,1.1636001807814402,-1.1719801686839237,-1.0435315409620511,-1.0408178983600473,-1.0757017091036425,-1.0898130453243584,-1.0435315409620511,-0.10292269930791643,-0.6651849560162406,-0.9454208330353014,-1.259524319856307,1.2981536043315138,1.2622881500427434,1.5416218474082533,-1.253434142985963,-0.6337650203809886,-1.1197060204615825,-0.8090550398079427,-0.1511972584572906,-0.10193962257473484,0.18652958731065797,-0.4959172890861918,-0.29863974253397674,1.8164029640724113,-0.07980868844676617,1,1,1,1,1.0,-0.0,False,1,1.0
san_jose,san_jose_1313,-0.9055043080526394,-0.9043555738409986,-1.186550857568136e-15,-1.0570146833219731,0.40853744964390726,0.9381835693904517,-1.0435315409620511,-0.10220971135443631,1.1720854106826153,-0.743000322868727,-1.0435315409620511,-1.0550576202213404,-1.0757017091036425,-1.0790070625368111,-1.0435315409620511,-0.10292269930791643,-0.15423178035746987,-0.9451728104626544,-0.8158928026896313,0.8965004032051097,0.8424994510922933,0.36879336423394504,0.5171523732286161,1.436435086918723,-1.1136603536586664,0.09674263097792053,-0.1511972584572906,-0.10193962257473484,0.18652958731065797,-0.4959172890861918,-0.29863974253397674,-0.5505386303477205,-0.07980868844676617,1,1,1,1,1.0,-0.0,False,1,1.0
san_jose,san_jose_1314,-0.9055043080526394,-0.9043555738409986,-1.186550857568136e-15,-0.11498443579676351,0.5351002474201196,-0.18319712404480987,0.6491720745204276,-0.10220971135443631,0.07509332383608779,0.432610784001039,0.6491720745204276,-0.0802614074551413,0.7624233685189812,0.26241079668490647,0.6491720745204276,-0.10292269930791643,0.5787154705351512,0.18656853594432118,0.6529593255931854,-0.23534927328491775,-0.41448022943902496,1.0312122045493273,-1.2822090460682984,-0.07184810928039066,-1.128214690536415,-0.8090550398079427,-0.1511972584572906,-0.10193962257473484,0.18652958731065797,-0.4959172890861918,-0.29863974253397674,1.8164029640724113,-0.07980868844676617,1,2,2,2,0.6666666666666666,0.5793801642856949,False,2,
san_jose,san_jose_1316,1.011742369159587,1.0066297719749018,-1.186550857568136e-15,-0.09597815596365186,0.3596718268083532,0.08340454635339456,0.02895645004244168,-0.10220971135443631,-1.4649519024101962,-0.4464439199929575,0.02895645004244168,0.12418847317223099,0.7859602966750063,0.16757719632893198,0.02895645004244168,-0.10292269930791643,-0.026895087497305983,-0.20636275177222965,-0.364325648340533,0.6088229948612004,0.4497362721297929,0.3834717084652036,0.3385257487538832,1.8100554934100859,-1.0834519793339064,0.09674263097792053,-0.1511972584572906,-0.10193962257473484,0.18652958731065797,-0.4959172890861918,-0.29863974253397674,-0.5505386303477205,-0.07980868844676617,1,1,1,1,1.0,-0.0,False,1,1.0
san_jose,san_jose_1317,-0.9055043080526394,-0.9043555738409986,-1.186550857568136e-15,-0.9569797912676075,-0.27436174764118487,0.9395039845828272,-1.0435315409620511,-0.10220971135443631,0.06840219782810587,0.07300506096864064,-1.0435315409620511,-1.0278044665144181,-1.0757017091036425,-0.991902544873435,-1.0435315409620511,-0.10292269930791643,0.4798941134091251,-0.9463065261374907,-0.09487959088436598,-0.06786430177450306,0.19875109333494032,-1.580640612241589,-1.2822090460682984,-1.365902922661691,-1.1282152351598684,-0.8090550398079427,-0.1511972584572906,-0.10193962257473484,0.18652958731065797,-0.4959172890861918,3.3485161469630915,-0.5505386303477205,-0.07980868844676617,2,2,1,2,0.6666666666666666,0.5793801642856949,False,2,1.0
san_jose,san_jose_1318,1.011742369159587,1.0066297719749018,-1.186550857568136e-15,-0.7867577928539587,0.5262704194901845,0.9395039845828272,-1.0435315409620511,-0.10220971135443631,-1.558515111872387,1.1197593789308842,-1.0435315409620511,-0.8520683918087663,-1.0757017091036425,-0.6339554962644117,-1.0435315409620511,-0.10292269930791643,1.439273545117463,-0.9463065261374907,1.1907860124466172,-0.9734197280964967,-0.9664060946841906,1.2080754116071062,-0.420745939324202,-1.0335179785905624,0.8630499410609497,-0.8090550398079427,-0.1511972584572906,-0.10193962257473484,0.18652958731065797,2.0164652896911486,-0.29863974253397674,-0.5505386303477205,-0.07980868844676617,1,1,1,1,1.0,-0.0,False,1,1.0
san_jose,san_jose_1319,-0.9055043080526394,-0.9043555738409986,-1.186550857568136e-15,-0.12606325140096658,0.452115050531532,-0.038205242187520784,0.13776341899523442,-0.10220971135443631,-1.6336521199566583,-0.4286738974222971,0.13776341899523442,0.12613188623570387,0.7824096377786829,0.09490605357180718,0.13776341899523442,-0.10292269930791643,-0.0862494270725843,-0.10010480101728447,-0.3941751696833843,0.5608609727649306,0.4802025490773131,1.3880028841329894,-1.2822090460682984,-0.3105906875018913,-1.1282147270608065,-0.8090550398079427,-0.1511972584572906,-0.10193962257473484,0.18652958731065797,-0.4959172890861918,-0.29863974253397674,1.8164029640724113,-0.07980868844676617,2,2,2,2,1.0,-0.0,False,2,1.0
san_jose,san_jose_1320,-0.9055043080526394,-0.9043555738409986,-1.186550857568136e-15,-0.9263904361127284,0.7987483758061638,0.9123655008774249,-1.0435315409620511,-0.10220971135443631,0.0962121874423382,0.43494133954694997,-1.0435315409620511,-0.9156814501891942,-1.0757017091036425,-0.897132699053461,-1.0435315409620511,-0.10292269930791643,1.029893823945776,-0.9230019688270027,0.5782566564942573,-0.2494542088129203,-0.34400229303905666,1.0080343559007288,-1.2822090460682984,-0.8435144862463134,-1.1282147058810066,-0.8090550398079427,6.613876535879535,-0.10193962257473484,-5.361079785881615,-0.4959172890861918,-0.29863974253397674,1.8164029640724113,-0.07980868844676617,1,1,1,1,1.0,-0.0,False,1,1.0
san_jose,san_jose_1321,1.011742369159587,1.0066297719749018,-1.186550857568136e-15,-0.16113447469391134,-1.6876458868313022,0.9351041058275776,-1.0435315409620511,-0.10220971135443631,-1.656421567353064,-1.1367209654171764,-1.0435315409620511,-0.41851173655939955,-1.0757017091036425,-0.616791707152859,-1.0435315409620511,-0.10292269930791643,-0.649672869708064,-0.942528702908387,-1.2649474690038418,1.2703552485324396,1.2745931422186088,-0.8121650957353345,1.1644470924276817,0.9146135472249688,-0.5030359216458533,-0.8090550398079427,-0.1511972584572906,-0.10193962257473484,0.18652958731065797,-0.4959172890861918,-0.29863974253397674,-0.5505386303477205,-0.07980868844676617,1,1,1,1,1.0,-0.0,False,1,1.0
san_jose,san_jose_1322,-0.9055043080526394,-0.9043555738409986,-1.186550857568136e-15,1.1174861225943196,-0.9481392508757841,-1.5297904702364336,0.881752361748489,-0.10220971135443631,-1.363618484043333,-0.5613833829786534,0.881752361748489,1.0307289787309486,0.6779117665994305,0.8013678002333167,0.881752361748489,-0.10292269930791643,-1.011230058042508,1.7793044476498965,-0.25103016325027444,-0.39265834439838126,0.060625833279243424,0.05226489324469338,-1.2822090460682984,-0.47852302349719233,-1.1282146330559952,-0.8090550398079427,-0.1511972584572906,-0.10193962257473484,0.18652958731065797,-0.4959172890861918,-0.29863974253397674,1.8164029640724113,-0.07980868844676617,2,1,1,1,0.6666666666666666,0.5793801642856949,False,1,1.0
san_jose,san_jose_1324,-0.9055043080526394,-0.9043555738409986,-1.186550857568136e-15,0.26390401402117897,0.3506880273792727,-0.13337025169079478,0.07902851312079325,-0.10220971135443631,-1.5563343814476327,-0.43352113399364073,0.07902851312079325,0.5570196917936348,0.6159720465683446,0.5130310435784471,0.07902851312079325,-0.10292269930791643,-0.17083955940828072,0.029713922294215833,-0.4043078059926627,0.5664274527978428,0.4604824448570848,0.289142455478651,0.3783349836143093,0.9626699531036382,-1.044912450852089,-0.8090550398079427,-0.1511972584572906,-0.10193962257473484,0.18652958731065797,-0.4959172890861918,-0.29863974253397674,-0.5505386303477205,-0.07980868844676617,1,1,1,1,1.0,-0.0,False,1,1.0
san_jose,san_jose_1327,-0.9055043080526394,-0.9043555738409986,-1.186550857568136e-15,-0.8937232030171711,1.6771244804786294,0.09824342256455938,0.022967565546444267,-0.10220971135443631,0.36978046492085065,1.998106451578027,0.022967565546444267,-0.8631465522631271,1.2570826260790142,-0.670367260274975,0.022967565546444267,-0.10292269930791643,1.3752237517037518,-0.21930238199895882,1.6233655062987584,-1.8924597979544664,-1.8578354115817832,-1.580640612241589,-1.2822090460682984,-1.365902922661691,-1.1282152351598684,-0.8090550398079427,-0.1511972584572906,-0.10193962257473484,0.18652958731065797,-0.4959172890861918,3.3485161469630915,-0.5505386303477205,-0.07980868844676617,2,1,1,1,0.6666666666666666,0.5793801642856949,False,1,1.0
san_jose,san_jose_1328,1.011742369159587,1.0066297719749018,-1.186550857568136e-15,-0.47688598972358626,-1.1392076053697535,0.9395039845828272,-1.0435315409620511,-0.10220971135443631,-1.5772523483566439,-1.6331177681557132,-1.0435315409620511,-0.37659634609566567,-1.0757017091036425,-0.6262524004415487,-1.0435315409620511,-0.10292269930791643,-1.2558177039357468,-0.9463065261374907,-1.6733279370349365,1.7272111962900678,1.7186684836667467,-0.31164695781679136,1.0193538027027422,1.7021948973920262,-0.8514671321934165,-0.8090550398079427,-0.1511972584572906,-0.10193962257473484,0.18652958731065797,-0.4959172890861918,-0.29863974253397674,-0.5505386303477205,-0.07980868844676617,1,1,1,1,1.0,-0.0,False,1,1.0
san_jose,san_jose_1329,-0.9055043080526394,-0.9043555738409986,-1.186550857568136e-15,-1.0763083121052361,0.4291043627943028,0.9395039845828272,-1.0435315409620511,-0.10220971135443631,-1.5488362412706176,-0.5947180131304978,-1.0435315409620511,-1.1052390841141506,-1.0757017091036425,-1.1099244650943705,-1.0435315409620511,-0.10292269930791643,0.0029371324468652872,-0.9463065261374907,-0.6667080442365677,0.7575205842648095,0.7114394758507254,-1.372372849298927,1.307685638557431,0.8500005324402555,-0.9341231379815876,-0.8090550398079427,-0.1511972584572906,-0.10193962257473484,0.18652958731065797,-0.4959172890861918,-0.29863974253397674,-0.5505386303477205,-0.07980868844676617,1,1,1,1,1.0,-0.0,False,1,1.0
san_jose,san_jose_1331,-0.9055043080526394,-0.9043555738409986,-1.186550857568136e-15,-0.8748263222943217,-0.4726182782656967,0.9395039845828272,-1.0435315409620511,-0.10220971135443631,-0.04566029888742401,-0.8870241700809196,-1.0435315409620511,-0.8838911274995924,-1.0757017091036425,-0.9918904007807586,-1.0435315409620511,-0.10292269930791643,-0.36211849185351125,-0.9463065261374907,-1.0049942438274757,1.014511029622302,1.0142889994774873,-1.5790041289406411,-1.2822090460682984,-1.356113659127236,-1.1271164688547943,-0.8090550398079427,6.613876535879535,-0.10193962257473484,-5.361079785881615,-0.4959172890861918,3.3485161469630915,-0.5505386303477205,-0.07980868844676617,1,1,1,1,1.0,-0.0,False,1,1.0
san_jose,san_jose_1332,-0.9055043080526394,-0.9043555738409986,-1.186550857568136e-15,-0.6446881767642082,-0.15062071706884667,0.5858932880190763,-0.7832825979631157,-0.10220971135443631,-1.5657469735251113,-0.9043365909066451,-0.7832825979631157,-0.5454696479957122,1.737600045725199,-0.7830522937452448,-0.7832825979631157,-0.10292269930791643,-0.42677198577459863,-0.6420220548217064,-1.0458302706009337,1.009998327413269,1.046029488848492,1.4997907014617233,-0.8940408651626498,-0.16530271316362807,-0.6504051298075754,-0.8090550398079427,-0.1511972584572906,-0.10193962257473484,0.18652958731065797,-0.4959172890861918,-0.29863974253397674,1.8164029640724113,-0.07980868844676617,2,2,1,2,0.6666666666666666,0.5793801642856949,False,2,1.0
san_jose,san_jose_1333,1.011742369159587,1.0066297719749018,-1.186550857568136e-15,-0.4756384308518696,0.42956829362569715,-0.6164948732569212,0.7022302662703975,-0.10220971135443631,-1.3299131174390848,0.9849157235533367,0.7022302662703975,-0.5073205857198338,1.0911900901325902,-0.3305421791202879,0.7022302662703975,-0.10292269930791643,0.568254487697167,0.9346068317552502,1.4889356699605647,-1.7654820452464703,-1.8398851237959257,0.3431622774840194,-1.213382138903672,-0.39011741638759717,-1.117050355081687,-0.8090550398079427,-0.1511972584572906,-0.10193962257473484,0.18652958731065797,-0.4959172890861918,-0.29863974253397674,1.8164029640724113,-0.07980868844676617,1,1,1,1,1.0,-0.0,False,1,1.0
san_jose,san_jose_1335,1.011742369159587,1.0066297719749018,-1.186550857568136e-15,-1.0505474051152566,1.5289708307808771,0.8411863439451835,-0.42727846795920305,-0.10220971135443631,-1.773271887289748,0.7743029110367144,-0.42727846795920305,-1.0544825400591935,1.8010454646702727,-1.0224412039154536,-0.42727846795920305,-0.10292269930791643,1.1884208845683346,-0.8570753490388242,0.8785222675163239,-0.5934382393241802,-0.6325370461491987,0.7773597736736031,-0.4479722492762998,0.33136911597607777,0.8177178364308594,-0.8090550398079427,-0.1511972584572906,-0.10193962257473484,0.18652958731065797,2.0164652896911486,-0.29863974253397674,-0.5505386303477205,-0.07980868844676617,1,1,1,1,1.0,-0.0,False,1,1.0
san_jose,san_jose_1338,-0.9055043080526394,-0.9043555738409986,-1.186550857568136e-15,-0.7557914580581264,0.4074849229989465,0.036948836666545706,0.10779624959518497,-0.10220971135443631,-1.5172782428784994,-0.5511862488738551,0.10779624959518497,-0.6744731477685835,0.781192915815115,-0.6760941860682632,0.10779624959518497,-0.10292269930791643,-0.33689642983590923,0.21412705493923662,-0.5214534542992625,0.7001189118604131,0.6023167935795599,-0.5070201238009917,1.0068993832995405,1.5278568605664726,-1.0320583667838215,-0.8090550398079427,-0.1511972584572906,-0.10193962257473484,0.18652958731065797,-0.4959172890861918,-0.29863974253397674,-0.5505386303477205,-0.07980868844676617,1,1,1,1,1.0,-0.0,False,1,1.0
san_jose,san_jose_1339,1.011742369159587,1.0066297719749018,-1.186550857568136e-15,0.5960121390124522,-0.32732004959562877,-0.49668237699188916,0.584418170094786,-0.10220971135443631,1.112428005810901,-0.013244641477806,0.584418170094786,0.6515558570641987,0.9135443736289839,0.43736649099181835,0.584418170094786,-0.10292269930791643,-0.005703551322212195,0.3048288404797463,0.21064157365341252,-0.285348676512682,-0.16776591498728446,0.17961959710572206,-1.28219852485637,1.117775368878254,-1.1159179884404742,-0.8090550398079427,-0.1511972584572906,9.809728295461023,-5.361079785881615,-0.4959172890861918,-0.29863974253397674,1.8164029640724113,-0.07980868844676617,1,1,1,1,1.0,-0.0,False,1,1.0
san_jose,san_jose_1340,-0.9055043080526394,-0.9043555738409986,-1.186550857568136e-15,-0.4547937952344079,0.3357267993848884,0.3768700913024014,-0.025957552733242534,-0.10220971135443631,-1.5278685428111192,-0.5971030673367077,-0.025957552733242534,-0.2612762303993119,0.9250621266538513,-0.32048255033786577,-0.025957552733242534,-0.10292269930791643,-0.1287072885026562,-0.46136533421218523,-0.6493938985221339,0.7456474651033902,0.7160570850024159,0.4489439371985733,-1.2485620320040631,1.4428994388217178,-0.9964639641993729,-0.8090550398079427,6.613876535879535,-0.10193962257473484,-5.361079785881615,-0.4959172890861918,-0.29863974253397674,1.8164029640724113,-0.07980868844676617,1,1,1,1,1.0,-0.0,False,1,1.0
san_jose,san_jose_1342,-0.9055043080526394,-0.9043555738409986,-1.186550857568136e-15,0.11734082861741466,-0.5497171035570518,-1.0183837464399421,1.0030077339783692,-0.10220971135443631,1.1294417752665542,0.9148421861824991,1.0030077339783692,-0.145912207643711,0.7081820486742522,0.08359378963348234,1.0030077339783692,-0.10292269930791643,-0.942683818052261,1.549581372770516,1.0148823376938105,-1.320210422084138,-1.0232034307650955,-0.8186014526023558,0.6124156561410167,0.620485769278724,-1.0246664361273958,-0.8090550398079427,6.613876535879535,-0.10193962257473484,-5.361079785881615,-0.4959172890861918,-0.29863974253397674,-0.5505386303477205,-0.07980868844676617,1,1,1,1,1.0,-0.0,False,1,1.0
san_jose,san_jose_1343,-0.9055043080526394,-0.9043555738409986,-1.186550857568136e-15,-0.909530807961951,-0.8706231577556007,0.9395039845828272,-1.0435315409620511,-0.10220971135443631,-0.03708516808999869,-1.1237504414595825,-1.0435315409620511,-0.9309526629294964,-1.0757017091036425,-1.0408033511648849,-1.0435315409620511,-0.10292269930791643,-0.6081262671359852,-0.9463065261374907,-1.2119587133861387,1.2511418628368065,1.2141887272601752,-1.580640612241589,-1.2822090460682984,-1.365902922661691,-1.1282152351598684,-0.8090550398079427,-0.1511972584572906,-0.10193962257473484,0.18652958731065797,-0.4959172890861918,3.3485161469630915,-0.5505386303477205,-0.07980868844676617,2,2,1,2,0.6666666666666666,0.5793801642856949,False,2,1.0
san_jose,san_jose_1344,1.011742369159587,1.0066297719749018,-1.186550857568136e-15,0.9239493562747221,0.10958196162071727,-0.8495359622168718,0.5460700807584338,-0.10220971135443631,1.0571382605116457,0.8708539516523826,0.5460700807584338,0.7046705785131204,0.30148409158986095,1.2631398280274322,0.5460700807584338,-0.10292269930791643,-0.012786237779992878,0.9393906961054841,1.0645946469987593,-0.6856765077730073,-0.9532941500426371,-1.580640612241589,-1.2822090460682984,-1.365902922661691,-1.1282152351598684,-0.8090550398079427,6.613876535879535,-0.10193962257473484,-5.361079785881615,-0.4959172890861918,3.3485161469630915,-0.5505386303477205,-0.07980868844676617,1,1,1,1,1.0,-0.0,False,1,1.0
san_jose,san_jose_1345,1.6366186992858989,1.6757914677720755,-1.186550857568136e-15,-0.9710942196737097,1.7357025297124797,0.9042455875154694,-1.0435315409620511,-0.10220971135443631,-1.5125531651302038,1.5020809001360336,-1.0435315409620511,-0.9504290077821176,-1.0757017091036425,-0.8430102663603636,-1.0435315409620511,-0.10292269930791643,1.5429237193465197,-0.9160278072812594,1.4992736847115444,-1.2409468554068894,-1.441294462155607,0.6829136872686916,0.36426150492413323,0.8526072201057212,1.1331105727374458,-0.8090550398079427,-0.1511972584572906,-0.10193962257473484,0.18652958731065797,-0.4959172890861918,-0.29863974253397674,-0.5505386303477205,-0.07980868844676617,1,1,1,1,1.0,-0.0,False,1,2.0
san_jose,san_jose_1346,1.011742369159587,1.0066297719749018,-1.186550857568136e-15,0.06485919854528693,0.7035756548679557,-0.5188969855623009,0.9341375867065109,-0.10220971135443631,-1.5850181815609719,0.058462540100425765,0.9341375867065109,0.31202606960934065,0.43045474307417014,0.4902775823153887,0.9341375867065109,-0.10292269930791643,0.13976911591620722,0.32466936598985596,0.06797273995629853,0.11469164785197848,0.07304927990963345,0.8413519229539493,-1.2822090460682984,0.6245795528606294,-1.128214539910219,-0.8090550398079427,-0.1511972584572906,9.809728295461023,-5.361079785881615,-0.4959172890861918,-0.29863974253397674,1.8164029640724113,-0.07980868844676617,1,1,1,1,1.0,-0.0,False,1,1.0
san_jose,san_jose_1347,-0.9055043080526394,-0.9043555738409986,-1.186550857568136e-15,-1.0557129923793107,2.004406894215515,0.9395039845828272,-1.0435315409620511,-0.10220971135443631,1.1783995885938092,1.9103029864307461,-1.0435315409620511,-1.0697408442832061,-1.0757017091036425,-0.9883644540521701,-1.0435315409620511,-0.10292269930791643,1.62703841446441,-0.9463065261374907,1.6270344809856903,-1.6610153524346152,-1.7776747378159223,-1.580640612241589,-1.2822090460682984,-1.365902922661691,-1.1282152351598684,-0.8090550398079427,6.613876535879535,-0.10193962257473484,-5.361079785881615,-0.4959172890861918,3.3485161469630915,-0.5505386303477205,-0.07980868844676617,1,1,1,1,1.0,-0.0,False,1,
san_jose,san_jose_1348,1.6366186992858989,1.6757914677720755,-1.186550857568136e-15,-0.9921020855611205,0.10934821078732875,0.9395039845828272,-1.0435315409620511,-0.10220971135443631,1.08623065414654,1.173625078488266,-1.0435315409620511,-1.0679271655387954,-1.0757017091036425,-1.0152526516715297,-1.0435315409620511,-0.10292269930791643,1.410470435419779,-0.9463065261374907,1.2328017316626636,-0.9539307987440393,-1.023411603845342,0.8518650002009256,-1.2822090460682984,-1.0931402986156942,-1.1282148030054762,-0.8090550398079427,6.613876535879535,-0.10193962257473484,-5.361079785881615,-0.4959172890861918,-0.29863974253397674,1.8164029640724113,-0.07980868844676617,0,0,1,0,0.6666666666666666,0.5793801642856949,False,0,1.0
san_jose,san_jose_1349,1.011742369159587,1.0066297719749018,-1.186550857568136e-15,-0.8076602950107525,0.19312609058780217,0.7238627638564923,-0.9144627914585337,-0.10220971135443631,-1.5549811633752084,0.43489256402655313,-0.9144627914585337,-0.8650205722884694,1.5540712737718505,-0.7458584474454149,-0.9144627914585337,-0.10292269930791643,0.9738469022867339,-0.745253952001615,0.5311915532403791,-0.23734798647192737,-0.3063035657744842,-1.580640612241589,-1.2822090460682984,-1.365902922661691,-1.1282152351598684,0.09674263097792053,-0.1511972584572906,-0.10193962257473484,0.18652958731065797,-0.4959172890861918,3.3485161469630915,-0.5505386303477205,-0.07980868844676617,1,1,1,1,1.0,-0.0,False,1,1.0
san_jose,san_jose_1350,1.011742369159587,1.0066297719749018,-1.186550857568136e-15,-0.8329412664203046,0.003310268937036823,0.2815436160188595,0.1304917796164729,-0.10220971135443631,0.13101748631856178,-0.3805111027465801,0.1304917796164729,-0.8323916848466001,1.5855669438057085,-0.9083855167537516,0.1304917796164729,-0.10292269930791643,0.13668645128110504,-0.3787273733804516,-0.4735357909493017,0.48133814513863193,0.5295790201450518,-1.580640612241589,-1.2822090460682984,-1.365902922661691,-1.1282152351598684,-0.8090550398079427,-0.1511972584572906,-0.10193962257473484,0.18652958731065797,-0.4959172890861918,3.3485161469630915,-0.5505386303477205,-0.07980868844676617,1,1,1,1,1.0,-0.0,False,1,1.0
san_jose,san_jose_1352,-0.9055043080526394,-0.9043555738409986,-1.186550857568136e-15,0.21855558971223396,-0.5886859165235805,0.8459065287989636,-0.2653982090815759,-0.10220971135443631,-1.5810682764480448,-0.3283977485735121,-0.2653982090815759,0.06005747149296866,0.8937304525850249,0.05941256310783658,-0.2653982090815759,-0.10292269930791643,0.6017643672015054,-0.8659013518479526,-0.24508281795886075,0.504512268913329,0.3804244935533787,0.14521965908246323,0.4276851942992455,1.7441651289039801,-1.0965972900252394,-0.8090550398079427,-0.1511972584572906,-0.10193962257473484,0.18652958731065797,-0.4959172890861918,-0.29863974253397674,-0.5505386303477205,-0.07980868844676617,1,1,1,1,1.0,-0.0,False,1,1.0
san_jose,san_jose_1353,1.011742369159587,1.0066297719749018,-1.186550857568136e-15,1.767633424214441,-1.8104593199508514,-0.6613064485167852,1.0385953195140383,-0.10220971135443631,-1.2149766054786153,-1.0539805627217416,1.0385953195140383,1.5264076500856087,0.04577497063023098,1.3422779243102365,1.0385953195140383,-0.10292269930791643,-0.8536533589509759,0.45248126037398856,-1.1365068584862188,1.187917259883727,1.1280166912555285,1.1865421849997955,-1.2822090460682984,0.8706759782457001,-1.1282150007912308,-0.8090550398079427,-0.1511972584572906,-0.10193962257473484,0.18652958731065797,-0.4959172890861918,-0.29863974253397674,1.8164029640724113,-0.07980868844676617,1,1,1,1,1.0,-0.0,False,1,1.0
san_jose,san_jose_1354,1.011742369159587,1.0066297719749018,-1.186550857568136e-15,-1.0414751346055013,0.2684712838413274,0.9321932461508755,-1.0435315409620511,-0.10220971135443631,-1.5044115609217972,-0.4127465893858443,-1.0435315409620511,-1.0716571005885926,-1.0757017091036425,-1.0581933165256232,-1.0435315409620511,-0.10292269930791643,0.1393731425377075,-0.9400292812441683,-0.5184791446254121,0.5498548137624705,0.5817803935892811,1.3529792073126958,-1.2822090460682984,-0.6959880551956024,-1.1282147491627499,-0.8090550398079427,6.613876535879535,-0.10193962257473484,-5.361079785881615,-0.4959172890861918,-0.29863974253397674,1.8164029640724113,-0.07980868844676617,1,0,0,0,0.6666666666666666,0.5793801642856949,False,0,0.0
san_jose,san_jose_1355,-0.9055043080526394,-0.9043555738409986,-1.186550857568136e-15,0.058070984413973785,0.6494784120018832,-1.034386805708638,1.119652823915733,-0.10220971135443631,1.0929913766533432,0.5371705021092289,1.119652823915733,0.21825164081457565,0.7498782396060605,0.3854722796989804,1.119652823915733,-0.10292269930791643,0.07176176169139252,1.384382982309841,1.1700007024383021,-1.2531698571072107,-1.4650498209274871,0.15748807799090547,-1.2549602176276913,-0.3480849376286028,-1.1154477555241162,0.09674263097792053,6.613876535879535,-0.10193962257473484,-5.361079785881615,-0.4959172890861918,-0.29863974253397674,1.8164029640724113,-0.07980868844676617,1,1,1,1,1.0,-0.0,False,1,1.0
san_jose,san_jose_1356,1.011742369159587,1.0066297719749018,-1.186550857568136e-15,1.112126701177372,-0.7299603114742936,-0.43950948845810694,0.5885143351449086,-0.10220971135443631,1.0964017369507584,0.19485703590296405,0.5885143351449086,0.7399789511690903,0.5790030494650408,1.0641221284253537,0.5885143351449086,-0.10292269930791643,0.24330166644701423,0.26250151941810723,0.26466486055998395,-0.0008162703910167662,-0.10192593995066306,0.48797184665549537,-0.5223808328684955,0.4666857309020923,0.7266598879496864,-0.8090550398079427,-0.1511972584572906,-0.10193962257473484,0.18652958731065797,2.0164652896911486,-0.29863974253397674,-0.5505386303477205,-0.07980868844676617,1,1,1,1,1.0,-0.0,False,1,1.0
san_jose,san_jose_1357,-0.9055043080526394,-0.9043555738409986,-1.186550857568136e-15,-0.5224209475460714,-0.29921939719087653,0.8473126187363029,-0.438498195117729,-0.10220971135443631,-1.6317017002132834,-0.9005851472117402,-0.438498195117729,-0.4347996311858325,1.9499949551533855,-0.5360979886848941,-0.438498195117729,-0.10292269930791643,-0.45510397198263086,-0.8637252876385458,-1.0947441520395504,1.005922058310209,1.0957580837647027,-1.0146765968426306,1.2245934775743341,-0.08376139440117158,0.244197579694576,-0.8090550398079427,6.613876535879535,-0.10193962257473484,-5.361079785881615,-0.4959172890861918,-0.29863974253397674,-0.5505386303477205,-0.07980868844676617,1,1,1,1,1.0,-0.0,False,1,1.0
san_jose,san_jose_1358,1.6366186992858989,1.6757914677720755,-1.186550857568136e-15,-0.46436009285929514,-0.5526628452665937,-0.5486615902426885,0.9818418893116894,-0.10220971135443631,1.0959130811774054,0.3846736278834335,0.9818418893116894,-0.7129613954209402,0.3720015053852001,-0.4883669117757317,0.9818418893116894,-0.10292269930791643,-0.11803914960780737,0.9997282903223841,0.5569569475399792,-0.26398480110255435,-0.47243420797398433,-0.2281442981690803,0.23204938176243928,1.8450332216413508,-0.8153258909956244,-0.8090550398079427,6.613876535879535,-0.10193962257473484,-5.361079785881615,-0.4959172890861918,-0.29863974253397674,-0.5505386303477205,-0.07980868844676617,1,0,1,1,0.6666666666666666,0.5793801642856949,False,1,1.0
san_jose,san_jose_1359,1.6366186992858989,1.6757914677720755,-1.186550857568136e-15,-0.9945585806880017,0.33036543735908247,0.9395039845828272,-1.0435315409620511,-0.10220971135443631,-1.5192254584277967,-0.6454912152113345,-1.0435315409620511,-0.987396789169524,-1.0757017091036425,-1.0349550204611684,-1.0435315409620511,-0.10292269930791643,-0.0987012184118126,-0.9463065261374835,-0.7612398373092033,0.7793706712198553,0.7926735254757326,-1.1901451555829174,1.2607707747404167,0.5829911705589225,-0.03918026259419511,0.09674263097792053,-0.1511972584572906,-0.10193962257473484,0.18652958731065797,-0.4959172890861918,-0.29863974253397674,-0.5505386303477205,-0.07980868844676617,1,1,1,1,1.0,-0.0,False,1,1.0
san_jose,san_jose_1360,-0.9055043080526394,-0.9043555738409986,-1.186550857568136e-15,-0.7141901563666039,0.7298567296916332,0.9395039845828272,-1.0435315409620511,-0.10220971135443631,-0.11686137697001166,0.09944773136234789,-1.0435315409620511,-0.6092414248825825,-1.0757017091036425,-0.6489344607263834,-1.0435315409620511,-0.10292269930791643,0.2478648140887685,-0.9463065261374907,-0.1727491468614258,-0.4511166193080293,0.12273194695020345,-1.580640612241589,-1.2822090460682984,-1.365902922661691,-1.1282152351598684,-0.8090550398079427,-0.1511972584572906,-0.10193962257473484,0.18652958731065797,-0.4959172890861918,3.3485161469630915,-0.5505386303477205,-0.07980868844676617,2,2,1,2,0.6666666666666666,0.5793801642856949,False,2,1.0
san_jose,san_jose_1361,1.6366186992858989,1.6757914677720755,-1.186550857568136e-15,0.5567709981481349,-1.6140592624682215,-1.1534063914947184,0.454050128961223,-0.10220971135443631,-1.192406830776163,-1.771509019252774,0.454050128961223,0.6683337896968806,1.1000832312085784,-0.19042715019351997,0.454050128961223,-0.10292269930791643,-1.472552223744652,1.0393840238948788,-1.7230133470524642,1.6358636468670729,1.7588970936317805,1.7969836606526912,-1.2822090460682984,-0.6682521072046215,-1.1282150007912308,0.09674263097792053,-0.1511972584572906,-0.10193962257473484,0.18652958731065797,-0.4959172890861918,-0.29863974253397674,1.8164029640724113,-0.07980868844676617,1,1,1,1,1.0,-0.0,False,1,1.0
san_jose,san_jose_1363,1.011742369159587,1.0066297719749018,-1.186550857568136e-15,-0.5389442424696722,-0.5917167059670078,-0.057565928599459366,0.23749897337719483,-0.10220971135443631,0.10793271807495812,-0.8676005992292981,0.23749897337719483,-0.4680851511588849,1.2336169416948288,-0.7381922886770971,0.23749897337719483,-0.10292269930791643,-0.403448966947234,0.055272832643765674,-1.0147027872412078,0.995072125412666,1.0094277042616067,-0.6224385835361839,-0.8910901315619829,0.0876482730599063,0.41167905569581836,-0.8090550398079427,-0.1511972584572906,9.809728295461023,-5.361079785881615,2.0164652896911486,-0.29863974253397674,-0.5505386303477205,-0.07980868844676617,1,1,1,1,1.0,-0.0,False,1,1.0
san_jose,san_jose_1364,-0.9055043080526394,-0.9043555738409986,-1.186550857568136e-15,-0.9271218301793734,0.0432516033708811,0.9395039845828272,-1.0435315409620511,-0.10220971135443631,-1.7811320252784282,-0.8324253983671603,-1.0435315409620511,-0.903632130081784,-1.0757017091036425,-0.978336349608715,-1.0435315409620511,-0.10292269930791643,-0.31313126663309976,-0.9463065261374973,-0.9607265643554944,0.9573859198466198,0.972896855598787,-1.2607860462540565,1.2886618751784826,-0.8957374224133918,0.2091191500278211,-0.8090550398079427,6.613876535879535,-0.10193962257473484,-5.361079785881615,-0.4959172890861918,-0.29863974253397674,-0.5505386303477205,-0.07980868844676617,1,1,1,1,1.0,-0.0,False,1,1.0
san_jose,san_jose_1366,1.011742369159587,1.0066297719749018,-1.186550857568136e-15,1.6433798253113276,-1.1569312136829406,-2.049874641440064,1.9083149588200505,-0.10220971135443631,-1.4789633326085116,-1.0755914039624608,1.9083149588200505,1.8056529160733303,0.03677263643216866,1.3944618656229688,1.9083149588200505,-0.10292269930791643,-1.1354162294480643,1.9306293878955498,-0.7908700049178548,-1.048621381482001,-0.3517136991916559,-1.580640612241589,-1.2822090460682984,-1.365902922661691,-1.1282152351598684,-0.8090550398079427,-0.1511972584572906,9.809728295461023,-5.361079785881615,-0.4959172890861918,3.3485161469630915,-0.5505386303477205,-0.07980868844676617,0,0,1,0,0.6666666666666666,0.5793801642856949,False,1,1.0
san_jose,san_jose_1367,-0.9055043080526394,-0.9043555738409986,-1.186550857568136e-15,0.1185429124966612,0.36434726574211584,-0.1083405152793431,0.19688893333487192,-0.10220971135443631,-1.5068351625924803,-0.48888415485429,0.19688893333487192,0.4207380955577221,0.6519229325795525,0.43595462942723784,0.19688893333487192,-0.10292269930791643,-0.19133124571647858,-0.038636510766926604,-0.4925808136676941,0.6421169404960432,0.5552775511056706,1.2552030206369413,-1.2822090460682984,-0.13369417638663436,-1.128214695602789,0.09674263097792053,6.613876535879535,-0.10193962257473484,-5.361079785881615,-0.4959172890861918,-0.29863974253397674,1.8164029640724113,-0.07980868844676617,1,1,1,1,1.0,-0.0,False,1,1.0
san_jose,san_jose_1368,-0.9055043080526394,-0.9043555738409986,-1.186550857568136e-15,-0.9562125940289432,0.8701560201747841,0.3043148893866259,0.7204061933833266,-0.10220971135443631,0.9636815732679909,-0.052494729201959835,0.7204061933833266,-0.9140330373328671,1.125333913893365,-0.9465717764350614,0.7204061933833266,-0.10292269930791643,0.3474868781862923,-0.39848330954578026,-0.23794942941110397,0.029880381729992578,0.3126278229707923,-1.580640612241589,-1.2822090460682984,-1.365902922661691,-1.1282152351598684,-0.8090550398079427,-0.1511972584572906,-0.10193962257473484,0.18652958731065797,-0.4959172890861918,3.3485161469630915,-0.5505386303477205,-0.07980868844676617,2,2,2,2,1.0,-0.0,False,2,2.0
san_jose,san_jose_1369,1.011742369159587,1.0066297719749018,-1.186550857568136e-15,1.8689116816038496,-0.6119701419360609,-1.2131901508020375,1.1744212870161503,-0.10220971135443631,-1.493983639711953,-0.6326534777428177,1.1744212870161503,1.9123070068169854,-0.3070523967669584,1.8819350192684114,1.1744212870161503,-0.10292269930791643,-1.140994915795457,1.1105100136345813,-0.594012112292144,0.7421738155608655,0.5258799207660395,-1.580640612241589,-1.2822090460682984,-1.365902922661691,-1.1282152351598684,-0.8090550398079427,6.613876535879535,-0.10193962257473484,-5.361079785881615,-0.4959172890861918,3.3485161469630915,-0.5505386303477205,-0.07980868844676617,1,1,1,1,1.0,-0.0,False,1,1.0
san_jose,san_jose_1370,-0.9055043080526394,-0.9043555738409986,-1.186550857568136e-15,-0.7682530094615175,-0.5172097694634809,0.060126061559042605,-0.01974767145304458,-0.10220971135443631,1.0989047577034856,-0.6723234443615886,-0.01974767145304458,-0.8088699609694732,1.7795573711136863,-0.8164850526920424,-0.01974767145304458,-0.10292269930791643,-0.24363017413628893,-0.1804694655199248,-0.8681602906388084,0.731696586389803,0.8716556340930894,0.18136527812811237,0.8597791548094289,1.2909161569330232,0.9297697471842712,0.09674263097792053,-0.1511972584572906,-0.10193962257473484,0.18652958731065797,-0.4959172890861918,-0.29863974253397674,-0.5505386303477205,-0.07980868844676617,2,2,2,2,1.0,-0.0,False,2,2.0
san_jose,san_jose_1371,-0.9055043080526394,-0.9043555738409986,-1.186550857568136e-15,-0.4029205594960888,-0.8470989140601307,0.9395039845828272,-1.0435315409620511,-0.10220971135443631,-0.10156899473788568,1.8083435186956545,-1.0435315409620511,-0.8014264836158684,-1.0757017091036425,-0.5601454272597841,-1.0435315409620511,-0.10292269930791643,1.5963118299856223,-0.9463065261374956,1.584720487421853,-1.6487359708531293,-1.6526234300036922,-1.580640612241589,-1.2822090460682984,-1.365902922661691,-1.1282152351598684,-0.8090550398079427,-0.1511972584572906,-0.10193962257473484,0.18652958731065797,-0.4959172890861918,3.3485161469630915,-0.5505386303477205,-0.07980868844676617,2,1,2,2,0.6666666666666666,0.5793801642856949,False,2,0.0
san_jose,san_jose_1372,-0.9055043080526394,-0.9043555738409986,-1.186550857568136e-15,0.9850630202232065,-0.2358690467972934,-0.5187936636809224,0.14245326749242798,-0.10220971135443631,1.1056605550226526,0.7133041217124501,0.14245326749242798,0.6910379755307464,0.5461621241140705,1.1473156719569813,0.14245326749242798,-0.10292269930791643,0.5528053534567301,0.35285226536080133,0.9150322643024167,-0.5047806703181211,-0.769751331370602,-0.14718964542309412,-0.02318347772132357,-0.8980540360397307,-1.0969451114322233,-0.8090550398079427,-0.1511972584572906,-0.10193962257473484,0.18652958731065797,-0.4959172890861918,-0.29863974253397674,1.8164029640724113,-0.07980868844676617,1,1,1,1,1.0,-0.0,False,1,1.0
san_jose,san_jose_1373,-0.9055043080526394,-0.9043555738409986,-1.186550857568136e-15,0.25050318568851476,0.4812123208576603,-0.6896718681806325,1.1907828376057252,-0.10220971135443631,1.079531670880958,-0.5324486522789423,1.1907828376057252,0.6364485857909946,0.12609503257742624,0.6547361154757184,1.1907828376057252,-0.10292269930791643,-0.32522119894229296,0.47807897217673134,-0.6369611471147784,0.6862270079495477,0.6674248546272977,-1.580640612241589,-1.2822090460682984,-1.365902922661691,-1.1282152351598684,-0.8090550398079427,6.613876535879535,-0.10193962257473484,-5.361079785881615,-0.4959172890861918,3.3485161469630915,-0.5505386303477205,-0.07980868844676617,1,1,1,1,1.0,-0.0,False,1,1.0
san_jose,san_jose_1374,-0.9055043080526394,-0.9043555738409986,-1.186550857568136e-15,-0.8748725886073041,0.18116424903975523,0.9395039845828272,-1.0435315409620511,-0.10220971135443631,1.0212575039690288,-0.2782947211945468,-1.0435315409620511,-0.8623168060047152,-1.0757017091036425,-0.9137137830445118,-1.0435315409620511,-0.10292269930791643,0.4208923970841973,-0.9463065261374907,-0.17397237502769,0.45626940791472725,0.29259706495294835,1.2368231248687966,-1.2703404207146411,-0.23335052505683282,-1.1281938436887375,-0.8090550398079427,6.613876535879535,-0.10193962257473484,-5.361079785881615,-0.4959172890861918,-0.29863974253397674,1.8164029640724113,-0.07980868844676617,1,1,1,1,1.0,-0.0,False,1,1.0
san_jose,san_jose_1376,-0.9055043080526394,-0.9043555738409986,-1.186550857568136e-15,1.5802251843953363,-0.23015525613064336,-1.5041998447615277,1.0823020764374007,-0.10220971135443631,-0.9393929805286049,-0.48838986752083147,1.0823020764374007,1.6547973924676196,-0.18728972682790318,1.698676410122976,1.0823020764374007,-0.10292269930791643,-0.6446349818544042,1.5592079545012103,-0.41323592301100365,0.5211312266179274,0.29719175557502603,-1.580640612241589,-1.2822090460682984,-1.365902922661691,-1.1282152351598684,-0.8090550398079427,-0.1511972584572906,-0.10193962257473484,0.18652958731065797,-0.4959172890861918,3.3485161469630915,-0.5505386303477205,-0.07980868844676617,1,1,1,1,1.0,-0.0,False,1,1.0
san_jose,san_jose_1377,1.011742369159587,1.0066297719749018,-1.186550857568136e-15,-0.8194731439551811,-0.425886819989089,0.7208721987433565,-0.6199833833979845,-0.10220971135443631,1.0807086358489577,-0.8947234655830356,-0.6199833833979845,-0.8229850340229174,1.9494842365644218,-0.8750734953755774,-0.6199833833979845,-0.10292269930791643,-0.3532222789836248,-0.7583455445414499,-1.0124749000945152,1.019365126883067,1.0297275543431665,0.07176111263206966,0.9188496259499498,1.0665319697660933,1.1273549669503513,-0.8090550398079427,-0.1511972584572906,-0.10193962257473484,0.18652958731065797,-0.4959172890861918,-0.29863974253397674,-0.5505386303477205,-0.07980868844676617,1,1,1,1,1.0,-0.0,False,1,1.0
san_jose,san_jose_1380,1.011742369159587,1.0066297719749018,-1.186550857568136e-15,1.45598144039074,-0.8211869739920781,-0.7694352781393632,1.052717105171109,-0.10220971135443631,1.0907275278018358,-0.7337080755693741,1.052717105171109,1.514177814778522,0.6891927493332439,1.137086497057954,1.052717105171109,-0.10292269930791643,-1.5297729730186906,1.3096975416019674,-0.2648548067155818,0.21761841217617217,0.16505551161713203,0.27578921214387037,-0.021983170541978965,1.5137788028920618,0.39351349566175475,-0.8090550398079427,-0.1511972584572906,-0.10193962257473484,0.18652958731065797,2.0164652896911486,-0.29863974253397674,-0.5505386303477205,-0.07980868844676617,1,1,1,1,1.0,-0.0,False,1,1.0
san_jose,san_jose_1382,1.011742369159587,1.0066297719749018,-1.186550857568136e-15,0.7349569917306344,-0.36161095318109654,-0.26529133810541317,0.43368544421436755,-0.10220971135443631,1.041496177181861,-0.28113664119506376,0.43368544421436755,0.6780255593392562,0.5989946424882298,0.779916062128904,0.43368544421436755,-0.10292269930791643,-0.029489163378006195,0.10220104622762147,-0.2347263507306118,0.440646174979246,0.3352401878760353,-1.0948662338606086,1.2031644337893022,0.5345341216641449,-0.6096498256796453,-0.8090550398079427,-0.1511972584572906,9.809728295461023,-5.361079785881615,-0.4959172890861918,-0.29863974253397674,-0.5505386303477205,-0.07980868844676617,1,1,1,1,1.0,-0.0,False,1,1.0
san_jose,san_jose_1383,-0.9055043080526394,-0.9043555738409986,-1.186550857568136e-15,0.25619631585191033,0.17365478789553201,-1.3233085590199842,1.0154701401583446,-0.10220971135443631,-0.9270424175528117,-0.17198914036332758,1.0154701401583446,0.2519200925847017,0.03939595365378758,0.4859653170076098,1.0154701401583446,-0.10292269930791643,-0.6544931475354738,1.4374556347049583,-0.07242932786499058,0.160441200971326,-0.06761522249475567,-1.580640612241589,-1.2822090460682984,-1.365902922661691,-1.1282152351598684,0.09674263097792053,-0.1511972584572906,-0.10193962257473484,0.18652958731065797,-0.4959172890861918,3.3485161469630915,-0.5505386303477205,-0.07980868844676617,1,1,1,1,1.0,-0.0,False,1,1.0
san_jose,san_jose_1386,1.011742369159587,1.0066297719749018,-1.186550857568136e-15,-1.0489958001654556,-1.0275688436932109,0.9293134300343912,-1.0435315409620511,-0.10220971135443631,1.0934564030224734,1.5751618927879192,-1.0435315409620511,-1.1395975344918183,-1.0757017091036425,-1.1023899834797324,-1.0435315409620511,-0.10292269930791643,1.555349972273642,-0.9209325612927693,1.4881292137776923,-1.3012305037555902,-1.4100957470961457,-0.01697215292892643,0.020345784867972973,1.1538796041162664,0.5903500948838742,0.09674263097792053,6.613876535879535,-0.10193962257473484,-5.361079785881615,2.0164652896911486,-0.29863974253397674,-0.5505386303477205,-0.07980868844676617,1,1,1,1,1.0,-0.0,False,1,1.0
san_jose,san_jose_1388,1.011742369159587,1.0066297719749018,-1.186550857568136e-15,1.769333751472259,-0.7947756431479842,-1.4478193719700647,1.207574983502816,-0.10220971135443631,1.09104933919476,-0.39472603507975024,1.207574983502816,1.7596339034595765,1.1470842093741498,1.8470595011512443,1.207574983502816,-0.10292269930791643,-1.0719056293080391,1.5885894033475607,0.23247928401382745,-0.2885158321836918,-0.4938316583708397,-0.08343735464394436,0.23261372410871026,0.49295346189740674,0.9017632939959259,-0.8090550398079427,-0.1511972584572906,-0.10193962257473484,0.18652958731065797,-0.4959172890861918,-0.29863974253397674,-0.5505386303477205,-0.07980868844676617,1,1,1,1,1.0,-0.0,False,1,1.0
san_jose,san_jose_1389,-0.9055043080526394,-0.9043555738409986,-1.186550857568136e-15,1.5044685233934794,-1.0177837599450699,-0.5104996097276518,1.4894811440105136,-0.10220971135443631,-1.3585291924817413,-0.3246561392373341,1.4894811440105136,1.2778289924885824,0.7863074080749494,1.254738894403987,1.4894811440105136,-0.10292269930791643,-1.3394595683817492,0.888487027436889,-0.5157055685266665,0.4779729998536093,0.41563265380113784,0.958334135493224,-1.2816161231782788,-0.5226984304407156,-1.121871948985094,-0.8090550398079427,-0.1511972584572906,-0.10193962257473484,0.18652958731065797,-0.4959172890861918,-0.29863974253397674,1.8164029640724113,-0.07980868844676617,1,1,1,1,1.0,-0.0,False,1,1.0
san_jose,san_jose_1391,-0.9055043080526394,-0.9043555738409986,-1.186550857568136e-15,0.07383106182337815,-0.1829119794400106,-1.1043684075625193,1.5186758072519455,-0.10220971135443631,1.0845959219766306,0.3930432347506552,1.5186758072519455,-0.1748098593644476,-0.14679403952763373,-0.03455610426590437,1.5186758072519455,-0.10292269930791643,-0.5517264603852705,1.1771519254772635,0.21789354991652193,-0.31161783893216005,-0.03272779621452642,-0.7970125660505347,0.8963161441393241,1.453391478581056,-1.0935052937193817,0.09674263097792053,-0.1511972584572906,-0.10193962257473484,0.18652958731065797,-0.4959172890861918,-0.29863974253397674,-0.5505386303477205,-0.07980868844676617,1,1,1,1,1.0,-0.0,False,1,1.0
san_jose,san_jose_1392,-0.9055043080526394,-0.9043555738409986,-1.186550857568136e-15,1.4624183180843315,0.533419463530533,-1.8714772565574487,1.813545106003771,-0.10220971135443631,1.0919698142780883,0.4998943057812567,1.813545106003771,1.7017635209413644,-0.37373084379060234,1.8286323348209468,1.813545106003771,-0.10292269930791643,-1.2828577586671737,1.6518651486265956,0.6567561726008266,-1.4276489411875304,-1.501694169641423,0.9339805038819116,-1.2822090460682984,0.7930879059603294,-1.1282147379889442,-0.8090550398079427,6.613876535879535,-0.10193962257473484,-5.361079785881615,-0.4959172890861918,-0.29863974253397674,1.8164029640724113,-0.07980868844676617,1,1,1,1,1.0,-0.0,False,1,1.0
san_jose,san_jose_1393,1.011742369159587,1.0066297719749018,-1.186550857568136e-15,0.07683923511062672,0.05568600072256868,-1.3148641206901446,1.004574809721044,-0.10220971135443631,-1.4222809624794506,1.8460854561470927,1.004574809721044,-0.04579821033853805,0.04366216783446355,0.12529245955540982,1.004574809721044,-0.10292269930791643,-1.147895472294233,1.8168176829780447,0.6394956639104217,-0.49834231561523523,-0.8212732824342811,0.2761319669603313,-1.2822090460682984,-1.3231528864550643,-1.1282146855167385,-0.8090550398079427,-0.1511972584572906,-0.10193962257473484,0.18652958731065797,-0.4959172890861918,-0.29863974253397674,1.8164029640724113,-0.07980868844676617,1,1,1,1,1.0,-0.0,False,1,1.0
san_jose,san_jose_1395,-0.9055043080526394,-0.9043555738409986,-1.186550857568136e-15,-1.0156898258621165,-0.17629535988215111,0.9388068062219667,-1.0435315409620511,-0.10220971135443631,-1.4365500871679107,-0.36622711086278414,-1.0435315409620511,-1.0520477730835494,-1.0757017091036425,-1.067703535380221,-1.0435315409620511,-0.10292269930791643,0.22232962589156516,-0.9454262373724345,-0.4291590255494042,0.5204497785690229,0.506772240990218,1.364230285463098,-1.282208991526095,-1.2696622027373667,-1.1278713169678798,0.09674263097792053,-0.1511972584572906,-0.10193962257473484,0.18652958731065797,-0.4959172890861918,-0.29863974253397674,1.8164029640724113,-0.07980868844676617,1,1,1,1,1.0,-0.0,False,1,1.0
san_jose,san_jose_1398,-0.9055043080526394,-0.9043555738409986,-1.186550857568136e-15,-0.4314589286547803,-0.2573813422570148,0.7100506227219038,0.37904692357068787,-0.10220971135443631,-1.7798464026830847,-0.39015472128069834,0.37904692357068787,-0.4273265081225138,1.6958808091527413,-0.6161728129058013,0.37904692357068787,-0.10292269930791643,0.21235103856339027,-0.5737323061132747,-0.4877881594956563,0.5500905389465545,0.5756620244216883,-1.580640612241589,-1.2822090460682984,-1.365902922661691,-1.1282152351598684,-0.8090550398079427,-0.1511972584572906,9.809728295461023,-5.361079785881615,-0.4959172890861918,3.3485161469630915,-0.5505386303477205,-0.07980868844676617,1,2,2,2,0.6666666666666666,0.5793801642856949,False,2,1.0
san_jose,san_jose_1399,-0.9055043080526394,-0.9043555738409986,-1.186550857568136e-15,0.3920710726363581,-0.540442632580007,-0.05772056494204016,0.3355390559188821,10.15665903551004,-1.4216843855575048,0.6994051981587892,0.3355390559188821,-0.028294070233062577,0.993565378757299,0.29448070769525864,0.3355390559188821,9.73561504438857,0.45342585041356653,0.4989825726781999,0.5185503842119626,-0.5002670082284455,-0.6615259978337109,0.22927631163961218,-1.2822090460682984,0.001886727830920346,-1.1282146855167385,-0.8090550398079427,-0.1511972584572906,-0.10193962257473484,0.18652958731065797,-0.4959172890861918,-0.29863974253397674,1.8164029640724113,-0.07980868844676617,1,1,1,1,1.0,-0.0,False,1,1.0
san_jose,san_jose_1400,-0.9055043080526394,-0.9043555738409986,-1.186550857568136e-15,-0.5509468272246759,-0.004059355164347763,0.7233267991775101,-0.6232885847117552,-0.10220971135443631,1.1992182778294027,-0.793573970006394,-0.6232885847117552,-0.39950241110979556,1.9733754928077842,-0.6673446251971973,-0.6232885847117552,-0.10292269930791643,0.05390597232265431,-0.7604587488249095,-0.7574079023231127,0.9297877575079969,0.8115059989338355,-1.580640612241589,-1.2822090460682984,-1.365902922661691,-1.1282152351598684,-0.8090550398079427,-0.1511972584572906,9.809728295461023,-5.361079785881615,-0.4959172890861918,3.3485161469630915,-0.5505386303477205,-0.07980868844676617,2,1,1,1,0.6666666666666666,0.5793801642856949,False,1,1.0
san_jose,san_jose_1401,1.011742369159587,1.0066297719749018,-1.186550857568136e-15,1.4885759325486667,-0.6203316105518232,-0.9981889488261166,0.646644677916255,-0.10220971135443631,1.2071113444602906,-0.7910842566509517,0.646644677916255,1.5316725806433835,-0.09820491397696367,1.412053821266138,0.646644677916255,-0.10292269930791643,-0.7247993381838169,0.7602646611986352,-0.7780601171846574,0.8780989870372532,0.7310891750418288,1.1093636674980605,-1.2822090460682984,1.7358938927254983,-1.1282148292214986,-0.8090550398079427,-0.1511972584572906,9.809728295461023,-5.361079785881615,-0.4959172890861918,-0.29863974253397674,1.8164029640724113,-0.07980868844676617,1,1,1,1,1.0,-0.0,False,1,1.0
san_jose,san_jose_1402,1.011742369159587,1.0066297719749018,-1.186550857568136e-15,-0.06302812837230076,0.02012966664481194,-0.6574054405352975,0.9950372466580032,-0.10220971135443631,-1.3708875811789805,0.5812849854221356,0.9950372466580032,-0.2359576396889831,0.5721461947964844,-0.07886358694680566,0.9950372466580032,-0.10292269930791643,-0.08381646016184868,1.1482172639548347,0.646409797581401,-0.3600711648155262,-0.4865630287044619,0.8257716294560982,-1.0617554969901777,0.8822299440578992,-1.1190307552419716,-0.8090550398079427,-0.1511972584572906,9.809728295461023,-5.361079785881615,-0.4959172890861918,-0.29863974253397674,1.8164029640724113,-0.07980868844676617,1,1,1,1,1.0,-0.0,False,1,1.0
san_jose,san_jose_1403,-0.9055043080526394,-0.9043555738409986,-1.186550857568136e-15,-0.5282278654112355,-0.5151654736561736,0.9395039845828272,-1.0435315409620511,-0.10220971135443631,1.1791294152838334,-1.0479519191402498,-1.0435315409620511,-0.4329426295315843,-1.0757017091036425,-0.7519810193985633,-1.0435315409620511,-0.10292269930791643,-0.48876435595407863,-0.9463065261374761,-1.0780833128818506,1.1864276340837552,1.087349911156264,1.1395733466431752,-1.2822090460682984,1.049310861020214,-1.1282148292214986,-0.8090550398079427,-0.1511972584572906,9.809728295461023,-5.361079785881615,-0.4959172890861918,-0.29863974253397674,1.8164029640724113,-0.07980868844676617,1,1,1,1,1.0,-0.0,False,1,1.0
san_jose,san_jose_1404,1.011742369159587,1.0066297719749018,-1.186550857568136e-15,-0.5386750858530424,-0.8065244258262498,-1.1872234719214234,1.3557240048779537,-0.10220971135443631,-1.4722186029726532,-0.9589018579617702,1.3557240048779537,-0.512015979771601,0.9956049138056137,-0.7465245040621726,1.3557240048779537,-0.10292269930791643,-1.2809584936185756,1.522544967717272,-1.258653916323615,1.0726466260715801,1.163597691818737,-0.9628881527301508,-1.2822090460682984,-0.7135217593705309,-1.128213156005914,-0.8090550398079427,-0.1511972584572906,-0.10193962257473484,0.18652958731065797,-0.4959172890861918,-0.29863974253397674,1.8164029640724113,-0.07980868844676617,1,1,1,1,1.0,-0.0,False,1,1.0
san_jose,san_jose_1406,1.011742369159587,1.0066297719749018,-1.186550857568136e-15,0.7071268379841268,0.4236926471151385,-1.582281142691612,1.2517252206089367,-0.10220971135443631,1.1922310999686352,-0.4315798249040689,1.2517252206089367,1.152670622006682,0.08242981861348575,1.048917486527435,1.2517252206089367,-0.10292269930791643,-0.7017417694615354,1.698813783569409,0.23690366743425897,-0.6758423185611994,-0.25167093577569055,-1.2930843427999354,1.1927317276822953,1.2214286963922043,-0.96887678061563,-0.8090550398079427,-0.1511972584572906,-0.10193962257473484,0.18652958731065797,-0.4959172890861918,-0.29863974253397674,-0.5505386303477205,-0.07980868844676617,1,1,1,1,1.0,-0.0,False,1,1.0
san_jose,san_jose_1407,-0.9055043080526394,-0.9043555738409986,-1.186550857568136e-15,1.7987427819088964,-0.9857417619384293,-1.507613395590504,1.6554847673624205,-0.10220971135443631,1.0885706467923304,-0.2581628762793485,1.6554847673624205,1.7164088154472061,0.5393141462612757,1.6128082683846074,1.6554847673624205,-0.10292269930791643,-1.4625432758793657,1.4300531719190708,-0.8008309681932961,0.4251237848888458,0.4859174967331491,1.1916497493956055,-0.4900267636054727,-1.0841463952034716,0.7889796145130871,-0.8090550398079427,6.613876535879535,-0.10193962257473484,-5.361079785881615,2.0164652896911486,-0.29863974253397674,-0.5505386303477205,-0.07980868844676617,1,1,1,1,1.0,-0.0,False,1,1.0
san_jose,san_jose_1408,1.011742369159587,1.0066297719749018,-1.186550857568136e-15,-0.20751733732663774,-1.0530524751874548,0.8450798595581331,-0.8408855128796136,-0.10220971135443631,1.0889021197769646,-0.036934380899909,-0.8408855128796136,-0.5205798598099036,1.696072784478601,-0.44429739844847677,-0.8408855128796136,-0.10292269930791643,0.41512300262751073,-0.757377342434103,-0.037494276123663677,0.22656826448089853,0.17832318696121247,-0.6748055239682101,1.0402670118210653,-0.14295286190911996,-1.0674207398520152,-0.8090550398079427,-0.1511972584572906,-0.10193962257473484,0.18652958731065797,-0.4959172890861918,-0.29863974253397674,-0.5505386303477205,-0.07980868844676617,1,0,0,0,0.6666666666666666,0.5793801642856949,False,0,1.0
san_jose,san_jose_1409,-0.9055043080526394,-0.9043555738409986,-1.186550857568136e-15,0.11344597759863022,0.6189819133375324,-0.7458358855825666,0.605355991614585,-0.10220971135443631,1.1243111069903278,2.0972309752169624,0.605355991614585,-0.02744172480412492,0.644306524938131,0.5074737833887162,0.605355991614585,-0.10292269930791643,0.6391831226976364,0.7168792098201201,1.412524127158283,-1.4916360923720382,-1.610177807842802,0.40554161251191423,-1.2777781739337297,-0.5446103645299392,-1.1279953754654222,-0.8090550398079427,-0.1511972584572906,-0.10193962257473484,0.18652958731065797,-0.4959172890861918,-0.29863974253397674,1.8164029640724113,-0.07980868844676617,1,1,1,1,1.0,-0.0,False,1,1.0
san_jose,san_jose_1410,-0.9055043080526394,-0.9043555738409986,-1.186550857568136e-15,-0.9071013256320085,-0.42036927492769904,0.9395039845828272,-1.0435315409620511,-0.10220971135443631,-1.3070442127278425,-0.9323478889386672,-1.0435315409620511,-0.9145310613346012,-1.0757017091036425,-0.9985834218308357,-1.0435315409620511,-0.10292269930791643,-0.4181426447832877,-0.9463065261374907,-1.0554420981830264,1.062160275545226,1.0620351355289612,-1.580640612241589,-1.2822090460682984,-1.365902922661691,-1.1282152351598684,-0.8090550398079427,-0.1511972584572906,9.809728295461023,-5.361079785881615,-0.4959172890861918,3.3485161469630915,-0.5505386303477205,-0.07980868844676617,1,2,2,2,0.6666666666666666,0.5793801642856949,False,2,1.0
san_jose,san_jose_1411,-0.9055043080526394,-0.9043555738409986,-1.186550857568136e-15,0.3848436623143725,-0.33896049161445174,0.057729373008662405,-0.25949629229344184,-0.10220971135443631,1.1712491245343355,0.11295550041051758,-0.25949629229344184,0.20984296858350562,0.9250996810606783,0.3544468886355538,-0.25949629229344184,-0.10292269930791643,0.40764704538930585,-0.17929927288453995,0.2405149174234054,0.0815662175854535,-0.0818113340459396,0.7761035059368262,-1.2822090226221496,-0.35164152859859676,-1.1276179656346248,-0.8090550398079427,-0.1511972584572906,-0.10193962257473484,0.18652958731065797,-0.4959172890861918,-0.29863974253397674,1.8164029640724113,-0.07980868844676617,2,1,1,1,0.6666666666666666,0.5793801642856949,False,1,1.0
san_jose,san_jose_1412,-0.9055043080526394,-0.9043555738409986,-1.186550857568136e-15,0.13864235201412042,-0.026224562636418463,-0.13033735790060874,-0.07170774275925482,-0.10220971135443631,1.1760798170743,0.41261658516901895,-0.07170774275925482,-0.003992198128580332,0.8873546701100565,0.3134692032899926,-0.07170774275925482,-0.10292269930791643,0.4892315601888803,0.1186642400619316,0.6105031645202138,-0.21848319067493727,-0.40807179765890667,0.861682243348627,-1.2822090460682984,-0.8744970364591906,-1.1282147548471215,-0.8090550398079427,6.613876535879535,-0.10193962257473484,-5.361079785881615,-0.4959172890861918,-0.29863974253397674,1.8164029640724113,-0.07980868844676617,1,1,1,1,1.0,-0.0,False,1,1.0
san_jose,san_jose_1413,1.011742369159587,1.0066297719749018,-1.186550857568136e-15,1.184574529372519,-0.5588413131164119,-1.1893598544083197,1.434730070969463,-0.10220971135443631,1.1930500410966285,-0.5469943321440496,1.434730070969463,1.1481924335313405,0.6024232098052615,1.0596203734328407,1.434730070969463,-0.10292269930791643,-1.5367786442918987,1.7460776593417016,-0.7186110635683561,0.45580861275236867,0.5130705438223155,-0.5369256838648905,0.6687938730154956,1.296268789151083,-1.013459298620504,-0.8090550398079427,-0.1511972584572906,-0.10193962257473484,0.18652958731065797,-0.4959172890861918,-0.29863974253397674,-0.5505386303477205,-0.07980868844676617,1,1,1,1,1.0,-0.0,False,1,1.0
san_jose,san_jose_1414,1.011742369159587,1.0066297719749018,-1.186550857568136e-15,0.7554026940136731,0.23682205624700978,-0.6421399569697133,0.6694900098023073,-0.10220971135443631,-1.69022598855924,1.1161672740112871,0.6694900098023073,0.6996962252767823,0.6049230484641568,0.9415721148427212,0.6694900098023073,-0.10292269930791643,-0.23366018033364566,1.2111109959920094,1.0969740014210898,-1.7789752611454266,-1.2327484112093692,0.8355931497955834,-0.4067561398935419,1.5328324080746174,0.862858710562368,-0.8090550398079427,6.613876535879535,-0.10193962257473484,-5.361079785881615,2.0164652896911486,-0.29863974253397674,-0.5505386303477205,-0.07980868844676617,1,1,1,1,1.0,-0.0,False,1,1.0
san_jose,san_jose_1415,1.011742369159587,1.0066297719749018,-1.186550857568136e-15,1.491068683492742,-0.17618217101708333,-1.3001078376988118,0.8291377025599821,-0.10220971135443631,1.1664144425403915,0.021536642113374273,0.8291377025599821,1.4467471565653374,-0.014755850107464132,1.6495395420168888,0.8291377025599821,-0.10292269930791643,-0.3148861134054493,1.1615687713428333,0.19308454878427692,0.16583005577117244,-0.23832559694576322,-0.7823642069932828,1.0323205319153217,1.955754989501077,-1.071861571491866,-0.8090550398079427,-0.1511972584572906,9.809728295461023,-5.361079785881615,-0.4959172890861918,-0.29863974253397674,-0.5505386303477205,-0.07980868844676617,1,1,1,1,1.0,-0.0,False,1,1.0
san_jose,san_jose_1416,1.011742369159587,1.0066297719749018,-1.186550857568136e-15,-0.7743982901765056,-0.03469206335970569,0.73288476512643,-0.8797117974015406,-0.10220971135443631,1.1864200863738563,0.5493549491319116,-0.8797117974015406,-0.8629737665932214,1.6706876619637336,-0.814833978406294,-0.8797117974015406,-0.10292269930791643,0.9930835795430761,-0.7686866626187406,0.668716372772632,-0.3434555136012989,-0.4349111356488717,-0.8116475413737656,0.7998391457850812,1.9022482705261103,-0.994266337577914,-0.8090550398079427,-0.1511972584572906,9.809728295461023,-5.361079785881615,-0.4959172890861918,-0.29863974253397674,-0.5505386303477205,-0.07980868844676617,1,1,1,1,1.0,-0.0,False,1,1.0
san_jose,san_jose_1417,-0.9055043080526394,-0.9043555738409986,-1.186550857568136e-15,0.8926820889585365,-0.014576740509518772,-0.7059516988984467,0.3320555426565049,-0.10220971135443631,1.1637816478588805,0.41937154844640495,0.3320555426565049,0.7638757165982115,0.39013054113791157,1.1190092471744748,0.3320555426565049,-0.10292269930791643,0.22258755978128966,0.5511616568838004,0.6446311838451274,-0.23504697437618208,-0.5020346589029716,0.8457509323114275,-1.2822090460682984,-0.7136710707233933,-1.1282147548471215,-0.8090550398079427,-0.1511972584572906,-0.10193962257473484,0.18652958731065797,-0.4959172890861918,-0.29863974253397674,1.8164029640724113,-0.07980868844676617,1,1,1,1,1.0,-0.0,False,1,1.0
san_jose,san_jose_1418,1.011742369159587,1.0066297719749018,-1.186550857568136e-15,-0.747911900521026,-1.4553500846802518,0.720255107281214,-0.7171916310614521,-0.10220971135443631,-1.3876551123288454,-0.07548396170443408,-0.7171916310614521,-0.9537360195225502,2.0318628176226152,-0.9694440761063537,-0.7171916310614521,-0.10292269930791643,0.532343986365637,-0.673806652127506,-0.07683909006175972,0.24648696314922633,0.21692567870325383,-1.1430786118755962,-0.8692245448593208,-1.15017807569538,0.08459826549376037,-0.8090550398079427,-0.1511972584572906,-0.10193962257473484,0.18652958731065797,-0.4959172890861918,3.3485161469630915,-0.5505386303477205,-0.07980868844676617,0,0,0,0,1.0,-0.0,False,0,0.0
san_jose,san_jose_1419,-0.9055043080526394,-0.9043555738409986,-1.186550857568136e-15,0.8450028058446708,-0.6280191995068165,-1.5370741668255798,1.1473337791765423,-0.10220971135443631,1.0798812533078264,-0.11301607783009403,1.1473337791765423,0.531839047266399,-0.06163175527206162,0.5849181869215696,1.1473337791765423,-0.10292269930791643,-1.3368410727965594,1.7384169561488723,-0.1972293182370865,0.25711938695736386,-0.06510939375192085,-1.568724123684817,-0.6834088255630334,-1.3054735802518695,-1.0985352116596627,-0.8090550398079427,-0.1511972584572906,-0.10193962257473484,0.18652958731065797,-0.4959172890861918,3.3485161469630915,-0.5505386303477205,-0.07980868844676617,2,1,1,1,0.6666666666666666,0.5793801642856949,False,1,1.0
san_jose,san_jose_1420,1.011742369159587,1.0066297719749018,-1.186550857568136e-15,-0.7302868176375538,0.25114708526311347,0.9395039845828272,-1.0435315409620511,-0.10220971135443631,1.1110815658782631,1.4997988006666094,-1.0435315409620511,-0.8551296891251352,-1.0757017091036425,-0.6348610388634055,-1.0435315409620511,-0.10292269930791643,1.5222249468797868,-0.9463065261374907,1.4287146834196287,-1.3827979084777047,-1.3212842828379856,0.7818873629287291,-1.2822073182947638,-0.8540004235210055,-1.1231125936027155,-0.8090550398079427,-0.1511972584572906,-0.10193962257473484,0.18652958731065797,-0.4959172890861918,-0.29863974253397674,1.8164029640724113,-0.07980868844676617,1,1,1,1,1.0,-0.0,False,1,1.0
san_jose,san_jose_1421,1.011742369159587,1.0066297719749018,-1.186550857568136e-15,0.06456066413750508,-0.2565915645526565,0.05367488462044334,0.5764720666601795,-0.10220971135443631,-1.7299071549204459,0.6299550191084016,0.5764720666601795,-0.1884312187263192,0.9006914653763621,0.04934955941059919,0.5764720666601795,-0.10292269930791643,0.7828710247008963,-0.16912446222967303,0.7722405966844516,-0.4122786460558076,-0.48528290719659833,-0.9409691930984366,1.1366679154029662,0.4188374476768447,-1.0497915465277134,-0.8090550398079427,6.613876535879535,-0.10193962257473484,-5.361079785881615,-0.4959172890861918,-0.29863974253397674,-0.5505386303477205,-0.07980868844676617,1,1,1,1,1.0,-0.0,False,1,1.0
san_jose,san_jose_1422,1.011742369159587,1.0066297719749018,-1.186550857568136e-15,-1.0733132032954544,0.9110679167301919,0.9395039845828272,-1.0435315409620511,-0.10220971135443631,0.8741857695011567,1.9393907406342434,-1.0435315409620511,-1.1284964940026878,-1.0757017091036425,-1.083045453761456,-1.0435315409620511,-0.10292269930791643,1.7710394181926783,-0.9463065261374818,1.662316426944501,-1.6414688924870757,-1.7909770982439202,-1.580640612241589,-1.2822090460682984,-1.365902922661691,-1.1282152351598684,0.09674263097792053,6.613876535879535,-0.10193962257473484,-5.361079785881615,-0.4959172890861918,3.3485161469630915,-0.5505386303477205,-0.07980868844676617,0,1,1,1,0.6666666666666666,0.5793801642856949,False,1,1.0
san_jose,san_jose_1423,-0.9055043080526394,-0.9043555738409986,-1.186550857568136e-15,1.752943218938603,-0.844174809509,-1.0716123198431078,1.4039016980966963,-0.10220971135443631,1.075380069898467,-0.31021183918427414,1.4039016980966963,1.7211006699474094,-0.13242969449712566,1.692483696401667,1.4039016980966963,-0.10292269930791643,-1.3081905019555171,1.6276957067845206,0.8406559257102154,-0.7729039604372627,-0.9377811395553618,-0.24689813556540055,-1.2821973066340684,0.5974684097165563,-1.1150313268213208,0.09674263097792053,-0.1511972584572906,-0.10193962257473484,0.18652958731065797,-0.4959172890861918,-0.29863974253397674,1.8164029640724113,-0.07980868844676617,1,1,1,1,1.0,-0.0,False,1,1.0
san_jose,san_jose_1427,1.011742369159587,1.0066297719749018,-1.186550857568136e-15,1.857368081957222,-0.6132580710790992,-1.8953900567715203,1.457780535054815,-0.10220971135443631,1.1071571608590876,0.12600579962359856,1.457780535054815,1.7460362247400936,-0.3144387371345939,1.9203149591978848,1.457780535054815,-0.10292269930791643,-0.875180140734374,1.7203076936329997,-0.249841175594001,0.05750043994352165,-0.14824469351823455,1.4453710377982554,-0.8517237232154288,1.1607873290973532,0.11653754822807501,-0.8090550398079427,-0.1511972584572906,-0.10193962257473484,0.18652958731065797,-0.4959172890861918,-0.29863974253397674,1.8164029640724113,-0.07980868844676617,1,1,1,1,1.0,-0.0,False,1,1.0
san_jose,san_jose_1428,1.011742369159587,1.0066297719749018,-1.186550857568136e-15,0.8558248848199794,0.5078627619262716,-0.9895688620741835,1.0354548880752443,-0.10220971135443631,-1.3824211594816012,0.7599351892932749,1.0354548880752443,1.0097959603317928,1.0082752228251433,1.1334359490373307,1.0354548880752443,-0.10292269930791643,-0.266656249701726,1.3011773200107244,1.039748480774243,-1.4337414447645631,-0.9566834355854054,-1.580640612241589,-1.2822090460682984,-1.365902922661691,-1.1282152351598684,-0.8090550398079427,-0.1511972584572906,9.809728295461023,-5.361079785881615,-0.4959172890861918,3.3485161469630915,-0.5505386303477205,-0.07980868844676617,1,1,1,1,1.0,-0.0,False,1,1.0
san_jose,san_jose_1431,1.011742369159587,1.0066297719749018,-1.186550857568136e-15,1.4979783884605926,-0.01768107815815159,-1.6388029350380315,1.244142277373462,-0.10220971135443631,1.1927476622130468,0.21774733643812763,1.244142277373462,1.4747207868188221,-0.09171381681887002,1.7665509812880134,1.244142277373462,-0.10292269930791643,-0.4407775394702069,1.428336716966262,0.11095724714909674,-0.07152387875853118,-0.2729868642961591,-1.580640612241589,-1.2822090460682984,-1.365902922661691,-1.1282152351598684,-0.8090550398079427,-0.1511972584572906,-0.10193962257473484,0.18652958731065797,-0.4959172890861918,3.3485161469630915,-0.5505386303477205,-0.07980868844676617,1,1,1,1,1.0,-0.0,False,1,1.0
san_jose,san_jose_1432,1.011742369159587,1.0066297719749018,-1.186550857568136e-15,-1.0133200788388865,0.5980355001434216,0.9395039845828272,-1.0435315409620511,-0.10220971135443631,1.169434941782109,0.4607949530994027,-1.0435315409620511,-1.0377663067248064,-1.0757017091036425,-1.019099621563064,-1.0435315409620511,-0.10292269930791643,1.0126300901565157,-0.9463065261374992,0.5698376814833371,-0.2541435153635184,-0.3395710845115929,0.9773420540511926,-1.2822090460682984,-0.7410896323993894,-1.1282147548471215,-0.8090550398079427,-0.1511972584572906,9.809728295461023,-5.361079785881615,-0.4959172890861918,-0.29863974253397674,1.8164029640724113,-0.07980868844676617,1,1,1,1,1.0,-0.0,False,1,1.0
san_jose,san_jose_1433,-0.9055043080526394,-0.9043555738409986,-1.186550857568136e-15,0.006004447053180969,0.11869655329269416,0.0012158864987067875,0.04422260095766396,-0.10220971135443631,1.191347985361315,0.6516588883047565,0.04422260095766396,-0.1298921813684545,1.00706189056368,0.3587715394212982,0.04422260095766396,-0.10292269930791643,0.8166374571432896,-0.13459261829186692,0.8266810420656957,-0.46553689120862585,-0.5980809467273424,-1.480064397534616,1.3314583669910125,-0.5869265547187885,1.1674440006920703,-0.8090550398079427,-0.1511972584572906,-0.10193962257473484,0.18652958731065797,-0.4959172890861918,-0.29863974253397674,-0.5505386303477205,-0.07980868844676617,1,1,1,1,1.0,-0.0,False,1,1.0
san_jose,san_jose_1434,1.011742369159587,1.0066297719749018,-1.186550857568136e-15,0.6631340584305698,-0.9428107764810678,0.10595166455396185,0.034490302460284374,-0.10220971135443631,-1.4774596076293574,-0.4007555251773123,0.034490302460284374,0.36845779526330674,0.7838290255292958,0.33904574864527054,0.034490302460284374,-0.10292269930791643,-0.2134651970814194,0.6017423801226648,-0.3840155733430385,0.4876804947396868,0.48802591726724953,-1.580640612241589,-1.2822090460682984,-1.365902922661691,-1.1282152351598684,0.09674263097792053,-0.1511972584572906,-0.10193962257473484,0.18652958731065797,-0.4959172890861918,3.3485161469630915,-0.5505386303477205,-0.07980868844676617,1,1,1,1,1.0,-0.0,False,1,1.0
san_jose,san_jose_1435,-0.9055043080526394,-0.9043555738409986,-1.186550857568136e-15,1.6953859297623588,-0.22807192362431186,-1.7440837494565697,1.4101229593594762,-0.10220971135443631,1.0829747688109548,0.576255991449314,1.4101229593594762,1.5493247417261424,-0.21358980646481734,1.8558734121149503,1.4101229593594762,-0.10292269930791643,-0.5078974253867328,1.5020065210042013,0.33182078273871296,-0.36568839442839995,-0.6006452027536404,-0.41261167736613963,0.9258063630615084,1.601727542352172,-1.0320767331769163,-0.8090550398079427,-0.1511972584572906,-0.10193962257473484,0.18652958731065797,-0.4959172890861918,-0.29863974253397674,-0.5505386303477205,-0.07980868844676617,1,1,1,1,1.0,-0.0,False,1,1.0
san_jose,san_jose_1436,1.011742369159587,1.0066297719749018,-1.186550857568136e-15,1.4581095489022262,-0.3601648406230256,-1.309887612528564,0.7835057469725749,-0.10220971135443631,1.1916893794119976,-0.09821779685969514,0.7835057469725749,1.3857767886874268,-0.25340643930357315,1.4446122959453769,0.7835057469725749,-0.10292269930791643,-1.1523493387832235,1.4382962232938774,-0.0005335445417691869,0.2719031655914924,-0.1441526850553563,-1.580640612241589,-1.2822090460682984,-1.365902922661691,-1.1282152351598684,-0.8090550398079427,-0.1511972584572906,-0.10193962257473484,0.18652958731065797,-0.4959172890861918,3.3485161469630915,-0.5505386303477205,-0.07980868844676617,1,1,1,1,1.0,-0.0,False,1,1.0
san_jose,san_jose_1437,1.011742369159587,1.0066297719749018,-1.186550857568136e-15,1.5468653033459117,-0.18025593890006175,-0.6341138139757955,0.2586528087085112,-0.10220971135443631,-1.730457322852484,0.5468157654627606,0.2586528087085112,1.4354640529218956,0.11242692230741116,1.715134075772694,0.2586528087085112,-0.10292269930791643,-0.2656092031200446,0.6286395417129452,0.6923080896469223,-0.34536886267139305,-0.5508639867090398,1.100704838895284,-1.2822090330691598,-0.3463186254185983,-1.1277646241379584,-0.8090550398079427,6.613876535879535,-0.10193962257473484,-5.361079785881615,-0.4959172890861918,-0.29863974253397674,1.8164029640724113,-0.07980868844676617,1,1,1,1,1.0,-0.0,False,1,1.0
san_jose,san_jose_1438,-0.9055043080526394,-0.9043555738409986,-1.186550857568136e-15,-0.45623270005221994,-0.2725588116251351,-0.17770607168122102,0.6809368394239856,-0.10220971135443631,1.1913470543519709,0.03190783389586049,0.6809368394239856,-0.5967562651855396,0.44227062004386836,-0.5105325724973764,0.6809368394239856,-0.10292269930791643,-0.2652780793958728,0.9026654022316866,0.27124937762942875,0.14454286726691626,-0.06894032483126977,0.742507439341129,-1.2822090460682984,-1.2908277699123973,-1.1282147548471215,0.09674263097792053,-0.1511972584572906,9.809728295461023,-5.361079785881615,-0.4959172890861918,-0.29863974253397674,1.8164029640724113,-0.07980868844676617,1,1,1,1,1.0,-0.0,False,1,1.0
san_jose,san_jose_1440,1.011742369159587,1.0066297719749018,-1.186550857568136e-15,1.414171832699308,-0.8253680874340757,-0.5762312530910695,0.24650200905024658,-0.10220971135443631,1.0952886938143973,-0.07874459061414513,0.24650200905024658,1.1383416251287468,0.31140174623253963,1.2493555604070494,0.24650200905024658,-0.10292269930791643,-0.00912922508422255,0.5708115848915456,0.0649593839797122,0.18468681979454646,0.018301222051038447,0.3048059118156469,-1.273200077403744,1.3557060233170724,-1.1268274731151877,-0.8090550398079427,6.613876535879535,-0.10193962257473484,-5.361079785881615,-0.4959172890861918,-0.29863974253397674,1.8164029640724113,-0.07980868844676617,1,1,1,1,1.0,-0.0,False,1,1.0
san_jose,san_jose_1443,-0.9055043080526394,-0.9043555738409986,-1.186550857568136e-15,1.434586137429365,-1.2028970162305845,-1.0927509439118481,1.137595138238974,-0.10220971135443631,1.0907193942986195,-0.5016209256592753,1.137595138238974,1.0960641041873695,0.03397838461734875,1.0936032690849262,1.137595138238974,-0.10292269930791643,-0.6967192075277349,1.1098943263814118,-0.5866965261337312,0.6493704957344212,0.5621256777977494,-0.5917937904125717,-0.7576106938591148,0.43760131247403283,0.0020517890396600526,-0.8090550398079427,-0.1511972584572906,-0.10193962257473484,0.18652958731065797,-0.4959172890861918,-0.29863974253397674,1.8164029640724113,-0.07980868844676617,2,1,1,1,0.6666666666666666,0.5793801642856949,False,1,1.0
san_jose,san_jose_1448,1.011742369159587,1.0066297719749018,-1.186550857568136e-15,1.5473160721275676,0.030398282495413258,-1.8250238881540655,1.681638509091985,-0.10220971135443631,1.1023093276296898,-0.9027983430341423,1.681638509091985,1.8998839059656143,-0.046307957326509074,1.7396243765741373,1.681638509091985,-0.10292269930791643,-1.00412493342594,1.6503793934448974,0.09130991374207707,-0.7189051329504725,-0.6462920059158007,0.19971223508067254,-1.2164297653918208,0.5514809129128782,-1.124301849020658,-0.8090550398079427,-0.1511972584572906,-0.10193962257473484,0.18652958731065797,-0.4959172890861918,-0.29863974253397674,1.8164029640724113,-0.07980868844676617,1,1,1,1,1.0,-0.0,False,1,1.0
san_jose,san_jose_1449,-0.9055043080526394,-0.9043555738409986,-1.186550857568136e-15,-1.104624999200987,0.590769229151695,0.9395039845828272,-1.0435315409620511,-0.10220971135443631,-1.2273407814111887,1.5581941519319686,-1.0435315409620511,-1.1594580723129724,-1.0757017091036425,-1.1328789563983515,-1.0435315409620511,-0.10292269930791643,1.5500953427477207,-0.9463065261374907,1.4792224227012132,-1.2761267753099574,-1.3921372714419042,-1.580640612241589,-1.2822090460682984,-1.365902922661691,-1.1282152351598684,-0.8090550398079427,-0.1511972584572906,-0.10193962257473484,0.18652958731065797,-0.4959172890861918,3.3485161469630915,-0.5505386303477205,-0.07980868844676617,2,1,1,1,0.6666666666666666,0.5793801642856949,False,1,1.0
san_jose,san_jose_1452,1.011742369159587,1.0066297719749018,-1.186550857568136e-15,-0.303129392312835,-0.03393861730089948,0.37533724247681227,-0.19468173833010305,-0.10220971135443631,-1.3626069047844276,0.13696302595245874,-0.19468173833010305,-0.3632682256577648,0.8143584831154433,-0.300231475616673,-0.19468173833010305,-0.10292269930791643,0.3498000094076501,-0.11502652702722219,0.07743739735850068,0.05429566583929902,0.08877932163819197,-1.580640612241589,-1.2822090460682984,-1.365902922661691,-1.1282152351598684,-0.8090550398079427,-0.1511972584572906,-0.10193962257473484,0.18652958731065797,-0.4959172890861918,3.3485161469630915,-0.5505386303477205,-0.07980868844676617,1,1,1,1,1.0,-0.0,False,1,1.0
san_jose,san_jose_1453,1.011742369159587,1.0066297719749018,-1.186550857568136e-15,-1.0207393472320092,-0.26678940685078256,0.8593044488177024,-0.9217158639545704,-0.10220971135443631,1.091040736341178,-1.1677724860196284,-0.9217158639545704,-1.0235101154695558,2.110354144502468,-1.0862741691104045,-0.9217158639545704,-0.10292269930791643,-0.6574026614376217,-0.877416253774601,-1.2607872537622913,1.29701793447251,1.2690489370543974,0.9010121609216176,-1.282207615458404,1.340887806460145,-1.1261132753532597,-0.8090550398079427,-0.1511972584572906,-0.10193962257473484,0.18652958731065797,-0.4959172890861918,-0.29863974253397674,1.8164029640724113,-0.07980868844676617,1,1,1,1,1.0,-0.0,False,1,1.0
san_jose,san_jose_1455,1.011742369159587,1.0066297719749018,-1.186550857568136e-15,-0.8623524074791874,-0.44042198757153606,0.6873329861353502,-0.8941708276766033,-0.10220971135443631,1.0973386753480754,-1.0994061475150125,-0.8941708276766033,-0.8441193117382928,1.9565809108803043,-0.9062911141187272,-0.8941708276766033,-0.10292269930791643,-0.6203464954813689,-0.614211190657668,-1.2033945750077741,1.2236286404053995,1.2028641282053278,0.8754709699848277,-1.2735890532549206,1.3830220860287263,-1.126107877594557,-0.8090550398079427,-0.1511972584572906,-0.10193962257473484,0.18652958731065797,-0.4959172890861918,-0.29863974253397674,1.8164029640724113,-0.07980868844676617,1,1,1,1,1.0,-0.0,False,1,1.0
san_jose,san_jose_1457,-0.9055043080526394,-0.9043555738409986,-1.186550857568136e-15,1.2980354204854239,-0.29565125183163077,-0.7225166374793269,0.9293175741673819,-0.10220971135443631,-1.7495434070136924,0.4410567867130948,0.9293175741673819,1.0646490923893328,1.2411740874663586,1.4192459681673533,0.9293175741673819,-0.10292269930791643,-0.05313572746774621,1.0461435692790733,0.4550378925357375,-0.24463761290537503,-0.3102098076769394,-0.16516290002703482,-1.2822087276923793,1.1571706752704976,-1.1273681825226558,-0.8090550398079427,-0.1511972584572906,-0.10193962257473484,0.18652958731065797,-0.4959172890861918,-0.29863974253397674,1.8164029640724113,-0.07980868844676617,1,1,1,1,1.0,-0.0,False,1,1.0
san_jose,san_jose_1458,-0.9055043080526394,-0.9043555738409986,-1.186550857568136e-15,1.9636294268540446,-0.9431712573307769,-2.0098989199548605,1.6468645806075066,-0.10220971135443631,1.115724631349387,-0.27107183969909265,1.6468645806075066,1.916194913923706,-0.5953690946994366,1.9760196052254284,1.6468645806075066,-0.10292269930791643,-1.460021930053075,1.9013366129607319,-0.9192657666129154,0.4042998852951522,0.2482557929280729,0.4179128931509377,-1.2308665656754012,0.35594739907545697,-0.9593655198979588,-0.8090550398079427,-0.1511972584572906,9.809728295461023,-5.361079785881615,-0.4959172890861918,-0.29863974253397674,1.8164029640724113,-0.07980868844676617,1,1,1,1,1.0,-0.0,False,1,1.0
san_jose,san_jose_1459,1.011742369159587,1.0066297719749018,-1.186550857568136e-15,0.8503334519227971,-1.1218922318667444,0.06789280901854293,0.2950705081856829,-0.10220971135443631,1.1121287325818194,-0.2584756708919242,0.2950705081856829,0.43098816011647473,0.7991041198190737,0.5309646349264424,0.2950705081856829,-0.10292269930791643,0.07164160255519145,-0.17983805653232265,-0.2325178148578411,0.42985173342341143,0.3552748970137643,-0.014418215502342019,0.7288312820725054,1.5228821032580986,0.6545194751367726,-0.8090550398079427,-0.1511972584572906,-0.10193962257473484,0.18652958731065797,-0.4959172890861918,-0.29863974253397674,-0.5505386303477205,-0.07980868844676617,1,1,1,1,1.0,-0.0,False,1,1.0
san_jose,san_jose_1461,1.011742369159587,1.0066297719749018,-1.186550857568136e-15,2.0159026946224663,-1.2060099025620339,-1.9750806859365513,1.5768955259469062,-0.10220971135443631,-1.3567062516815513,2.1732675959412098,1.5768955259469062,1.9496351385913668,-0.20869821992975732,2.000207834774198,1.5768955259469062,-0.10292269930791643,-1.7412932644879255,1.84704718818053,-0.3212946788441969,-0.18201992660572966,-0.31895843079935765,1.2203361517104656,-1.282209019113042,1.2272792984468404,-1.1275828541251605,-0.8090550398079427,-0.1511972584572906,-0.10193962257473484,0.18652958731065797,-0.4959172890861918,-0.29863974253397674,1.8164029640724113,-0.07980868844676617,1,1,1,1,1.0,-0.0,False,1,1.0
san_jose,san_jose_1463,-0.9055043080526394,-0.9043555738409986,-1.186550857568136e-15,-0.8473144647382285,-0.1456421350473539,0.9208762395356651,-1.0435315409620511,-0.10220971135443631,-1.0212155086705397,-0.15003623140395128,-1.0435315409620511,-0.8629412125837708,-1.0757017091036425,-0.903889572560104,-1.0435315409620511,-0.10292269930791643,0.5070627810072548,-0.9303111262177064,-0.09562322581747222,0.32594400411473223,0.22975160831340913,0.31700805242554797,-0.42568442798177636,1.2377195230349651,0.8591827956282521,-0.8090550398079427,6.613876535879535,-0.10193962257473484,-5.361079785881615,2.0164652896911486,-0.29863974253397674,-0.5505386303477205,-0.07980868844676617,1,0,0,0,0.6666666666666666,0.5793801642856949,False,0,0.0
san_jose,san_jose_1464,-0.9055043080526394,-0.9043555738409986,-1.186550857568136e-15,0.7455448451526714,-0.06412675036967895,-0.6688543380542628,0.5489176066013851,-0.10220971135443631,-1.738033598527606,0.18139824619664552,0.5489176066013851,0.8902430005371308,0.9940341626175819,0.7645412812700405,0.5489176066013851,-0.10292269930791643,0.11526050033630554,0.4592878311752249,0.42526244857411566,-0.4661925612234239,-0.4043919772352891,0.5286634338684006,-0.4387024757746097,1.243671955166537,0.8399797400581356,-0.8090550398079427,6.613876535879535,-0.10193962257473484,-5.361079785881615,2.0164652896911486,-0.29863974253397674,-0.5505386303477205,-0.07980868844676617,1,1,1,1,1.0,-0.0,False,1,1.0
san_jose,san_jose_1465,1.011742369159587,1.0066297719749018,-1.186550857568136e-15,-1.0841136294608211,1.6928747492305705,0.9150372221506621,-1.0435315409620511,-0.10220971135443631,-1.2704896670070511,0.15109342802229256,-1.0435315409620511,-1.0897682926903682,-1.0757017091036425,-1.0781624624286483,-1.0435315409620511,-0.10292269930791643,0.7062437818972751,-0.9252965603384992,0.1621681548275819,-0.0035113685145583343,0.010007624185160963,0.08791140139958938,-0.8615177001941076,0.2894865877959696,0.12431694146630083,-0.8090550398079427,6.613876535879535,-0.10193962257473484,-5.361079785881615,-0.4959172890861918,-0.29863974253397674,1.8164029640724113,-0.07980868844676617,1,1,1,1,1.0,-0.0,False,1,1.0
san_jose,san_jose_1466,-0.9055043080526394,-0.9043555738409986,-1.186550857568136e-15,0.38370442589352943,0.119639464094964,-0.44668451200812753,1.0472737344553071,-0.10220971135443631,-1.6381768013434814,0.9149551538360625,1.0472737344553071,0.4886452094068231,0.2539514060003673,0.4803176869731789,1.0472737344553071,-0.10292269930791643,-0.9325296510864518,1.3483881761874519,0.8236776562700121,-1.3233677929212448,-0.9320479273528077,0.26350966612997834,-1.282088025693913,0.06254784829154847,-1.0982209073210898,-0.8090550398079427,-0.1511972584572906,9.809728295461023,-5.361079785881615,-0.4959172890861918,-0.29863974253397674,1.8164029640724113,-0.07980868844676617,1,1,1,1,1.0,-0.0,False,1,1.0
san_jose,san_jose_1467,-0.9055043080526394,-0.9043555738409986,-1.186550857568136e-15,1.0015149306532605,-0.1261038551191198,-1.1354174047936565,1.0145220874220988,-0.10220971135443631,-1.4578750981462818,0.16397454051367596,1.0145220874220988,0.9996886804718399,0.3972231685362797,1.0139983564804338,1.0145220874220988,-0.10292269930791643,-0.6725582526704382,1.2426502234862444,0.6733606563127148,-0.493670678142153,-0.7183165407898922,-1.580640612241589,-1.2822090460682984,-1.365902922661691,-1.1282152351598684,-0.8090550398079427,-0.1511972584572906,-0.10193962257473484,0.18652958731065797,-0.4959172890861918,3.3485161469630915,-0.5505386303477205,-0.07980868844676617,1,1,1,1,1.0,-0.0,False,1,1.0
san_jose,san_jose_1471,1.011742369159587,1.0066297719749018,-1.186550857568136e-15,-0.1667761349969996,0.3837363563599192,-0.18961533910749007,0.9414717031144093,-0.10220971135443631,1.1649317263042724,1.0278599908584012,0.9414717031144093,-0.2760217476477114,0.7563023944663684,0.01313622181721126,0.9414717031144093,-0.10292269930791643,0.9302949512361773,0.03278430840598508,1.1029898738338064,-0.7945337653264504,-0.835310971437124,-0.8039291695653872,0.7688061247410306,0.7493807606379035,-0.9823422129330944,-0.8090550398079427,6.613876535879535,-0.10193962257473484,-5.361079785881615,-0.4959172890861918,-0.29863974253397674,-0.5505386303477205,-0.07980868844676617,1,1,1,1,1.0,-0.0,False,1,1.0
san_jose,san_jose_1472,-0.9055043080526394,-0.9043555738409986,-1.186550857568136e-15,-0.21987950334737175,0.9083333331995974,-0.7526667973747599,0.7251760706951028,-0.10220971135443631,-1.0695646377838233,0.4562228354412909,0.7251760706951028,-0.020378122685513145,0.4486590144131474,0.07841251927643858,0.7251760706951028,-0.10292269930791643,-0.14241003493481272,1.2656271015026295,0.6411471527124918,-0.6272758805251178,-0.6008829181395146,-0.49911053440492914,-1.1157701497983132,0.8130981200288426,-0.6008312236844,-0.8090550398079427,6.613876535879535,-0.10193962257473484,-5.361079785881615,-0.4959172890861918,-0.29863974253397674,1.8164029640724113,-0.07980868844676617,1,2,2,2,0.6666666666666666,0.5793801642856949,False,2,2.0
san_jose,san_jose_1478,1.011742369159587,1.0066297719749018,-1.186550857568136e-15,-0.9922680228955311,-0.2953093804378664,0.9395039845828272,-1.0435315409620511,-0.10220971135443631,-1.2682798657611971,-1.7860937392117218,-1.0435315409620511,-0.9196136268632022,-1.0757017091036425,-1.0851357235577341,-1.0435315409620511,-0.10292269930791643,-1.369957446010777,-0.9463065261374907,-1.7423598159568354,1.868550566966197,1.805290773765862,2.002309725080963,-0.7758239417745343,0.2699796490959026,0.26653033424006617,-0.8090550398079427,-0.1511972584572906,-0.10193962257473484,0.18652958731065797,2.0164652896911486,-0.29863974253397674,-0.5505386303477205,-0.07980868844676617,1,1,1,1,1.0,-0.0,False,1,1.0
san_jose,san_jose_1479,-0.9055043080526394,-0.9043555738409986,-1.186550857568136e-15,0.5195575370942931,-0.6764421609958944,-1.980489918387982,1.5908135492938444,-0.10220971135443631,-1.361435482918691,-0.764378639097488,1.5908135492938444,0.6959752206693736,0.23286562854653323,0.4755630844324977,1.5908135492938444,-0.10292269930791643,-1.2411024369649684,1.9399316522078889,-0.48086967161079647,-1.3135408790145153,-0.25796832578397905,-0.2794382082242463,-1.2822090460682984,0.8773262583577277,-1.1282143304849448,-0.8090550398079427,-0.1511972584572906,9.809728295461023,-5.361079785881615,-0.4959172890861918,-0.29863974253397674,1.8164029640724113,-0.07980868844676617,1,1,1,1,1.0,-0.0,False,1,1.0
san_jose,san_jose_1480,1.011742369159587,1.0066297719749018,-1.186550857568136e-15,-1.0727018065645462,0.9740130054248511,0.9395039845828272,-1.0435315409620511,-0.10220971135443631,1.165138269667669,1.478042710215481,-1.0435315409620511,-1.1218064094297666,-1.0757017091036425,-1.0813264124604072,-1.0435315409620511,-0.10292269930791643,1.5368691640314351,-0.9463065261374959,1.457071404021578,-1.2122358227752172,-1.352156401072321,-1.090144598380502,-1.2762619643327844,-0.49351666049088544,-1.1046023840355446,-0.8090550398079427,-0.1511972584572906,-0.10193962257473484,0.18652958731065797,-0.4959172890861918,-0.29863974253397674,1.8164029640724113,-0.07980868844676617,1,1,1,1,1.0,-0.0,False,1,1.0
san_jose,san_jose_1482,1.011742369159587,1.0066297719749018,-1.186550857568136e-15,-0.21098154542572464,-0.3779718447555674,0.17615568033479923,0.636439298771046,-0.10220971135443631,1.1653262694418975,-0.12437267356758118,0.636439298771046,-0.31957301893230117,0.6048560578183247,-0.41404429071055004,0.636439298771046,-0.10292269930791643,0.4538117008106605,-0.07029112639364865,-0.05951776552957571,0.2782145171154712,0.19122007568310992,-0.13159791820317338,0.5870964682373511,0.9978210685160419,-1.0461532369750361,-0.8090550398079427,-0.1511972584572906,9.809728295461023,-5.361079785881615,-0.4959172890861918,-0.29863974253397674,-0.5505386303477205,-0.07980868844676617,1,1,1,1,1.0,-0.0,False,1,1.0
san_jose,san_jose_1483,1.011742369159587,1.0066297719749018,-1.186550857568136e-15,1.3135113505178506,-0.705551064238054,-0.7490093686193243,0.23676874818524726,-0.10220971135443631,1.1632624670774567,-0.38827840761005644,0.23676874818524726,1.1644412867383054,0.2295834837139362,1.2721329341017884,0.23676874818524726,-0.10292269930791643,-0.7952888928338092,0.9589532302090271,-0.2698647667457817,0.5416061508178974,0.2708475047002083,0.6386396298238586,-0.40843146866658525,-0.11813929690762145,0.10483187378192033,-0.8090550398079427,6.613876535879535,-0.10193962257473484,-5.361079785881615,-0.4959172890861918,-0.29863974253397674,1.8164029640724113,-0.07980868844676617,1,1,1,1,1.0,-0.0,False,1,1.0
san_jose,san_jose_1485,-0.9055043080526394,-0.9043555738409986,-1.186550857568136e-15,1.9613644041545744,-0.8966707555401129,-1.3128467184141681,0.9180103331860497,-0.10220971135443631,-1.336872137514901,-0.2458714265308713,0.9180103331860497,1.9438765626060936,-0.015394473389339226,1.9236432620229862,0.9180103331860497,-0.10292269930791643,-1.3091743053013358,1.5048440493934128,0.0029730837362324358,-0.041814096239970636,-0.11449881541987955,-0.41413479301172157,-0.44650708577057624,-1.2812349814136856,0.8435847817790781,-0.8090550398079427,6.613876535879535,-0.10193962257473484,-5.361079785881615,2.0164652896911486,-0.29863974253397674,-0.5505386303477205,-0.07980868844676617,1,1,1,1,1.0,-0.0,False,1,1.0
san_jose,san_jose_1486,-0.9055043080526394,-0.9043555738409986,-1.186550857568136e-15,0.7781759522243428,-1.1577418183204244,0.007469424055802877,0.7773616141308881,-0.10220971135443631,-1.3403117075005293,1.2218544730703549,0.7773616141308881,-0.05479562960536163,0.9369006914238421,0.31705895036819004,0.7773616141308881,-0.10292269930791643,0.6642956683963955,0.511166139521847,1.4514329696746713,-0.9732264340166861,-1.1314817971112958,0.8246884206609552,-0.8879674382933976,-0.7208833893509998,0.04463126008221198,-0.8090550398079427,6.613876535879535,-0.10193962257473484,-5.361079785881615,-0.4959172890861918,-0.29863974253397674,1.8164029640724113,-0.07980868844676617,1,0,0,0,0.6666666666666666,0.5793801642856949,False,0,0.0
san_jose,san_jose_1487,1.011742369159587,1.0066297719749018,-1.186550857568136e-15,0.2805639853878415,-0.6303538732598818,-0.8081212297710545,0.49326596615918805,-0.10220971135443631,1.1716654446579182,-0.5003036264031602,0.49326596615918805,0.08829263641989184,0.13653947732992208,0.10788652636550454,0.49326596615918805,-0.10292269930791643,-0.7698181721712881,1.293030812329488,-0.40244995969377184,0.5691911223248577,0.40435585179148226,-1.578272121083039,-1.2822090460682984,-1.3565650487033516,-1.1275694955089062,-0.8090550398079427,6.613876535879535,-0.10193962257473484,-5.361079785881615,-0.4959172890861918,3.3485161469630915,-0.5505386303477205,-0.07980868844676617,1,1,1,1,1.0,-0.0,False,1,1.0
san_jose,san_jose_1489,-0.9055043080526394,-0.9043555738409986,-1.186550857568136e-15,1.101374730759743,-0.5478810486640849,-0.9653711184424989,1.2928109795511469,-0.10220971135443631,-1.4849804821081776,0.2023706456275661,1.2928109795511469,0.9585074724727795,0.42261574059174223,0.8724023138732151,1.2928109795511469,-0.10292269930791643,-0.8353296587877291,1.0104519900078732,-0.07932283048385771,-0.03180593817240222,-0.046735901980927363,0.8923795500476451,-1.2822072471317003,0.15926107211612622,-1.1234454778880756,-0.8090550398079427,-0.1511972584572906,-0.10193962257473484,0.18652958731065797,-0.4959172890861918,-0.29863974253397674,1.8164029640724113,-0.07980868844676617,1,1,1,1,1.0,-0.0,False,1,1.0
san_jose,san_jose_1493,1.011742369159587,1.0066297719749018,-1.186550857568136e-15,-0.14046858886644803,0.2909253813757244,-0.4423678866846891,0.45021205608917014,-0.10220971135443631,-1.2980451107567514,0.4243127772247837,0.45021205608917014,-0.05032745259903013,0.7442168094777789,-0.049220903947314765,0.45021205608917014,-0.10292269930791643,0.46485357403138566,0.6746109355800579,0.7132354035358874,-0.6316598973217598,-0.4647635320422715,-1.580640612241589,-1.2822090460682984,-1.365902922661691,-1.1282152351598684,-0.8090550398079427,-0.1511972584572906,9.809728295461023,-5.361079785881615,-0.4959172890861918,3.3485161469630915,-0.5505386303477205,-0.07980868844676617,1,1,1,1,1.0,-0.0,False,1,1.0
san_jose,san_jose_1494,1.011742369159587,1.0066297719749018,-1.186550857568136e-15,1.7576578226919823,-0.9607768616614749,-1.6704701660550882,1.521747062553881,-0.10220971135443631,1.0792553802015799,-0.10980515114775757,1.521747062553881,1.554613691174973,-0.13757998187170317,1.6527987157491169,1.521747062553881,-0.10292269930791643,-0.622289157955461,1.4639797574018936,-0.47763801314214405,0.24251548954541136,0.29533583758478515,0.6023342467754149,-1.2822090460682984,1.0371830029209477,-1.1282147966963199,-0.8090550398079427,-0.1511972584572906,-0.10193962257473484,0.18652958731065797,-0.4959172890861918,-0.29863974253397674,1.8164029640724113,-0.07980868844676617,1,1,1,1,1.0,-0.0,False,1,1.0
san_jose,san_jose_1495,-0.9055043080526394,-0.9043555738409986,-1.186550857568136e-15,-0.8247552372430147,-0.6774478226675809,-0.7632463633264105,0.5085079058794422,-0.10220971135443631,1.0852565142001922,0.03504852657007717,0.5085079058794422,-0.964381810600525,0.4197400488299521,-0.9008254315905779,0.5085079058794422,-0.10292269930791643,-0.414591737808646,1.2489967655038334,0.200444108389928,0.13351667700441602,-0.14126357735787545,0.16834288426561922,-0.5177828061632522,-0.38243647659375984,0.7261314664853491,-0.8090550398079427,-0.1511972584572906,9.809728295461023,-5.361079785881615,2.0164652896911486,-0.29863974253397674,-0.5505386303477205,-0.07980868844676617,1,1,1,1,1.0,-0.0,False,1,1.0
san_jose,san_jose_1496,1.011742369159587,1.0066297719749018,-1.186550857568136e-15,1.3776142129476312,-0.8859217949540411,-1.1260911623117564,1.2168157315397659,-0.10220971135443631,1.0913161411504984,-0.827560841693097,1.2168157315397659,1.4173461663013347,0.8644513010080722,1.1227555352735277,1.2168157315397659,-0.10292269930791643,-1.8926899941514477,1.7848434759768768,-0.6403110065653939,0.24242092171017374,0.1634812916493859,0.13993798367129276,-0.616160443210138,1.177092159794307,0.5722215247461715,-0.8090550398079427,-0.1511972584572906,9.809728295461023,-5.361079785881615,2.0164652896911486,-0.29863974253397674,-0.5505386303477205,-0.07980868844676617,1,1,1,1,1.0,-0.0,False,1,1.0
san_jose,san_jose_1497,1.011742369159587,1.0066297719749018,-1.186550857568136e-15,0.8348614299666257,-0.11904649191560625,-1.7504730019897914,1.3055783516525705,-0.10220971135443631,1.0956293288494536,-0.48501964237301154,1.3055783516525705,0.9845428264798125,-0.05659675689146809,0.9038156634845786,1.3055783516525705,-0.10292269930791643,-1.5782471935402573,1.9086956851479224,-0.45355490884156463,0.1785285559065547,-0.3569330841080227,0.3119443256726749,-0.7283017797270537,0.6358496934884053,0.3815980821463462,-0.8090550398079427,-0.1511972584572906,-0.10193962257473484,0.18652958731065797,2.0164652896911486,-0.29863974253397674,-0.5505386303477205,-0.07980868844676617,1,1,1,1,1.0,-0.0,False,1,1.0
san_jose,san_jose_1498,1.011742369159587,1.0066297719749018,-1.186550857568136e-15,1.0788800540023524,-1.0921755733042047,-2.0478213643768055,1.837959699249898,-0.10220971135443631,1.104146024393089,-1.0812297560104285,1.837959699249898,1.2134455939293745,0.2611360902582949,0.5422485582869795,1.837959699249898,-0.10292269930791643,-1.2934388367864755,1.9308640142372708,-1.4684295786207453,0.2349930647585615,0.954781144106496,0.2311742352778046,-1.0259648654393472,-1.2509793641807498,-0.29367845987561725,-0.8090550398079427,6.613876535879535,-0.10193962257473484,-5.361079785881615,-0.4959172890861918,-0.29863974253397674,1.8164029640724113,-0.07980868844676617,1,1,1,1,1.0,-0.0,False,1,1.0
san_jose,san_jose_1500,1.011742369159587,1.0066297719749018,-1.186550857568136e-15,0.8279549896840874,-0.0021472297699656195,-1.0248622583285234,1.4687849763656868,-0.10220971135443631,-1.3619681646977162,0.6063975072212285,1.4687849763656868,0.810448047332577,0.5336451057628512,0.919250088464757,1.4687849763656868,-0.10292269930791643,0.33842373711964985,0.7861408151248243,1.1187140845112455,-1.3868208024617479,-1.111318100056644,-0.29713389984788663,-1.2822090460682984,0.8559619433469665,-1.1282143274542002,-0.8090550398079427,-0.1511972584572906,-0.10193962257473484,0.18652958731065797,-0.4959172890861918,-0.29863974253397674,1.8164029640724113,-0.07980868844676617,1,1,1,1,1.0,-0.0,False,1,1.0
san_jose,san_jose_1001505,1.011742369159587,1.0066297719749018,-1.186550857568136e-15,0.6187425622516138,-0.056282879379211746,-0.07824351769455558,0.6420524368838941,-0.10220971135443631,1.0939203462808733,0.7035994116533699,0.6420524368838941,0.3892283636009259,0.8676755740237931,0.8337853677009543,0.6420524368838941,-0.10292269930791643,0.544640566337626,0.1842822040806206,0.8571832858826783,-0.491504895684358,-0.6011392862495748,-1.580640612241589,-1.2822090460682984,-1.365902922661691,-1.1282152351598684,-0.8090550398079427,-0.1511972584572906,-0.10193962257473484,0.18652958731065797,-0.4959172890861918,3.3485161469630915,-0.5505386303477205,-0.07980868844676617,1,1,1,1,1.0,-0.0,False,1,1.0
san_jose,san_jose_1506,-0.9055043080526394,-0.9043555738409986,-1.186550857568136e-15,0.4835026272611465,-0.3989051798303789,-0.4668233497714584,0.5847685969554067,-0.10220971135443631,-1.4803634838899504,0.34127180505315846,0.5847685969554067,0.34960915343110677,1.266562307225492,0.3182598031921709,0.5847685969554067,-0.10292269930791643,0.07634535779015195,0.6634976861988456,0.41328692089955626,-0.385266589374376,-0.23314906308949915,0.7732194216527445,-1.2822072471318164,-0.739811228135509,-1.1234454780407406,-0.8090550398079427,-0.1511972584572906,-0.10193962257473484,0.18652958731065797,-0.4959172890861918,-0.29863974253397674,1.8164029640724113,-0.07980868844676617,2,1,1,1,0.6666666666666666,0.5793801642856949,False,1,1.0
san_jose,san_jose_1507,-0.9055043080526394,-0.9043555738409986,-1.186550857568136e-15,-0.6415033090530037,-0.3330816489336888,-0.08381489765148742,0.058484999783438685,-0.10220971135443631,1.1048818739807837,0.3400101456100457,0.058484999783438685,-0.7793694300489782,0.9624603505163798,-0.7459172260831629,0.058484999783438685,-0.10292269930791643,0.26762029236878165,0.42584726708692683,0.5645342895317481,-0.1653513161996743,-0.3699571629841443,-1.573985981513897,0.20469049713025925,-1.3231725077651433,-1.07110925793937,-0.8090550398079427,-0.1511972584572906,9.809728295461023,-5.361079785881615,-0.4959172890861918,-0.29863974253397674,-0.5505386303477205,-0.07980868844676617,1,1,1,1,1.0,-0.0,False,1,1.0
san_jose,san_jose_1508,1.011742369159587,1.0066297719749018,-1.186550857568136e-15,0.6106562743017928,0.5396056493817307,-1.0775368073542684,0.7753243158349089,-0.10220971135443631,-1.7931207188397975,0.36847244926794687,0.7753243158349089,0.8568834262421244,0.731552468960199,0.9381047937073562,0.7753243158349089,-0.10292269930791643,-0.5252536103872774,1.436854229293456,0.6980080588916702,-0.77476441248124,-0.9228877393279806,-0.015465511417547052,-0.4511310594377179,1.5204953274412496,0.8481124036305202,-0.8090550398079427,-0.1511972584572906,9.809728295461023,-5.361079785881615,2.0164652896911486,-0.29863974253397674,-0.5505386303477205,-0.07980868844676617,1,1,1,1,1.0,-0.0,False,1,1.0
san_jose,san_jose_1509,1.011742369159587,1.0066297719749018,-1.186550857568136e-15,0.18423614009265002,-0.5165321868109956,-0.12253659256247815,0.5206250808331737,-0.10220971135443631,1.1633474756938194,-0.12850097004292688,0.5206250808331737,0.009491894680252789,1.5513647769497427,-0.0280317266488233,0.5206250808331737,-0.10292269930791643,0.1930722316948157,-0.026104881704949134,-0.14190771465928337,0.30582187047983217,0.2829383690275974,1.1807879346265682,-1.2822090460346962,0.08056441659421212,-1.1281923686866737,-0.8090550398079427,-0.1511972584572906,9.809728295461023,-5.361079785881615,-0.4959172890861918,-0.29863974253397674,1.8164029640724113,-0.07980868844676617,1,1,1,1,1.0,-0.0,False,1,1.0
san_jose,san_jose_1510,-0.9055043080526394,-0.9043555738409986,-1.186550857568136e-15,1.678898381596662,-0.3643570415822894,-0.9795723106967601,0.9180780999122766,-0.10220971135443631,1.1650173274929498,0.059488864021022755,0.9180780999122766,1.6329603100719987,0.05782485169201334,1.8129147120625142,0.9180780999122766,-0.10292269930791643,-0.6602687587964051,0.7430078016883583,0.15984078860342626,0.1264222421461929,-0.14221710404841412,1.2457732108817687,-0.923438728028393,-1.119818118999703,-0.00026917008792280494,-0.8090550398079427,-0.1511972584572906,9.809728295461023,-5.361079785881615,-0.4959172890861918,-0.29863974253397674,1.8164029640724113,-0.07980868844676617,1,1,1,1,1.0,-0.0,False,1,1.0
san_jose,san_jose_1512,1.011742369159587,1.0066297719749018,-1.186550857568136e-15,0.7617276557177599,0.37579490593173853,-0.18221763263785903,0.7735005563549937,-0.10220971135443631,1.1537675634532387,0.5979806681447922,0.7735005563549937,0.8916937190462622,0.8440465093602986,1.050937125805062,0.7735005563549937,-0.10292269930791643,-0.19479143296621695,0.49131665411025155,1.1402539970263756,-1.0113826210772552,-1.0909885986723695,-1.3349747449331812,-1.282209044459267,-0.27927834030115656,-1.1281506228638583,-0.8090550398079427,-0.1511972584572906,-0.10193962257473484,0.18652958731065797,-0.4959172890861918,3.3485161469630915,-0.5505386303477205,-0.07980868844676617,1,1,1,1,1.0,-0.0,False,1,1.0
san_jose,san_jose_1488,1.011742369159587,1.0066297719749018,-1.186550857568136e-15,1.6434518660861681,-0.6861427614184648,-0.7850854093497238,0.6599673513345985,-0.10220971135443631,1.0769762262961369,0.5444272011177568,0.6599673513345985,1.2965806439419445,0.1509147729351133,1.7100730092174794,0.6599673513345985,-0.10292269930791643,0.08650019846935476,0.9075352925335144,0.8708558656047466,-0.32546128811085434,-0.6561943142421369,0.8610189443698519,-0.8107013869281177,-0.7747927766088412,0.20984312564878752,-0.8090550398079427,-0.1511972584572906,-0.10193962257473484,0.18652958731065797,2.0164652896911486,-0.29863974253397674,-0.5505386303477205,-0.07980868844676617,1,0,0,0,0.6666666666666666,0.5793801642856949,False,0,0.0
san_jose,san_jose_1516,1.011742369159587,1.0066297719749018,-1.186550857568136e-15,-0.9578589979104475,0.15579130646372827,0.3880283288510005,0.589088623257004,-0.10220971135443631,1.1533274072168072,0.5201926439568224,0.589088623257004,-1.0163207778276364,1.5228545585973376,-0.9885476254363194,0.589088623257004,-0.10292269930791643,0.8405171932215064,-0.27978271132892574,0.6878140771806133,-0.3074535282481905,-0.3857387800598706,-1.3527346034764636,-0.9047915316566837,-0.28919560721858245,-1.1259656544877572,-0.8090550398079427,-0.1511972584572906,9.809728295461023,-5.361079785881615,-0.4959172890861918,3.3485161469630915,-0.5505386303477205,-0.07980868844676617,1,1,1,1,1.0,-0.0,False,1,1.0
san_jose,san_jose_1518,1.011742369159587,1.0066297719749018,-1.186550857568136e-15,0.32435864894158,-0.961555649466172,0.08060492194878216,0.241000018187064,-0.10220971135443631,1.0769755624344044,0.05730371397600517,0.241000018187064,-0.010203404921861128,1.5796358348331043,-0.14620298260375963,0.241000018187064,-0.10292269930791643,0.2326036567068984,0.1308544450134624,0.030449807152972068,-0.05289199126387752,0.10018116283005667,0.9755313523524176,-0.47472532704654036,0.26639575406187677,0.809518504869422,-0.8090550398079427,-0.1511972584572906,-0.10193962257473484,0.18652958731065797,2.0164652896911486,-0.29863974253397674,-0.5505386303477205,-0.07980868844676617,1,1,1,1,1.0,-0.0,False,1,1.0
san_jose,san_jose_1519,1.011742369159587,1.0066297719749018,-1.186550857568136e-15,-1.0797572847447203,-0.6927133001601232,0.9395039845828272,-1.0435315409620511,-0.10220971135443631,1.15197689174805,-0.1641909071601893,-1.0435315409620511,-1.1404961568077392,-1.0757017091036425,-1.1229871312033999,-1.0435315409620511,-0.10292269930791643,0.4502839092921017,-0.9463065261374907,-0.1772045048271932,0.3476625716637451,0.2977946667899934,-0.38341138449857937,-1.2226192083305334,0.3215724158664013,-1.1281519648681526,-0.8090550398079427,-0.1511972584572906,-0.10193962257473484,0.18652958731065797,-0.4959172890861918,-0.29863974253397674,1.8164029640724113,-0.07980868844676617,1,1,1,1,1.0,-0.0,False,1,1.0
san_jose,san_jose_1523,-0.9055043080526394,-0.9043555738409986,-1.186550857568136e-15,1.2498780320742218,-0.2768019627347671,-1.0774332333527397,1.096191101538765,-0.10220971135443631,-1.241413329238997,-0.6172095088853432,1.096191101538765,1.3475395608740095,-0.17321936123395737,1.3737156224290483,1.096191101538765,-0.10292269930791643,-0.8671682605410072,1.070729836287691,-0.6018505846178207,0.7556926408783353,0.5656366118331084,-1.5451197904485787,-1.2822090460682984,-1.2700194854765212,-1.1281634897900685,-0.8090550398079427,-0.1511972584572906,-0.10193962257473484,0.18652958731065797,-0.4959172890861918,3.3485161469630915,-0.5505386303477205,-0.07980868844676617,2,1,1,1,0.6666666666666666,0.5793801642856949,False,1,1.0
san_jose,san_jose_1525,1.011742369159587,1.0066297719749018,-1.186550857568136e-15,0.1076869029648598,1.195563711001239,-1.4902301520196914,1.238030496077816,-0.10220971135443631,1.1599396627572638,1.1726023417795342,1.238030496077816,0.4695447779921338,0.42537436680009477,0.7067221358744906,1.238030496077816,-0.10292269930791643,0.251149288481311,1.233637137373953,0.9635734456771139,-1.824377999155635,-1.2700767359208673,-0.7886854785737551,0.9906464657627815,1.057160219729882,-1.0915334211242484,-0.8090550398079427,-0.1511972584572906,-0.10193962257473484,0.18652958731065797,-0.4959172890861918,-0.29863974253397674,-0.5505386303477205,-0.07980868844676617,1,1,1,1,1.0,-0.0,False,1,1.0
san_jose,san_jose_1528,1.011742369159587,1.0066297719749018,-1.186550857568136e-15,1.1799446029839495,-0.3536163426301887,-0.20237203595425562,1.0568146228811313,-0.10220971135443631,-1.3772073389016966,1.0425113074469985,1.0568146228811313,0.7298368880167398,0.37047594762581815,1.362009123931376,1.0568146228811313,-0.10292269930791643,0.5180635587965585,0.620061960166212,1.305719306021256,-0.8211185555642695,-1.0044248398077826,0.5580129789565085,-0.4278316298728742,0.7987049799356098,0.8798773808716248,-0.8090550398079427,6.613876535879535,-0.10193962257473484,-5.361079785881615,2.0164652896911486,-0.29863974253397674,-0.5505386303477205,-0.07980868844676617,1,1,1,1,1.0,-0.0,False,1,1.0
san_jose,san_jose_1530,1.6366186992858989,1.6757914677720755,-1.186550857568136e-15,0.246565073202725,-0.008483300892340171,-0.11562967802214584,0.0980227109849306,-0.10220971135443631,-1.737011422151681,0.23191525975365684,0.0980227109849306,0.16215743983131403,0.8395059162441472,0.42255068684102515,0.0980227109849306,-0.10292269930791643,0.47672301006151385,-0.03223966170305734,0.3748007012292981,-0.05496494266509627,-0.19176255347967788,0.2770157069328876,0.4606861745086623,1.027686917686365,0.5210935092286146,-0.8090550398079427,6.613876535879535,-0.10193962257473484,-5.361079785881615,-0.4959172890861918,-0.29863974253397674,-0.5505386303477205,-0.07980868844676617,1,0,1,1,0.6666666666666666,0.5793801642856949,False,1,1.0
san_jose,san_jose_1534,1.011742369159587,1.0066297719749018,-1.186550857568136e-15,-1.0491110477528287,-0.9991819627928882,0.9395039845828272,-1.0435315409620511,-0.10220971135443631,-1.2734373495666977,-1.7456595985608876,-1.0435315409620511,-1.0718235289809697,-1.0757017091036425,-1.1182877306349823,-1.0435315409620511,-0.10292269930791643,-1.3349747229060296,-0.9463065261374907,-1.7211459669037976,1.8324273815593723,1.7791419697750814,-0.31225642599529807,0.8631764652206525,-0.9153292097435081,-1.117305735488674,-0.8090550398079427,-0.1511972584572906,-0.10193962257473484,0.18652958731065797,-0.4959172890861918,-0.29863974253397674,-0.5505386303477205,-0.07980868844676617,1,1,1,1,1.0,-0.0,False,1,1.0
san_jose,san_jose_1535,-0.9055043080526394,-0.9043555738409986,-1.186550857568136e-15,0.7145054046743237,-0.05751733110040106,-1.5446813926734944,1.4354928539490759,-0.10220971135443631,1.137682216656144,0.19634583410749656,1.4354928539490759,0.5957264264176911,0.013801779408434715,0.8629203934325088,1.4354928539490759,-0.10292269930791643,-0.5697252837969454,1.498997178074092,-0.07008509882256392,-0.015107470137979612,-0.10937923893223739,0.31567166895745646,-1.2822090460682984,0.34594026839233033,-1.1282145204316738,-0.8090550398079427,-0.1511972584572906,-0.10193962257473484,0.18652958731065797,-0.4959172890861918,-0.29863974253397674,1.8164029640724113,-0.07980868844676617,1,1,1,1,1.0,-0.0,False,1,1.0
san_jose,san_jose_1536,1.011742369159587,1.0066297719749018,-1.186550857568136e-15,-0.7038272800632361,0.7677678591608518,0.8503991843525315,-0.6803029115417409,-0.10220971135443631,-1.2943483169930035,0.8301772403593404,-0.6803029115417409,-0.6872739454143043,1.8550168386631125,-0.5925046509161884,-0.6803029115417409,-0.10292269930791643,1.2709269236616973,-0.8697627920856832,1.0586254539374869,-0.6304698960189566,-0.8332649340257615,0.7350756494335062,-0.42735141535875554,1.2810558143351778,0.8810069137469513,-0.8090550398079427,6.613876535879535,-0.10193962257473484,-5.361079785881615,2.0164652896911486,-0.29863974253397674,-0.5505386303477205,-0.07980868844676617,1,1,1,1,1.0,-0.0,False,1,1.0
san_jose,san_jose_1537,1.011742369159587,1.0066297719749018,-1.186550857568136e-15,-1.0536005990710968,-1.1539371329636527,0.9279548517239823,-1.0435315409620511,-0.10220971135443631,-1.3579059862262586,-0.30566145845366194,-1.0435315409620511,-1.1234685900803283,-1.0757017091036425,-1.1164977970746826,-1.0435315409620511,-0.10292269930791643,0.2798357651981119,-0.9363898236621483,-0.36396788387011925,0.4683617031784868,0.4519093979251248,-1.5584573056008573,-1.2822041095597654,-1.3293504685726154,-1.1213774631503852,-0.8090550398079427,-0.1511972584572906,-0.10193962257473484,0.18652958731065797,-0.4959172890861918,3.3485161469630915,-0.5505386303477205,-0.07980868844676617,0,0,0,0,1.0,-0.0,False,0,0.0
san_jose,san_jose_1538,-0.9055043080526394,-0.9043555738409986,-1.186550857568136e-15,1.746543873106234,-1.0884916094645942,-0.43635503251931207,1.9444518011077856,-0.10220971135443631,1.173515308886287,-0.4200760093945846,1.9444518011077856,1.5223875659520671,-0.23962761900954754,1.6526283222642146,1.9444518011077856,-0.10292269930791643,-0.34072330515499294,0.2940716227208252,-0.1758801019310056,-0.06296219438735787,0.045778526638585906,1.5734632918586269,-1.2822078739606644,1.4498858583585745,-1.1252100299753365,-0.8090550398079427,-0.1511972584572906,-0.10193962257473484,0.18652958731065797,-0.4959172890861918,-0.29863974253397674,1.8164029640724113,-0.07980868844676617,2,1,1,1,0.6666666666666666,0.5793801642856949,False,1,1.0
san_jose,san_jose_1540,1.011742369159587,1.0066297719749018,-1.186550857568136e-15,-0.7562783118360623,-0.3685883525715358,0.6128285839444256,-0.7437488541202777,-0.10220971135443631,1.1195926079389227,0.849180685729193,-0.7437488541202777,-0.911068396180233,1.5897964522770929,-0.8095783822475439,-0.7437488541202777,-0.10292269930791643,1.209203460459759,-0.6652539319754087,1.0082896505346342,-0.6161657156357716,-0.7766590460375179,-1.093149541047284,-0.8577501984286379,-0.994428564535068,-1.118203060818107,-0.8090550398079427,-0.1511972584572906,-0.10193962257473484,0.18652958731065797,-0.4959172890861918,-0.29863974253397674,1.8164029640724113,-0.07980868844676617,1,0,0,0,0.6666666666666666,0.5793801642856949,False,0,0.0
san_jose,san_jose_1541,1.011742369159587,1.0066297719749018,-1.186550857568136e-15,-0.278600242042152,0.20558587588357993,-0.8494560902824642,0.6034866075233465,-0.10220971135443631,-1.276020644202711,-0.46504851365569283,0.6034866075233465,-0.158539152238422,0.3170601128005799,-0.3172547271614283,0.6034866075233465,-0.10292269930791643,-0.8140849093704212,1.3082159905826218,-0.38787845782096103,0.5767219769267616,0.29830004696698187,1.522383787030009,-1.2331163490811743,0.1424161090351431,-1.1190646532233002,-0.8090550398079427,-0.1511972584572906,-0.10193962257473484,0.18652958731065797,-0.4959172890861918,-0.29863974253397674,1.8164029640724113,-0.07980868844676617,1,1,1,1,1.0,-0.0,False,1,1.0
san_jose,san_jose_1543,1.011742369159587,1.0066297719749018,-1.186550857568136e-15,0.6654941501757148,0.2686420922798906,-1.3203172079481493,1.0728844641833917,-0.10220971135443631,1.1220670293189685,-0.566765346455332,1.0728844641833917,1.3468381488300494,0.8379845332879775,0.90896472167775,1.0728844641833917,-0.10292269930791643,-1.3022548763410868,1.3933156958456074,-0.07976462311846967,-0.24842526192325323,-0.06611540501191826,-0.4227295339420288,-1.2822086302157916,-1.2763699885638182,-1.1256935850396739,-0.8090550398079427,-0.1511972584572906,-0.10193962257473484,0.18652958731065797,-0.4959172890861918,-0.29863974253397674,1.8164029640724113,-0.07980868844676617,1,1,0,1,0.6666666666666666,0.5793801642856949,False,0,0.0
san_jose,san_jose_1548,1.011742369159587,1.0066297719749018,-1.186550857568136e-15,1.5192870623662778,-0.5887953854633466,-1.0262088770658906,0.587441590424629,-0.10220971135443631,-1.2727298294588711,-0.8925225502908889,0.587441590424629,1.6092482604539775,-0.08240597455222225,1.5176452839565469,0.587441590424629,-0.10292269930791643,-0.7992057287307917,0.8345952403529495,-0.7992480054994262,1.028328350885684,0.7569566365268049,-0.07854301912980292,0.6976159639894953,0.715560863662149,-1.0340782358668692,-0.8090550398079427,-0.1511972584572906,-0.10193962257473484,0.18652958731065797,-0.4959172890861918,-0.29863974253397674,-0.5505386303477205,-0.07980868844676617,1,1,1,1,1.0,-0.0,False,1,1.0
san_jose,san_jose_1549,1.011742369159587,1.0066297719749018,-1.186550857568136e-15,-0.4469634320637569,0.3607557064362383,0.9395039845828272,-1.0435315409620511,-0.10220971135443631,-1.1964275774318525,1.220683095078993,-1.0435315409620511,-0.5538661098735629,-1.0757017091036425,-0.35069631484658675,-1.0435315409620511,-0.10292269930791643,1.6944902765716998,-0.9463065261374907,1.3137263738526477,-0.9615730731921418,-1.0880702420246395,-1.580640612241589,-1.2822090460682984,-1.365902922661691,-1.1282152351598684,-0.8090550398079427,-0.1511972584572906,-0.10193962257473484,0.18652958731065797,-0.4959172890861918,3.3485161469630915,-0.5505386303477205,-0.07980868844676617,1,1,1,1,1.0,-0.0,False,1,1.0
san_jose,san_jose_1554,-0.9055043080526394,-0.9043555738409986,-1.186550857568136e-15,1.0403770221019066,0.03248968225692148,-1.0420631976723695,0.7410361592729204,-0.10220971135443631,-1.362376876778734,0.7487040165578935,0.7410361592729204,0.8388579999232755,0.3748029237437397,1.408498240196158,0.7410361592729204,-0.10292269930791643,0.2987101189494542,0.8010735570693941,0.8561150747478773,-0.528037320885558,-0.8031099459479506,0.021360647554197032,-1.2822090460682984,1.2295815212600842,-1.1282144403772676,-0.8090550398079427,6.613876535879535,-0.10193962257473484,-5.361079785881615,-0.4959172890861918,-0.29863974253397674,1.8164029640724113,-0.07980868844676617,1,2,2,2,0.6666666666666666,0.5793801642856949,False,2,2.0
san_jose,san_jose_1556,-0.9055043080526394,-0.9043555738409986,-1.186550857568136e-15,1.1972414546095655,-0.37547377407577637,-0.8153533692209278,0.778533690124203,-0.10220971135443631,1.037180592941895,-0.060337939383085695,0.778533690124203,1.08607046134737,0.3050633870354364,1.3400931480696578,0.778533690124203,-0.10292269930791643,-0.10866178498994081,0.594397428813473,-0.016909985852640263,0.22864390638199786,0.08678644917542565,0.8600747160108918,-1.2822089149289275,0.15651850216546495,-1.1275682442817707,-0.8090550398079427,6.613876535879535,-0.10193962257473484,-5.361079785881615,-0.4959172890861918,-0.29863974253397674,1.8164029640724113,-0.07980868844676617,1,1,1,1,1.0,-0.0,False,1,1.0
san_jose,san_jose_1559,-0.9055043080526394,-0.9043555738409986,-1.186550857568136e-15,0.9686597651439488,-0.8437915999107075,-1.8934889084479534,1.3999730500696748,-0.10220971135443631,-1.2432087406106576,-0.5803489210164887,1.3999730500696748,1.0792238241717382,0.33640005307818516,0.6470983439498974,1.3999730500696748,-0.10292269930791643,-0.69986899942762,1.7169420920873897,-0.5562057581505949,-0.3150420842832079,0.2101594111519448,1.3275180348774227,-0.8015497775080543,-1.0113331050568342,0.22510244231832385,-0.8090550398079427,-0.1511972584572906,9.809728295461023,-5.361079785881615,2.0164652896911486,-0.29863974253397674,-0.5505386303477205,-0.07980868844676617,1,1,1,1,1.0,-0.0,False,1,1.0
san_jose,san_jose_1561,1.011742369159587,1.0066297719749018,-1.186550857568136e-15,-0.981553621878813,-0.41592292362310834,0.9395039845828272,-1.0435315409620511,-0.10220971135443631,-1.2769665096952914,-0.9397630548307268,-1.0435315409620511,-1.0040082715737608,-1.0757017091036425,-1.051512813207715,-1.0435315409620511,-0.10292269930791643,-0.4176344779186358,-0.9463065261374907,-1.0549376682847993,1.073856206379338,1.0620406221441983,0.4098097927479309,-1.282209046062915,1.5162717068757194,-1.1282076528897755,-0.8090550398079427,-0.1511972584572906,-0.10193962257473484,0.18652958731065797,-0.4959172890861918,-0.29863974253397674,1.8164029640724113,-0.07980868844676617,1,1,1,1,1.0,-0.0,False,1,1.0
san_jose,san_jose_1562,1.011742369159587,1.0066297719749018,-1.186550857568136e-15,-0.6814593316408435,-0.2019193992548857,0.4595693832949512,0.2121202195007797,-0.10220971135443631,-1.3210284542181727,1.3707417878765855,0.2121202195007797,-0.8675366867046089,1.3216567615186225,-0.7185885721121601,0.2121202195007797,-0.10292269930791643,1.2335305169022597,-0.2877752289391159,1.4817834796994325,-1.290468148641768,-1.3471427219408219,-0.38309203873305975,0.767691293579137,-0.19549238666846486,-0.8173911752147683,-0.8090550398079427,-0.1511972584572906,-0.10193962257473484,0.18652958731065797,-0.4959172890861918,-0.29863974253397674,-0.5505386303477205,-0.07980868844676617,1,1,1,1,1.0,-0.0,False,1,1.0
san_jose,san_jose_1563,1.011742369159587,1.0066297719749018,-1.186550857568136e-15,0.8957627382260119,0.09116576097034529,-1.1122171110798977,0.7851960455096753,-0.10220971135443631,1.0294600051098544,0.5069332936551418,0.7851960455096753,0.7654402404088368,0.3061263971240741,1.2772801225578767,0.7851960455096753,-0.10292269930791643,-0.0298248891387646,1.032956112726489,0.6311979150164083,-0.3154735327843291,-0.5259211525424403,-1.5663428950100997,-1.2822090460682984,-1.2912245307112078,-1.1280933159133462,0.09674263097792053,-0.1511972584572906,-0.10193962257473484,0.18652958731065797,-0.4959172890861918,3.3485161469630915,-0.5505386303477205,-0.07980868844676617,1,1,1,1,1.0,-0.0,False,1,1.0
san_jose,san_jose_1566,-0.9055043080526394,-0.9043555738409986,-1.186550857568136e-15,0.8501471611634046,-0.8516580381178237,-0.21577420866994265,0.3952725534940523,-0.10220971135443631,1.123874298263579,0.3454047333403485,0.3952725534940523,0.35996632198332545,0.7941873363999641,0.690458602141784,0.3952725534940523,-0.10292269930791643,0.49683361430005873,0.06543955596565383,0.5083025070838127,-0.14509823570877503,-0.2899192575665387,-0.6228431786876234,-1.282204257197214,-0.9816880409964113,-1.1197300344147143,-0.8090550398079427,-0.1511972584572906,-0.10193962257473484,0.18652958731065797,-0.4959172890861918,-0.29863974253397674,1.8164029640724113,-0.07980868844676617,1,1,1,1,1.0,-0.0,False,1,
san_jose,san_jose_1001566,-0.9055043080526394,-0.9043555738409986,-1.186550857568136e-15,-1.070045677766715,0.2052205660900689,0.9395039845828272,-1.0435315409620511,-0.10220971135443631,-1.3952346718688047,-0.4661430409660224,-1.0435315409620511,-1.1056184692073574,-1.0757017091036425,-1.1074228120502865,-1.0435315409620511,-0.10292269930791643,0.1189868655120287,-0.9463065261374907,-0.5418612850856238,0.6238235930715024,0.6030160289347442,-1.580640612241589,-1.2822090460682984,-1.365902922661691,-1.1282152351598684,-0.8090550398079427,6.613876535879535,-0.10193962257473484,-5.361079785881615,-0.4959172890861918,3.3485161469630915,-0.5505386303477205,-0.07980868844676617,1,1,1,1,1.0,-0.0,False,1,
san_jose,san_jose_1567,1.011742369159587,1.0066297719749018,-1.186550857568136e-15,0.7988391586658078,0.08981136483687076,-0.7200175098650184,0.3933589278761338,-0.10220971135443631,1.022665702762553,0.8111167206062792,0.3933589278761338,0.6104022962387206,0.5423246339196778,1.178886887448087,0.3933589278761338,-0.10292269930791643,0.49725376887827605,0.5201071337140608,0.9882353148047527,-0.5855579891413135,-0.8850199939950999,-1.5671933325229528,-1.2822090460682984,-1.324280249015639,-1.1280933159358706,-0.8090550398079427,6.613876535879535,-0.10193962257473484,-5.361079785881615,-0.4959172890861918,3.3485161469630915,-0.5505386303477205,-0.07980868844676617,1,1,1,1,1.0,-0.0,False,1,1.0
san_jose,san_jose_1568,1.011742369159587,1.0066297719749018,-1.186550857568136e-15,0.1842001806802681,-1.2245207366975466,-1.1964125239864887,0.9262340383037589,-0.10220971135443631,1.1230000124177248,-0.028002248120861127,0.9262340383037589,-0.3553960211442787,0.18399660804117698,-0.24920510158824127,0.9262340383037589,-0.10292269930791643,-0.6867877169715855,1.499084535016445,0.10903516959619504,0.21152221151342435,-0.04325978424374995,-1.5586973698619015,1.3380708735596842,0.8472329841247138,0.03557802943263138,0.09674263097792053,-0.1511972584572906,9.809728295461023,-5.361079785881615,-0.4959172890861918,-0.29863974253397674,-0.5505386303477205,-0.07980868844676617,1,1,1,1,1.0,-0.0,False,1,
san_jose,san_jose_1572,1.011742369159587,1.0066297719749018,-1.186550857568136e-15,-0.7058602879099406,-1.1628409682113374,0.11654819767538996,0.8686564842069681,10.16471832962662,-1.2483995988524392,0.2938802995628318,0.8686564842069681,-0.9278612859551264,0.706994304830844,-0.8829252398537772,0.8686564842069681,9.735615204652603,0.24037034640136892,0.49638504343736706,-0.5871795974632642,-0.09121323013704527,-0.35792223572377463,-1.538885851224226,-0.4769448761310406,-1.2552407866851711,0.8368150673527804,-0.8090550398079427,-0.1511972584572906,-0.10193962257473484,0.18652958731065797,-0.4959172890861918,3.3485161469630915,-0.5505386303477205,-0.07980868844676617,1,0,1,1,0.6666666666666666,0.5793801642856949,False,0,
san_jose,san_jose_1573,1.011742369159587,1.0066297719749018,-1.186550857568136e-15,1.6385995626561367,-0.7087777064647514,-1.1044965192604854,1.895501984208455,-0.10220971135443631,1.0479414720770592,-0.3761668123087192,1.895501984208455,1.6500389299016869,0.030349658977136894,1.5625298318119398,1.895501984208455,-0.10292269930791643,-1.8060938693779292,1.5852143813855153,-0.7133769188482625,0.11911689893149711,0.35055827633501996,0.5420653326406001,-1.2822037243466013,1.3160077202056677,-1.1234831111030796,-0.8090550398079427,-0.1511972584572906,9.809728295461023,-5.361079785881615,-0.4959172890861918,-0.29863974253397674,1.8164029640724113,-0.07980868844676617,1,1,1,1,1.0,-0.0,False,1,1.0
san_jose,san_jose_1576,1.011742369159587,1.0066297719749018,-1.186550857568136e-15,-0.06635817471912657,0.47825733156008626,-0.10078280049176726,0.32091174575203857,-0.10220971135443631,1.0353303746901736,1.2061926604758364,0.32091174575203857,-0.17241420641054286,1.088655071413003,0.19626003410623713,0.32091174575203857,-0.10292269930791643,0.9589212308992027,0.007443231277224479,1.2956747891275178,-1.044454443758981,-1.080671548784095,-0.9819710136581102,1.1331357506687645,0.25342718474018916,-0.209205714585713,0.09674263097792053,6.613876535879535,-0.10193962257473484,-5.361079785881615,-0.4959172890861918,-0.29863974253397674,-0.5505386303477205,-0.07980868844676617,1,1,1,1,1.0,-0.0,False,1,1.0
san_jose,san_jose_1577,1.011742369159587,1.0066297719749018,-1.186550857568136e-15,-1.0484660750606811,0.32405333758452165,0.9395039845828272,-1.0435315409620511,-0.10220971135443631,1.0308993336665477,0.4928433951904949,-1.0435315409620511,-1.0933564982465895,-1.0757017091036425,-1.0726645423847658,-1.0435315409620511,-0.10292269930791643,1.0208829065612863,-0.9463065261374974,0.6019144422935689,-0.2901281020716054,-0.36891737438373834,0.3659229925408853,-1.2822090460682984,1.1340594571320743,-1.128214624001295,-0.8090550398079427,-0.1511972584572906,9.809728295461023,-5.361079785881615,-0.4959172890861918,-0.29863974253397674,1.8164029640724113,-0.07980868844676617,1,1,1,1,1.0,-0.0,False,1,1.0
san_jose,san_jose_1578,1.011742369159587,1.0066297719749018,-1.186550857568136e-15,-0.3910377081794703,0.6236479034223157,-0.07380506423168166,0.8278907886967145,-0.10220971135443631,-1.2767448050827477,0.6430765572618032,0.8278907886967145,-0.3732068158430078,0.7498330460329711,-0.19906595066876084,0.8278907886967145,-0.10292269930791643,0.6956346831793712,0.047728866571890675,0.7869043250866979,-0.4589022558471561,-0.4874640813616155,-1.580640612241589,-1.2822090460682984,-1.365902922661691,-1.1282152351598684,0.09674263097792053,-0.1511972584572906,-0.10193962257473484,0.18652958731065797,-0.4959172890861918,3.3485161469630915,-0.5505386303477205,-0.07980868844676617,1,1,0,1,0.6666666666666666,0.5793801642856949,False,1,1.0
san_jose,san_jose_1582,-0.9055043080526394,-0.9043555738409986,-1.186550857568136e-15,-0.04704461427860597,0.5503733665737585,-0.6604505893009573,0.721347812156464,-0.10220971135443631,1.12594607641699,0.3928808353303,0.721347812156464,0.17561354081429492,1.0413289294597743,0.1773817626292058,0.721347812156464,-0.10292269930791643,0.2969676326984517,0.45439335490011196,0.584518005499469,-0.5302089501405618,-0.4439143135861655,-0.1910732462614274,-1.2543642201105876,0.2423120688536151,-1.0186757101444972,-0.8090550398079427,-0.1511972584572906,-0.10193962257473484,0.18652958731065797,-0.4959172890861918,-0.29863974253397674,1.8164029640724113,-0.07980868844676617,2,2,1,2,0.6666666666666666,0.5793801642856949,False,1,1.0
san_jose,san_jose_1586,-0.9055043080526394,-0.9043555738409986,-1.186550857568136e-15,0.38121168113135506,-0.06583898427434598,-1.4582731745605642,1.3649028699378316,-0.10220971135443631,1.0885972723130544,1.6132287562081564,1.3649028699378316,0.28694293002325827,0.23780588139389938,0.3476229883114629,1.3649028699378316,-0.10292269930791643,-0.21555987527949663,1.433267007272045,0.5177502228889219,-0.6313563860056494,-0.479908712980354,0.7069549018092876,-0.7847570366764816,0.45934779865861264,0.3334306931252352,-0.8090550398079427,-0.1511972584572906,9.809728295461023,-5.361079785881615,2.0164652896911486,-0.29863974253397674,-0.5505386303477205,-0.07980868844676617,1,1,1,1,1.0,-0.0,False,1,1.0
san_jose,san_jose_1587,-0.9055043080526394,-0.9043555738409986,-1.186550857568136e-15,0.47477393572373094,-0.09269717004951376,-0.0796889623709505,-0.0444183668904427,-0.10220971135443631,-1.3425290167749577,0.19430885966376027,-0.0444183668904427,0.37395853718593897,0.8314951721902953,0.6646237967559591,-0.0444183668904427,-0.10292269930791643,0.3381818594872976,-0.06376498642153441,0.3004580009736394,-0.03818956869143214,-0.13727236403921636,0.3210131715766692,-0.47647531947181365,1.0153290437101423,0.765016656783471,-0.8090550398079427,-0.1511972584572906,-0.10193962257473484,0.18652958731065797,2.0164652896911486,-0.29863974253397674,-0.5505386303477205,-0.07980868844676617,1,1,1,1,1.0,-0.0,False,1,1.0
san_jose,san_jose_1588,1.6366186992858989,1.6757914677720755,-1.186550857568136e-15,0.1245683018824996,0.22805099026471035,0.32303553658944917,0.005813987065199647,10.020399053886063,-1.3392457705630243,1.2636710696929194,0.005813987065199647,-0.00898044704368158,1.6431220467698922,0.2698643185761919,0.005813987065199647,9.735487324640502,1.1496705806356986,-0.19231842506174748,0.9931380639642372,-1.118449159939444,-1.1307202470734679,-1.580640612241589,-1.2822090460682984,-1.365902922661691,-1.1282152351598684,0.09674263097792053,-0.1511972584572906,-0.10193962257473484,0.18652958731065797,-0.4959172890861918,3.3485161469630915,-0.5505386303477205,-0.07980868844676617,1,0,1,1,0.6666666666666666,0.5793801642856949,False,1,1.0
san_jose,san_jose_1595,-0.9055043080526394,-0.9043555738409986,-1.186550857568136e-15,1.6060727808658166,-0.19652547690808217,-1.0795468551961251,1.2694456713514082,-0.10220971135443631,-1.4071247925925718,0.1466280031550347,1.2694456713514082,1.6718618725098553,0.008605379639050713,1.7257276027626531,1.2694456713514082,-0.10292269930791643,-0.6028114699074604,1.2385664965594878,0.9127676166081614,-0.9740943418385068,-0.9552921917969804,0.41900810805290467,-1.2822090460682984,-1.1732627614013846,-1.1282147163628125,-0.8090550398079427,-0.1511972584572906,-0.10193962257473484,0.18652958731065797,-0.4959172890861918,-0.29863974253397674,1.8164029640724113,-0.07980868844676617,1,1,1,1,1.0,-0.0,False,1,1.0
san_jose,san_jose_1596,1.011742369159587,1.0066297719749018,-1.186550857568136e-15,-1.069417042100028,0.9199202393620737,0.932948840018606,-1.0435315409620511,-0.10220971135443631,1.0866637246215642,0.6388162872178015,-1.0435315409620511,-1.1077290253966023,-1.0757017091036425,-1.0826116211080774,-1.0435315409620511,-0.10292269930791643,1.1053600659731884,-0.940678082689691,0.7288531485810049,-0.442275682082649,-0.4859472006013758,1.0139553257759228,-1.2801492168233404,-1.2119586167027976,-1.1198778988090288,-0.8090550398079427,-0.1511972584572906,9.809728295461023,-5.361079785881615,-0.4959172890861918,-0.29863974253397674,1.8164029640724113,-0.07980868844676617,1,1,1,1,1.0,-0.0,False,1,1.0
san_jose,san_jose_1600,-0.9055043080526394,-0.9043555738409986,-1.186550857568136e-15,1.2471345159553766,0.41828373133025776,-1.352032845064413,0.7803098076281705,-0.10220971135443631,-1.471722538414628,1.1622065243508912,0.7803098076281705,1.1128646830603917,-0.2673244609852693,1.6612348553427798,0.7803098076281705,-0.10292269930791643,0.15182399327948243,1.210720960618576,1.3317870865766803,-0.9116672340656585,-1.4706057084311022,-1.5477544562083465,1.3518341551945527,0.09439513311206504,1.6243375407726235,-0.8090550398079427,-0.1511972584572906,-0.10193962257473484,0.18652958731065797,-0.4959172890861918,-0.29863974253397674,-0.5505386303477205,-0.07980868844676617,1,1,1,1,1.0,-0.0,False,1,1.0
san_jose,san_jose_1603,-0.9055043080526394,-0.9043555738409986,-1.186550857568136e-15,-0.3142991471885312,0.5122479900313057,0.007272163264137769,0.4565291773369154,-0.10220971135443631,1.104690320585735,0.5855104291796702,0.4565291773369154,-0.3137526143154355,0.8735582513290033,-0.06551128360757089,0.4565291773369154,-0.10292269930791643,0.7109761394842645,-0.11798604135122015,0.6705017773084653,-0.45382773194333575,-0.4229764328884263,-0.15261886867753205,0.702944580621289,-0.5856562220137599,-0.7139363136227589,-0.8090550398079427,-0.1511972584572906,-0.10193962257473484,0.18652958731065797,-0.4959172890861918,-0.29863974253397674,-0.5505386303477205,-0.07980868844676617,1,1,1,1,1.0,-0.0,False,1,1.0
san_jose,san_jose_1604,1.011742369159587,1.0066297719749018,-1.186550857568136e-15,-1.0015335395355285,-0.06331319328712101,0.6739655977660287,-0.6713866239314211,-0.10220971135443631,1.065063387346278,-1.1229398755199116,-0.6713866239314211,-0.9746090826160441,1.2144577760593482,-1.0551372333601523,-0.6713866239314211,-0.10292269930791643,-0.6026677010088819,-0.6325445752611648,-1.2061563850219925,1.2385820665727525,1.2107923742925832,1.008317444625559,-0.6373087884415541,1.040010299167524,0.4455672279609349,0.09674263097792053,-0.1511972584572906,-0.10193962257473484,0.18652958731065797,2.0164652896911486,-0.29863974253397674,-0.5505386303477205,-0.07980868844676617,1,1,1,1,1.0,-0.0,False,1,1.0
san_jose,san_jose_1609,1.011742369159587,1.0066297719749018,-1.186550857568136e-15,1.6042100256591372,0.06823648437327921,-1.8735822452400102,1.9914984301027112,-0.10220971135443631,-1.2802129944036091,0.4883802116796261,1.9914984301027112,1.6550596723805127,-0.30216691393869344,1.820948794312613,1.9914984301027112,-0.10292269930791643,-1.5684945137834512,1.6559270036042313,-0.34365941479981876,-0.31872419930383117,-0.3355258282611874,1.112529599687141,-0.5402492914167505,-1.3349816695416512,0.7184252071446496,0.09674263097792053,-0.1511972584572906,-0.10193962257473484,0.18652958731065797,2.0164652896911486,-0.29863974253397674,-0.5505386303477205,-0.07980868844676617,1,1,1,1,1.0,-0.0,False,1,
san_jose,san_jose_1610,-0.9055043080526394,-0.9043555738409986,-1.186550857568136e-15,0.756150796707737,-1.0046883740246335,-0.26846284399175374,0.5265297416569503,-0.10220971135443631,-1.34276739399775,-0.26694570467987205,0.5265297416569503,0.5241797414088695,0.6479965202314132,0.19173866444618554,0.5265297416569503,-0.10292269930791643,-0.377544577209503,0.4559990100604376,-0.3991743541809152,0.3347428512574407,0.4533564014439762,0.813452220082938,-0.4296054812409166,0.1570488011966336,0.8710438865553807,0.09674263097792053,-0.1511972584572906,-0.10193962257473484,0.18652958731065797,2.0164652896911486,-0.29863974253397674,-0.5505386303477205,-0.07980868844676617,1,1,1,1,1.0,-0.0,False,1,1.0
san_jose,san_jose_1616,-0.9055043080526394,-0.9043555738409986,-1.186550857568136e-15,0.4459494679338254,-0.19536958698482668,-0.14066194103081678,0.12448976329075384,-0.10220971135443631,1.101641864177112,-1.0279132918842018,0.12448976329075384,0.7819533048689568,0.48626534062334736,0.5335595675968992,0.12448976329075384,-0.10292269930791643,-0.7097352516283029,0.07422944656157288,-1.049900863689174,1.1666286072912933,1.049062760479815,0.8188852104374027,-0.4845868017853264,1.0206594201120038,-1.124833684956162,-0.8090550398079427,-0.1511972584572906,-0.10193962257473484,0.18652958731065797,-0.4959172890861918,-0.29863974253397674,1.8164029640724113,-0.07980868844676617,2,1,1,1,0.6666666666666666,0.5793801642856949,False,1,1.0
san_jose,san_jose_1618,1.011742369159587,1.0066297719749018,-1.186550857568136e-15,0.8628835097267876,-0.09992571107273421,-1.0930609988092628,1.1934284961992072,-0.10220971135443631,1.0864681924715434,-0.8591814170680747,1.1934284961992072,1.2106900564330367,1.2306375550588153,0.9470053548699835,1.1934284961992072,-0.10292269930791643,-1.0237159188122102,1.0697968178257564,-1.2154687102159274,0.9947483086961254,1.1474233986103188,1.5135513543409744,-0.6353759653185223,1.2067075615131568,-1.091988696213966,-0.8090550398079427,-0.1511972584572906,-0.10193962257473484,0.18652958731065797,-0.4959172890861918,-0.29863974253397674,1.8164029640724113,-0.07980868844676617,1,1,1,1,1.0,-0.0,False,1,1.0
san_jose,san_jose_1621,1.011742369159587,1.0066297719749018,-1.186550857568136e-15,0.6338438490378782,-0.3867239258507724,-0.5406298200616833,0.9138134874585225,-0.10220971135443631,1.0707445974069816,-0.4807802463981485,0.9138134874585225,0.6621864017954049,1.454004574579766,0.5391918565039665,0.9138134874585225,-0.10292269930791643,-0.34029015636920756,0.4341853213455265,-0.6559198715388896,0.6373501415366889,0.6892152051690863,1.5002959389963704,-1.2820046375802119,-0.15916733673940003,-1.09675390765065,0.09674263097792053,-0.1511972584572906,-0.10193962257473484,0.18652958731065797,-0.4959172890861918,-0.29863974253397674,1.8164029640724113,-0.07980868844676617,1,1,1,1,1.0,-0.0,False,1,1.0
san_jose,san_jose_1622,1.011742369159587,1.0066297719749018,-1.186550857568136e-15,-0.68616182280058,1.8948916486865721,-0.4567843354901563,0.6243302670090786,-0.10220971135443631,1.0647334890950841,0.7404729842608463,0.6243302670090786,-0.3249650050563726,1.0479289670767136,-0.23470993907346455,0.6243302670090786,-0.10292269930791643,0.618415680280327,0.5071448953548617,1.0274496368445378,-1.0544911720892207,-0.8662095275418712,-1.580640612241589,-1.2822090460682984,-1.365902922661691,-1.1282152351598684,-0.8090550398079427,-0.1511972584572906,9.809728295461023,-5.361079785881615,-0.4959172890861918,3.3485161469630915,-0.5505386303477205,-0.07980868844676617,1,1,1,1,1.0,-0.0,False,1,1.0
san_jose,san_jose_1627,-0.9055043080526394,-0.9043555738409986,-1.186550857568136e-15,-0.9038019780489384,-0.36814943868359506,0.7027263273163872,-0.4984223877085982,-0.10220971135443631,1.0637968825938764,-0.35595453599178833,-0.4984223877085982,-0.9579999795083198,1.8132328406777516,-0.9604709043993028,-0.4984223877085982,-0.10292269930791643,0.18590604992258722,-0.6691211475904318,-0.4657661503948305,0.4802132432728211,0.5328530391457235,-1.051021879202589,1.1602711364195852,1.9707721644402976,-0.34050009317748353,0.09674263097792053,-0.1511972584572906,-0.10193962257473484,0.18652958731065797,-0.4959172890861918,-0.29863974253397674,-0.5505386303477205,12.52996408614229,2,1,1,1,0.6666666666666666,0.5793801642856949,False,1,
san_jose,san_jose_1628,-0.9055043080526394,-0.9043555738409986,-1.186550857568136e-15,-1.0573591162030622,-0.1893092094036306,0.9313209916320313,-1.0435315409620511,-0.10220971135443631,1.0443015646324332,-0.7520884275539522,-1.0435315409620511,-1.0944778371932482,-1.0757017091036425,-1.106296701700107,-1.0435315409620511,-0.10292269930791643,-0.17833224139937193,-0.9392803007826313,-0.8378510578054582,0.8990950186145409,0.8620666394360633,1.0202541794554538,-1.2441945317868746,1.0639377988380028,-1.127679279332877,-0.8090550398079427,-0.1511972584572906,-0.10193962257473484,0.18652958731065797,-0.4959172890861918,-0.29863974253397674,1.8164029640724113,-0.07980868844676617,2,1,1,1,0.6666666666666666,0.5793801642856949,False,1,1.0
san_jose,san_jose_1630,-0.9055043080526394,-0.9043555738409986,-1.186550857568136e-15,-0.979183575878511,-0.40596605266591507,0.5995506957908039,-0.492190223258072,-0.10220971135443631,1.0256346406566097,-1.9838794331543375,-0.492190223258072,-0.8740605913052101,1.8759720673812392,-1.0181544334206265,-0.492190223258072,-0.10292269930791643,-1.63557343788312,-0.6538029213603614,-1.889486654981382,2.0330188519905326,1.9990634956546784,2.3587689649974384,-1.254354918815073,-1.2586940789788208,-1.1279525821154688,-0.8090550398079427,-0.1511972584572906,-0.10193962257473484,0.18652958731065797,-0.4959172890861918,-0.29863974253397674,1.8164029640724113,-0.07980868844676617,2,1,1,1,0.6666666666666666,0.5793801642856949,False,1,1.0
san_jose,san_jose_1632,1.011742369159587,1.0066297719749018,-1.186550857568136e-15,-0.20570508189812828,-0.566686499730504,0.7669040103094782,-0.3284020118496096,-0.10220971135443631,1.0665500153956118,-1.380095631753886,-0.3284020118496096,0.05009719587503884,1.9318434002214526,-0.2505731931367707,-0.3284020118496096,-0.10292269930791643,-1.0536177099529325,-0.797963158454249,-1.533316027293396,1.457781155977077,1.547772341257393,-0.8728686768859191,1.1971983334215341,0.43772916390879457,0.09523024027059135,-0.8090550398079427,-0.1511972584572906,-0.10193962257473484,0.18652958731065797,-0.4959172890861918,-0.29863974253397674,-0.5505386303477205,-0.07980868844676617,1,1,1,1,1.0,-0.0,False,1,1.0
san_jose,san_jose_1633,1.011742369159587,1.0066297719749018,-1.186550857568136e-15,0.3575613831185224,-0.42030698795374766,-0.6831186341944087,0.4644485312940679,10.160523826216803,-1.3175716457440068,0.36038518582866913,0.4644485312940679,0.09713049029660764,0.5586123834496777,0.2224505566075135,0.4644485312940679,9.735614411205766,-0.1252021213058567,1.0687322787993259,0.18341101067580562,-0.16295159858728098,-0.5743511307980309,-1.5552267812050078,-1.2822090460682984,-1.199962610008692,-1.1281664782687832,-0.8090550398079427,-0.1511972584572906,-0.10193962257473484,0.18652958731065797,-0.4959172890861918,3.3485161469630915,-0.5505386303477205,-0.07980868844676617,1,1,1,1,1.0,-0.0,False,1,1.0
san_jose,san_jose_1634,-0.9055043080526394,-0.9043555738409986,-1.186550857568136e-15,-0.9544111141024864,0.18982372795259475,0.7430919798358093,-0.04200261872526635,-0.10220971135443631,-1.2582912828918116,0.4614076195808507,-0.04200261872526635,-0.9956998035168532,1.592977223355855,-0.9772634455482572,-0.04200261872526635,-0.10292269930791643,0.8932994308034393,-0.7449862863327629,0.4733932364234829,-0.39257426653789984,-0.2715167706273838,0.8234464734940976,-0.4635731746135572,-1.3413104291174096,0.8224312012778464,-0.8090550398079427,-0.1511972584572906,9.809728295461023,-5.361079785881615,2.0164652896911486,-0.29863974253397674,-0.5505386303477205,-0.07980868844676617,1,1,1,1,1.0,-0.0,False,1,1.0
san_jose,san_jose_1635,1.011742369159587,1.0066297719749018,-1.186550857568136e-15,-1.0024998748537826,0.5486006641339584,0.9395039845828272,-1.0435315409620511,-0.10220971135443631,1.0856122795461933,1.1499264744902087,-1.0435315409620511,-1.0565261313601277,-1.0757017091036425,-1.0088895338623278,-1.0435315409620511,-0.10292269930791643,1.4149080393770206,-0.9463065261374907,1.2399499995332146,-0.8949886125426707,-1.0319694106131836,-1.489890265588832,1.3341318102472062,-0.8240017418509341,-0.8549625487399019,-0.8090550398079427,-0.1511972584572906,-0.10193962257473484,0.18652958731065797,-0.4959172890861918,-0.29863974253397674,-0.5505386303477205,-0.07980868844676617,1,1,1,1,1.0,-0.0,False,1,1.0
san_jose,san_jose_1636,1.011742369159587,1.0066297719749018,-1.186550857568136e-15,-1.106783898091019,-0.15411652229694187,0.9307205015371002,-1.0435315409620511,-0.10220971135443631,1.09989108899757,0.3470186006452815,-1.0435315409620511,-1.1615227733807043,-1.0757017091036425,-1.140885987230503,-1.0435315409620511,-0.10292269930791643,0.9004691079184137,-0.9387646726330655,0.4082496437876226,-0.13892024886298104,-0.1945111442320263,-1.344631664166239,1.2593395784349408,1.0704251261018674,-0.5222209770512313,-0.8090550398079427,-0.1511972584572906,9.809728295461023,-5.361079785881615,-0.4959172890861918,-0.29863974253397674,-0.5505386303477205,-0.07980868844676617,1,1,1,1,1.0,-0.0,False,1,1.0
san_jose,san_jose_1637,1.011742369159587,1.0066297719749018,-1.186550857568136e-15,1.804295359092555,-0.08175573114032006,-1.7418617912628578,1.273330224559618,-0.10220971135443631,1.053237657970178,-0.28549267481277013,1.273330224559618,1.8734359484024004,-0.4615749659666281,1.929366271716574,1.273330224559618,-0.10292269930791643,-1.0341069452048923,1.5267071761684947,-0.19427665785185275,0.4392295319185726,-0.015877696461324274,1.5057637068103595,-1.2822090460682984,1.556181553840018,-1.128214864590528,-0.8090550398079427,6.613876535879535,-0.10193962257473484,-5.361079785881615,-0.4959172890861918,-0.29863974253397674,1.8164029640724113,-0.07980868844676617,1,1,1,1,1.0,-0.0,False,1,1.0
san_jose,san_jose_1638,1.011742369159587,1.0066297719749018,-1.186550857568136e-15,0.4865358647795709,0.24543241289539483,0.003142341758278196,0.7322194247199418,-0.10220971135443631,-1.2758831850245294,0.72975649207509,0.7322194247199418,0.3626232332040356,0.565025126249884,0.8665519167180826,0.7322194247199418,-0.10292269930791643,0.5399874388274545,0.3903545651895924,1.0188779111423056,-0.5130947019910523,-0.6913902608611193,-0.45792803770475177,0.973058673046794,0.05425404572877315,1.4504002205475195,-0.8090550398079427,-0.1511972584572906,-0.10193962257473484,0.18652958731065797,-0.4959172890861918,-0.29863974253397674,-0.5505386303477205,-0.07980868844676617,1,1,1,1,1.0,-0.0,False,1,1.0
san_jose,san_jose_1640,-0.9055043080526394,-0.9043555738409986,-1.186550857568136e-15,-1.077359886627858,0.8857640560205197,0.9395039845828272,-1.0435315409620511,-0.10220971135443631,1.0381087554993609,0.4329426083569141,-1.0435315409620511,-1.1169472467484702,-1.0757017091036425,-1.0954255372419213,-1.0435315409620511,-0.10292269930791643,0.935008623829189,-0.9463065261374907,0.4783840294277185,-0.27866263014475984,-0.2609950869212183,-1.580640612241589,-1.2822090460682984,-1.365902922661691,-1.1282152351598684,-0.8090550398079427,-0.1511972584572906,-0.10193962257473484,0.18652958731065797,-0.4959172890861918,3.3485161469630915,-0.5505386303477205,-0.07980868844676617,2,2,2,2,1.0,-0.0,False,2,2.0
san_jose,san_jose_1641,1.011742369159587,1.0066297719749018,-1.186550857568136e-15,-1.0627814099065844,-0.17532133819494114,0.9253288162185039,-1.0435315409620511,-0.10220971135443631,1.063123964265488,-0.6512859537748107,-1.0435315409620511,-1.0997227241184302,-1.0757017091036425,-1.107729845239564,-1.0435315409620511,-0.10292269930791643,-0.06614785700260213,-0.9335949780015078,-0.7425655511294436,0.8071216642731586,0.7790662616706122,-1.5766395950425138,-1.2822090460682984,-1.3469441510044566,-1.1277676973126418,-0.8090550398079427,-0.1511972584572906,-0.10193962257473484,0.18652958731065797,-0.4959172890861918,3.3485161469630915,-0.5505386303477205,-0.07980868844676617,1,1,1,1,1.0,-0.0,False,1,1.0
san_jose,san_jose_1645,1.011742369159587,1.0066297719749018,-1.186550857568136e-15,-0.9688541412159977,-0.09136656644774496,0.9395039845828272,-1.0435315409620511,-0.10220971135443631,1.0881715252195887,-0.6428312978432165,-1.0435315409620511,-0.9666640767780351,-1.0757017091036425,-1.0224019632936947,-1.0435315409620511,-0.10292269930791643,-0.0528599874233016,-0.9463065261374907,-0.7159925926454365,0.7910140687605234,0.753612796993447,-1.5766991623332836,-1.2822090460682984,-1.3424984646915321,-1.1277677235755008,-0.8090550398079427,-0.1511972584572906,-0.10193962257473484,0.18652958731065797,-0.4959172890861918,3.3485161469630915,-0.5505386303477205,-0.07980868844676617,1,1,1,1,1.0,-0.0,False,1,1.0
san_jose,san_jose_1646,-0.9055043080526394,-0.9043555738409986,-1.186550857568136e-15,1.6597123137859573,-0.8156689665211224,-1.1023448792201314,1.0466775027347566,-0.10220971135443631,1.0914041691707244,-0.9261710198534175,1.0466775027347566,1.708478103687033,-0.14077393539441616,1.5463172290572096,1.0466775027347566,-0.10292269930791643,-1.3093195915261464,1.4183953530651618,-1.156259808035927,1.0497131638931017,1.0882471159926617,-0.789028050343255,-1.2822090460682984,-0.22758494505304572,-1.1282133808322148,0.09674263097792053,-0.1511972584572906,-0.10193962257473484,0.18652958731065797,-0.4959172890861918,-0.29863974253397674,1.8164029640724113,-0.07980868844676617,1,1,1,1,1.0,-0.0,False,1,1.0
san_jose,san_jose_1652,1.011742369159587,1.0066297719749018,-1.186550857568136e-15,1.3061447460406064,-0.07413991166500894,-1.3693749881982757,1.0064819677659562,-0.10220971135443631,1.0562186226598969,0.9031602050143178,1.0064819677659562,1.0554023313842957,0.22127550860386605,1.5902677477485243,1.0064819677659562,-0.10292269930791643,0.10090122167979522,1.1260884854688307,0.8133690508407034,-0.6650713395079636,-0.9128497586712907,-0.08502671410558192,-1.2121523226048327,0.9195631899242174,-0.863512612064558,-0.8090550398079427,-0.1511972584572906,-0.10193962257473484,0.18652958731065797,-0.4959172890861918,-0.29863974253397674,1.8164029640724113,-0.07980868844676617,1,1,1,1,1.0,-0.0,False,1,1.0
san_jose,san_jose_1653,1.011742369159587,1.0066297719749018,-1.186550857568136e-15,0.30093782161944344,-0.9013309106068007,-1.32351167086895,1.0940836975166022,-0.10220971135443631,-1.426419338186459,-0.1782447250226992,1.0940836975166022,-0.0026213357249261623,-0.051696873743424826,0.11868510558228779,1.0940836975166022,-0.10292269930791643,-0.7148609575901114,1.5090965730789652,1.1092775171737748,-0.9348718462772644,-1.3284123374518362,-0.3723449195947003,0.8166434252271794,0.8594868990522779,-0.9245416975797938,-0.8090550398079427,-0.1511972584572906,9.809728295461023,-5.361079785881615,-0.4959172890861918,-0.29863974253397674,-0.5505386303477205,-0.07980868844676617,1,1,1,1,1.0,-0.0,False,1,1.0
san_jose,san_jose_1655,1.011742369159587,1.0066297719749018,-1.186550857568136e-15,-0.9894991427610864,-0.4418493082923944,0.788875053075991,-0.9491570098626919,-0.10220971135443631,1.0469303658974938,1.0914859853678647,-0.9491570098626919,-1.0856936994059254,1.4482102467158626,-1.040224693641588,-0.9491570098626919,-0.10292269930791643,1.365427592659997,-0.8168640543556832,1.1642082122302153,-0.8508146015841476,-0.9398005571262676,-0.12748467601134258,-0.5984280237341004,0.38351234386327965,0.5998392093446486,-0.8090550398079427,6.613876535879535,-0.10193962257473484,-5.361079785881615,2.0164652896911486,-0.29863974253397674,-0.5505386303477205,-0.07980868844676617,1,1,1,1,1.0,-0.0,False,1,1.0
san_jose,san_jose_1656,1.011742369159587,1.0066297719749018,-1.186550857568136e-15,1.7918986151041032,-1.4935157002484933,-1.0587266037043164,0.5007590790000863,-0.10220971135443631,1.0893213123697771,1.67378580322713,0.5007590790000863,0.9858004164592701,0.4453566239925231,1.4793347409223248,0.5007590790000863,-0.10292269930791643,0.5824780616656833,0.8166262962782199,1.3632029712879934,-1.7220423354435481,-1.6888662878630538,-0.3367406920658732,-1.2822090460682984,0.7613345338763232,-1.128214766422622,-0.8090550398079427,-0.1511972584572906,-0.10193962257473484,0.18652958731065797,-0.4959172890861918,-0.29863974253397674,1.8164029640724113,-0.07980868844676617,0,0,0,0,1.0,-0.0,False,0,
san_jose,san_jose_1661,1.011742369159587,1.0066297719749018,-1.186550857568136e-15,0.8241824904200927,-0.5632715965516241,-0.17402218704110894,0.8212790438722517,-0.10220971135443631,-1.2489715782598698,0.6840717706118307,0.8212790438722517,0.4275889618534127,1.27338419244124,0.6088558720252945,0.8212790438722517,-0.10292269930791643,-0.1608604098188463,0.9229078794931286,1.0146585580712162,-0.7779750680019513,-0.833524681702061,-0.8332078165909569,0.9808131904673741,0.8925613982407411,-1.014931296548062,-0.8090550398079427,-0.1511972584572906,-0.10193962257473484,0.18652958731065797,-0.4959172890861918,-0.29863974253397674,-0.5505386303477205,-0.07980868844676617,1,1,1,1,1.0,-0.0,False,1,0.0
san_jose,san_jose_1663,-0.9055043080526394,-0.9043555738409986,-1.186550857568136e-15,-1.0484016636936198,1.0220880549854165,0.9395039845828272,-1.0435315409620511,-0.10220971135443631,1.1817242844390905,0.09522689911680822,-1.0435315409620511,-1.0460190092963448,-1.0757017091036425,-1.0414646550059654,-1.0435315409620511,-0.10292269930791643,0.702902777746648,-0.9463065261374907,0.15272207219820164,0.08995681846387342,0.020161291512496373,-1.580640612241589,-1.2822090460682984,-1.365902922661691,-1.1282152351598684,0.09674263097792053,-0.1511972584572906,-0.10193962257473484,0.18652958731065797,-0.4959172890861918,3.3485161469630915,-0.5505386303477205,-0.07980868844676617,2,1,1,1,0.6666666666666666,0.5793801642856949,False,1,1.0
san_jose,san_jose_1667,-0.9055043080526394,-0.9043555738409986,-1.186550857568136e-15,0.4559287278158904,0.369408165230168,-0.45163730173448585,0.525664675322141,-0.10220971135443631,1.1854376988491986,0.06663529884725161,0.525664675322141,0.5833534497615602,0.508360801113966,0.8241105401124259,0.525664675322141,-0.10292269930791643,0.1357225134939469,0.3394321100478429,0.14578193748465626,0.06983122155331414,-0.024210370251473316,0.25723092730976493,0.35184400858294834,-1.1799126922827632,-0.8308152886903871,-0.8090550398079427,6.613876535879535,-0.10193962257473484,-5.361079785881615,-0.4959172890861918,-0.29863974253397674,-0.5505386303477205,-0.07980868844676617,1,1,1,1,1.0,-0.0,False,1,1.0
san_jose,san_jose_1668,1.011742369159587,1.0066297719749018,-1.186550857568136e-15,-1.0803345275967824,-0.5984799093730764,0.8682886031820135,-1.0018741477543995,-0.10220971135443631,1.0814059832101353,0.1691597487410667,-1.0018741477543995,-1.1432331026479103,2.0051232498842646,-1.1168268180131402,-1.0018741477543995,-0.10292269930791643,0.7398002374601188,-0.8851366899010813,0.20992672491948183,-0.0005867458277287641,-0.029495005557027564,0.6450515714234157,-1.2822090460682984,1.149497702478307,-1.1282147843428185,0.09674263097792053,6.613876535879535,-0.10193962257473484,-5.361079785881615,-0.4959172890861918,-0.29863974253397674,1.8164029640724113,-0.07980868844676617,1,0,0,0,0.6666666666666666,0.5793801642856949,False,0,0.0
san_jose,san_jose_1669,-0.9055043080526394,-0.9043555738409986,-1.186550857568136e-15,-1.0933003766177527,0.9418641268532447,0.9395039845828272,-1.0435315409620511,-0.10220971135443631,1.1648281248651242,0.20901773098596022,-1.0435315409620511,-1.130183536802453,-1.0757017091036425,-1.1131655348201577,-1.0435315409620511,-0.10292269930791643,0.7995236444729805,-0.9463065261374907,0.28118628270599755,-0.008371512271423036,-0.08811160617659393,-1.580640612241589,-1.2822090460682984,-1.365902922661691,-1.1282152351598684,-0.8090550398079427,-0.1511972584572906,-0.10193962257473484,0.18652958731065797,-0.4959172890861918,3.3485161469630915,-0.5505386303477205,-0.07980868844676617,2,2,2,2,1.0,-0.0,False,2,1.0
san_jose,san_jose_1670,1.011742369159587,1.0066297719749018,-1.186550857568136e-15,-0.7499364059151642,1.3394105288486053,0.3505173522668686,0.5662662478235755,-0.10220971135443631,1.0743202727151941,1.2796798695654743,0.5662662478235755,-0.7021192566959075,1.115707422605501,-0.5551949211382275,0.5662662478235755,-0.10292269930791643,1.0136112684032512,-0.029202945757006625,1.4170862217199522,-1.0207928992210198,-1.1024840038153259,-1.5259054502606162,-1.2822090460682984,-1.1399141919349076,-1.1281792084617197,-0.8090550398079427,-0.1511972584572906,9.809728295461023,-5.361079785881615,-0.4959172890861918,3.3485161469630915,-0.5505386303477205,-0.07980868844676617,1,0,0,0,0.6666666666666666,0.5793801642856949,False,0,0.0
san_jose,san_jose_1671,-0.9055043080526394,-0.9043555738409986,-1.186550857568136e-15,-0.25749429571480453,-0.40715323469539016,0.3085272199978211,0.24520615259061251,-0.10220971135443631,1.0384530978309667,-0.2956618952881303,0.24520615259061251,-0.3466670393123247,0.9189015736945102,-0.3995070466003129,0.24520615259061251,-0.10292269930791643,0.17810159273974444,-0.33535819251347526,-0.2970820402143374,0.4595868517317364,0.4353691862558469,-1.0667827040492182,1.1927363035146148,0.2386417043874059,0.03126787927152467,-0.8090550398079427,-0.1511972584572906,-0.10193962257473484,0.18652958731065797,-0.4959172890861918,-0.29863974253397674,-0.5505386303477205,-0.07980868844676617,1,1,1,1,1.0,-0.0,False,1,1.0
san_jose,san_jose_1673,-0.9055043080526394,-0.9043555738409986,-1.186550857568136e-15,-1.0370012099345471,1.4905698888554268,0.8579831944669639,-0.9787741100451779,-0.10220971135443631,1.1926868442075436,0.8158544984549057,-0.9787741100451779,-1.0462074754409445,1.9618180765350044,-0.9623729219087532,-0.9787741100451779,-0.10292269930791643,1.1791461389216373,-0.8762807783361003,0.8785363772371685,-0.6626012113647001,-0.6377095034575955,-0.6809403197048619,-1.2822090460682984,0.4204557585523025,-1.1282122365254899,-0.8090550398079427,-0.1511972584572906,-0.10193962257473484,0.18652958731065797,-0.4959172890861918,-0.29863974253397674,1.8164029640724113,-0.07980868844676617,2,2,1,2,0.6666666666666666,0.5793801642856949,False,2,1.0
san_jose,san_jose_1001673,-0.9055043080526394,-0.9043555738409986,-1.186550857568136e-15,-1.1156859722410826,1.662063597808501,0.9395039845828272,-1.0435315409620511,-0.10220971135443631,1.2090327352500976,-0.5498338590766212,-1.0435315409620511,-1.1661323089907918,-1.0757017091036425,-1.1469450263909247,-1.0435315409620511,-0.10292269930791643,0.054589548138942824,-0.9463065261374907,-0.6094182663191998,0.7102081580354516,0.6613194046558839,-0.2400413728484405,-1.2822090460682984,1.3652162933333467,-1.1282127648225075,-0.8090550398079427,6.613876535879535,-0.10193962257473484,-5.361079785881615,-0.4959172890861918,-0.29863974253397674,1.8164029640724113,-0.07980868844676617,1,1,1,1,1.0,-0.0,False,1,1.0
san_jose,san_jose_1675,-0.9055043080526394,-0.9043555738409986,-1.186550857568136e-15,-0.8425766199256675,-0.6880618897093393,0.8368217056705779,-0.5088386127176825,-0.10220971135443631,-1.2863315996474187,-0.7039553860337224,-0.5088386127176825,-0.9012843716635347,1.996998205413835,-0.9297177591428969,-0.5088386127176825,-0.10292269930791643,-0.11478875739884563,-0.8580922954320775,-0.782948481549419,0.863247659952107,0.8201001063067397,-0.775357515796156,1.1332209173159626,-0.8600624503857095,-0.7278949961673491,-0.8090550398079427,-0.1511972584572906,-0.10193962257473484,0.18652958731065797,-0.4959172890861918,-0.29863974253397674,-0.5505386303477205,-0.07980868844676617,2,1,1,1,0.6666666666666666,0.5793801642856949,False,1,1.0
san_jose,san_jose_1678,-0.9055043080526394,-0.9043555738409986,-1.186550857568136e-15,-0.6330566835710856,-0.04946731893169212,0.8550284854318915,-0.7870966739151048,-0.10220971135443631,1.160420617723681,-1.6813285498790747,-0.7870966739151048,-0.24605875404941924,2.0925584421434253,-0.6609185139660444,-0.7870966739151048,-0.10292269930791643,-1.2964386628153444,-0.8737414599079972,-1.6922886066342764,1.7695045215936782,1.7456686609584726,-0.07786950234994572,0.8385342971187275,1.9064380357932191,-0.7229682702386974,-0.8090550398079427,-0.1511972584572906,-0.10193962257473484,0.18652958731065797,-0.4959172890861918,-0.29863974253397674,-0.5505386303477205,-0.07980868844676617,2,2,2,2,1.0,-0.0,False,2,2.0
san_jose,san_jose_1681,-0.9055043080526394,-0.9043555738409986,-1.186550857568136e-15,-0.8927092039512884,-0.42438470350654695,0.3078397040317143,-0.4368504503786608,-0.10220971135443631,1.0670553394457825,-0.4902458808571584,-0.4368504503786608,-0.9408282315415095,1.7863388328766352,-0.9546157515892612,-0.4368504503786608,-0.10292269930791643,-0.010476466265190913,-0.10021064846607008,-0.625664906681554,0.6112702442294871,0.6583660722298023,-0.5617616934966816,1.0396765423767034,1.2295568958155614,-0.7377725442638811,-0.8090550398079427,6.613876535879535,-0.10193962257473484,-5.361079785881615,-0.4959172890861918,-0.29863974253397674,-0.5505386303477205,-0.07980868844676617,1,1,1,1,1.0,-0.0,False,1,1.0
san_jose,san_jose_1683,1.011742369159587,1.0066297719749018,-1.186550857568136e-15,-0.7328111255297799,-0.8433104496445117,0.6205443047878871,-0.10875032315446156,-0.10220971135443631,-1.5818933078256479,-0.827831773544912,-0.10875032315446156,-0.8025378369500277,1.712287174849141,-0.8259375474590566,-0.10875032315446156,-0.10292269930791643,-0.32084123150199123,-0.6719069527006403,-0.957245695302447,0.9376366599488899,0.9637488841331192,1.1243651193601956,-1.2819413686594585,-1.2364002106060064,-1.066189628812422,-0.8090550398079427,-0.1511972584572906,-0.10193962257473484,0.18652958731065797,-0.4959172890861918,-0.29863974253397674,1.8164029640724113,-0.07980868844676617,1,1,1,1,1.0,-0.0,False,1,1.0
san_jose,san_jose_1684,1.011742369159587,1.0066297719749018,-1.186550857568136e-15,-1.0379166476367079,-0.04499015992777167,0.9395039845828272,-1.0435315409620511,-0.10220971135443631,-1.4757629008087092,-0.07014171300877374,-1.0435315409620511,-1.0894494716572936,-1.0757017091036425,-1.0717816738072834,-1.0435315409620511,-0.10292269930791643,0.4668715971736313,-0.9463065261374817,-0.1358325463759106,0.17923254719251558,0.25617334048544815,0.12631856655377724,-1.2730886597541191,-0.8636340739608079,-1.0950754164372922,0.09674263097792053,-0.1511972584572906,-0.10193962257473484,0.18652958731065797,-0.4959172890861918,-0.29863974253397674,1.8164029640724113,-0.07980868844676617,1,0,0,0,0.6666666666666666,0.5793801642856949,False,0,0.0
san_jose,san_jose_1688,1.011742369159587,1.0066297719749018,-1.186550857568136e-15,0.7323541664524553,0.3790337739619472,-0.9178490093887511,0.8800238556183212,-0.10220971135443631,1.0889254708945524,0.23976894095786633,0.8800238556183212,0.8258946407853373,0.329899802538124,1.253643244750203,0.8800238556183212,-0.10292269930791643,0.08197611906133215,0.6860283045755793,0.3175712987939479,-0.047171071886907695,-0.23016860691189464,0.4869742438495451,-1.2822090460682984,-1.317771784180255,-1.128214512787306,-0.8090550398079427,-0.1511972584572906,-0.10193962257473484,0.18652958731065797,-0.4959172890861918,-0.29863974253397674,1.8164029640724113,-0.07980868844676617,1,1,1,1,1.0,-0.0,False,1,1.0
san_jose,san_jose_1689,-0.9055043080526394,-0.9043555738409986,-1.186550857568136e-15,-1.051591433784667,-0.3289803938330676,0.930845195973588,-1.0435315409620511,-0.10220971135443631,1.0789513908681625,-0.30506509389658887,-1.0435315409620511,-1.1049055689563148,-1.0757017091036425,-1.0997609123861776,-1.0435315409620511,-0.10292269930791643,0.337815982789549,-0.9388717453892385,-0.3275475977508975,0.4827232265122626,0.429900330012398,-0.7627870632242788,1.108244365258761,0.8204214936925078,-0.9192336535418361,-0.8090550398079427,6.613876535879535,-0.10193962257473484,-5.361079785881615,-0.4959172890861918,-0.29863974253397674,-0.5505386303477205,-0.07980868844676617,1,1,1,1,1.0,-0.0,False,1,1.0
san_jose,san_jose_1692,1.011742369159587,1.0066297719749018,-1.186550857568136e-15,2.003144262209209,-2.639808614711888,-0.04189247985684063,-0.5286027897121882,10.164718334351875,-1.2727089375032425,1.8069564331988899,-0.5286027897121882,1.0974654195224702,1.2348439171255117,1.6822998949109023,-0.5286027897121882,9.735615233324804,0.7514412128719437,0.49394952329752245,-0.8377188593037904,-1.71825055218158,-1.667513442974405,-1.580640612241589,-1.2822090460682984,-1.365902922661691,-1.1282152351598684,-0.8090550398079427,-0.1511972584572906,-0.10193962257473484,0.18652958731065797,-0.4959172890861918,3.3485161469630915,-0.5505386303477205,-0.07980868844676617,0,0,0,0,1.0,-0.0,False,0,0.0
san_jose,san_jose_1693,-0.9055043080526394,-0.9043555738409986,-1.186550857568136e-15,0.21120090991859067,-0.10328376971364465,0.1262157435336224,-0.17916536461935326,-0.10220971135443631,1.0812918693151399,0.9130488212828463,-0.17916536461935326,-0.07324290281702928,0.5450686086143887,0.38982548761257435,-0.17916536461935326,-0.10292269930791643,0.9428468427168828,0.005772741644496974,1.1787887049729902,-0.684292417408352,-0.9300709325109097,-1.580640612241589,-1.2822090460682984,-1.365902922661691,-1.1282152351598684,-0.8090550398079427,-0.1511972584572906,-0.10193962257473484,0.18652958731065797,-0.4959172890861918,3.3485161469630915,-0.5505386303477205,-0.07980868844676617,2,2,1,2,0.6666666666666666,0.5793801642856949,False,2,1.0
san_jose,san_jose_1694,1.011742369159587,1.0066297719749018,-1.186550857568136e-15,-0.6749390290765446,-0.7133333279979345,0.6173251048319385,-0.7224819495970829,-0.10220971135443631,1.1645885258351651,-1.8572378719849343,-0.7224819495970829,-0.43210179153265155,0.4908166359804993,-0.7415683651700278,-0.7224819495970829,-0.10292269930791643,-1.4859349781472366,-0.6691312374629216,-1.8042997595413037,1.92891508861432,1.885807828245888,0.6067249247541043,-1.2822090460682984,1.3386294462908184,-1.1282145204316738,-0.8090550398079427,-0.1511972584572906,-0.10193962257473484,0.18652958731065797,-0.4959172890861918,-0.29863974253397674,1.8164029640724113,-0.07980868844676617,1,1,1,1,1.0,-0.0,False,1,1.0
san_jose,san_jose_1697,-0.9055043080526394,-0.9043555738409986,-1.186550857568136e-15,0.6174575861515229,0.058364699438833566,-0.538371787740069,0.9084875082269798,-0.10220971135443631,-1.3616324847769703,0.7103724143961501,0.9084875082269798,0.5296003856747147,1.0317807262405259,0.7648344592808264,0.9084875082269798,-0.10292269930791643,0.48890700117461616,0.7129266297231069,1.276179866478322,-1.2129023086010184,-1.1969114310271645,-1.56117730851043,-1.2822090460682984,-1.2330543441183828,-1.1281390587085023,0.09674263097792053,-0.1511972584572906,-0.10193962257473484,0.18652958731065797,-0.4959172890861918,3.3485161469630915,-0.5505386303477205,-0.07980868844676617,1,1,1,1,1.0,-0.0,False,1,1.0
san_jose,san_jose_1698,-0.9055043080526394,-0.9043555738409986,-1.186550857568136e-15,-0.8884035223423714,0.830028413621791,0.9395039845828272,-1.0435315409620511,-0.10220971135443631,1.1361474564023957,1.711815991109777,-1.0435315409620511,-0.9457567566852316,-1.0757017091036425,-0.7991254785815687,-1.0435315409620511,-0.10292269930791643,1.5876262322843058,-0.9463065261374907,1.5627723396238715,-1.5395034986408065,-1.588229987081597,0.6901125215802989,-1.2822090460682984,-0.7604586637714291,-1.1282146330559952,-0.8090550398079427,-0.1511972584572906,-0.10193962257473484,0.18652958731065797,-0.4959172890861918,-0.29863974253397674,1.8164029640724113,-0.07980868844676617,2,1,2,2,0.6666666666666666,0.5793801642856949,False,2,1.0
san_jose,san_jose_1700,1.011742369159587,1.0066297719749018,-1.186550857568136e-15,-0.9782611638994048,1.5059974356025425,0.9395039845828272,-1.0435315409620511,-0.10220971135443631,-1.1909084277525506,1.9522007047312033,-1.0435315409620511,-0.9941969545968435,-1.0757017091036425,-0.85581411623662,-1.0435315409620511,-0.10292269930791643,1.6150299169005813,-0.9463065261374907,1.6181085276860163,-1.7614996359132948,-1.7543234904584277,-1.3476952794697832,1.2691574945226463,-0.22552193034910772,-1.0925390759218103,-0.8090550398079427,-0.1511972584572906,9.809728295461023,-5.361079785881615,-0.4959172890861918,-0.29863974253397674,-0.5505386303477205,-0.07980868844676617,1,1,1,1,1.0,-0.0,False,1,1.0
san_jose,san_jose_1701,1.011742369159587,1.0066297719749018,-1.186550857568136e-15,-1.0298741386317378,1.127405462690057,0.8343325693422593,-0.8383459094181586,-0.10220971135443631,1.0442796138713661,0.2212596743543086,-0.8383459094181586,-1.0280745438907088,2.0248302953738198,-1.0199322724160762,-0.8383459094181586,-0.10292269930791643,0.8264714479692967,-0.8559525527349133,0.32418906421268756,-0.029195701760609132,-0.12647560899178054,-0.5141619711925587,0.9565429339296707,0.6389699389982705,-0.979821506391367,-0.8090550398079427,-0.1511972584572906,9.809728295461023,-5.361079785881615,-0.4959172890861918,-0.29863974253397674,-0.5505386303477205,-0.07980868844676617,1,1,1,1,1.0,-0.0,False,1,1.0
san_jose,san_jose_1702,1.011742369159587,1.0066297719749018,-1.186550857568136e-15,0.21126952680442312,-0.3483868756254962,0.1083146771003063,-0.2562910458214939,-0.10220971135443631,1.170183286437472,-0.19324295985666168,-0.2562910458214939,0.10592467528621477,0.9229854040684105,0.03955220989336562,-0.2562910458214939,-0.10292269930791643,0.24948866513283785,-0.1661428312259676,-0.034458366647045297,0.36971686170236817,0.1646056493922737,-1.3567075081639492,1.2810806000452644,1.765879138348599,-0.5945687849327769,-0.8090550398079427,-0.1511972584572906,-0.10193962257473484,0.18652958731065797,-0.4959172890861918,-0.29863974253397674,-0.5505386303477205,-0.07980868844676617,1,1,1,1,1.0,-0.0,False,1,1.0
san_jose,san_jose_1707,1.011742369159587,1.0066297719749018,-1.186550857568136e-15,-1.0239810303102848,0.7552475988643704,0.9395039845828272,-1.0435315409620511,-0.10220971135443631,-1.2506613216710505,1.354385960818595,-1.0435315409620511,-1.076479317843245,-1.0757017091036425,-1.002181954645309,-1.0435315409620511,-0.10292269930791643,1.5084145295917377,-0.9463065261374961,1.3535016613362414,-1.1801792958939854,-1.1851838943998854,-1.2086829548714362,1.1729225071189207,-0.15023055472524907,-0.5272399603076646,-0.8090550398079427,-0.1511972584572906,9.809728295461023,-5.361079785881615,-0.4959172890861918,-0.29863974253397674,-0.5505386303477205,-0.07980868844676617,1,1,1,1,1.0,-0.0,False,1,1.0
san_jose,san_jose_1708,1.011742369159587,1.0066297719749018,-1.186550857568136e-15,-1.0418532200693946,1.5341921571681507,0.9395039845828272,-1.0435315409620511,-0.10220971135443631,1.1034604638792787,1.1363839462373437,-1.0435315409620511,-1.057017615659428,-1.0757017091036425,-1.0017166717475812,-1.0435315409620511,-0.10292269930791643,1.3935603275946729,-0.9463065261374907,1.204774709970789,-0.9480251878279708,-0.9907973769727416,-1.4090299991444746,1.307581806756571,-1.1689290349267953,1.25605913956737,-0.8090550398079427,-0.1511972584572906,9.809728295461023,-5.361079785881615,-0.4959172890861918,-0.29863974253397674,-0.5505386303477205,-0.07980868844676617,1,1,1,1,1.0,-0.0,False,1,1.0
san_jose,san_jose_1710,1.011742369159587,1.0066297719749018,-1.186550857568136e-15,-0.45681709842905155,-1.4361597585331605,0.8123626353429445,-0.4781926591013323,-0.10220971135443631,-1.2565154531901241,0.1039582694556436,-0.4781926591013323,-0.7851485405309989,1.4657069005628716,-0.8069599575077785,-0.4781926591013323,-0.10292269930791643,0.7244469380324214,-0.7803384723746875,0.22169245645029664,0.08597181943452456,-0.04088814946716594,-1.1459573595251238,-1.282207831900449,-1.0861227021468804,-1.1279120494814632,-0.8090550398079427,-0.1511972584572906,-0.10193962257473484,0.18652958731065797,-0.4959172890861918,3.3485161469630915,-0.5505386303477205,-0.07980868844676617,0,0,0,0,1.0,-0.0,False,0,0.0
san_jose,san_jose_1711,1.011742369159587,1.0066297719749018,-1.186550857568136e-15,-1.0455080075993504,1.8921798945030366,0.8964777765814091,-1.0435315409620511,-0.10220971135443631,1.1176947118947127,1.4951101589285183,-1.0435315409620511,-1.053031278058745,-1.0757017091036425,-0.9877478588772529,-1.0435315409620511,-0.10292269930791643,1.5406684584669696,-0.9093554641871677,1.479993437378088,-1.227073149049802,-1.3986421775634992,-0.880625420249952,1.069516882591759,0.2693925992675741,-1.0583561556548688,-0.8090550398079427,-0.1511972584572906,9.809728295461023,-5.361079785881615,-0.4959172890861918,-0.29863974253397674,-0.5505386303477205,-0.07980868844676617,1,2,2,2,0.6666666666666666,0.5793801642856949,False,2,2.0
san_jose,san_jose_1712,-0.9055043080526394,-0.9043555738409986,-1.186550857568136e-15,-1.0884673770599902,0.7782394548597347,0.9395039845828272,-1.0435315409620511,-0.10220971135443631,1.167294390176445,0.46679813999097886,-1.0435315409620511,-1.1336951151277255,-1.0757017091036425,-1.1122731724282808,-1.0435315409620511,-0.10292269930791643,1.0082962695528663,-0.9463065261374969,0.5846917877129642,-0.27385552887835213,-0.35344329953656023,-1.580640612241589,-1.2822090460682984,-1.365902922661691,-1.1282152351598684,-0.8090550398079427,-0.1511972584572906,-0.10193962257473484,0.18652958731065797,-0.4959172890861918,3.3485161469630915,-0.5505386303477205,-0.07980868844676617,2,2,1,2,0.6666666666666666,0.5793801642856949,False,2,1.0
san_jose,san_jose_1714,1.011742369159587,1.0066297719749018,-1.186550857568136e-15,-0.16200351925732634,-0.18345670554682417,-0.322447054123934,0.31981047648693917,-0.10220971135443631,-1.2959040556641148,-0.021567439472987674,0.31981047648693917,-0.2230952481786877,1.4980818460189875,-0.30457301572224044,0.31981047648693917,-0.10292269930791643,0.14308518640654244,0.1613670937933169,-0.21199338262739634,0.186488095100003,0.29548143082086786,1.3319088993759651,-1.2686025668605594,-0.46499634811908225,-1.0556063640087747,-0.8090550398079427,-0.1511972584572906,-0.10193962257473484,0.18652958731065797,-0.4959172890861918,-0.29863974253397674,1.8164029640724113,-0.07980868844676617,1,1,1,1,1.0,-0.0,False,1,1.0
san_jose,san_jose_1717,-0.9055043080526394,-0.9043555738409986,-1.186550857568136e-15,-0.6104337409227695,-0.6422905501472682,0.8993020768193287,-0.9806263307945975,-0.10220971135443631,1.166924861645101,-1.7547451711404465,-0.9806263307945975,-0.35396292622561687,2.0759877406382214,-0.6683635738391913,-0.9806263307945975,-0.10292269930791643,-1.3824037250988155,-0.8783445385740649,-1.7477512023137147,1.8339389023226813,1.8146762778544887,-0.32144636336710863,0.8994762685254467,2.149540099163456,-1.000580430684909,-0.8090550398079427,-0.1511972584572906,9.809728295461023,-5.361079785881615,-0.4959172890861918,-0.29863974253397674,-0.5505386303477205,12.52996408614229,2,2,1,2,0.6666666666666666,0.5793801642856949,False,1,1.0
san_jose,san_jose_1719,1.011742369159587,1.0066297719749018,-1.186550857568136e-15,-0.10812528775889382,-0.62352105333111,-0.23985350236164812,0.06854111432472366,-0.10220971135443631,-1.335531733933716,0.7185510739892934,0.06854111432472366,-0.48656218584759237,0.8701290737983336,-0.1610529493006989,0.06854111432472366,-0.10292269930791643,0.4183267292057692,0.5605213663747612,0.9783533603757657,-0.5061581621299746,-0.7182872324781552,0.9939791755865647,-0.9020479300382916,-1.2199785754175239,0.023672656564531463,-0.8090550398079427,6.613876535879535,-0.10193962257473484,-5.361079785881615,-0.4959172890861918,-0.29863974253397674,1.8164029640724113,-0.07980868844676617,1,0,0,0,0.6666666666666666,0.5793801642856949,False,0,1.0
san_jose,san_jose_1723,1.011742369159587,1.0066297719749018,-1.186550857568136e-15,-1.037167957539012,0.8632036535956263,0.9395039845828272,-1.0435315409620511,-0.10220971135443631,-1.3991888664875105,1.0556986168776212,-1.0435315409620511,-1.077187987029745,-1.0757017091036425,-1.0359421097964734,-1.0435315409620511,-0.10292269930791643,1.3599948044655756,-0.9463065261374907,1.1479543695525074,-0.844916279238393,-0.9204488726853172,-1.465058874129751,1.3111996023400596,-0.5485650521520639,0.8071969277426247,-0.8090550398079427,-0.1511972584572906,-0.10193962257473484,0.18652958731065797,-0.4959172890861918,-0.29863974253397674,-0.5505386303477205,-0.07980868844676617,1,1,1,1,1.0,-0.0,False,1,1.0
san_jose,san_jose_1727,1.011742369159587,1.0066297719749018,-1.186550857568136e-15,-0.9828890390656986,0.8309994380428413,0.9395039845828272,-1.0435315409620511,-0.10220971135443631,-1.2803353588806452,1.3141833741166475,-1.0435315409620511,-1.0283521746761677,-1.0757017091036425,-0.9454956727587509,-1.0435315409620511,-0.10292269930791643,1.4659866963292236,-0.9463065261374851,1.3324468886125667,-1.1218529381522753,-1.1597380158212998,-1.4998900483433926,1.3277452945989499,-1.2960248041218463,0.9790491723402025,-0.8090550398079427,-0.1511972584572906,-0.10193962257473484,0.18652958731065797,-0.4959172890861918,-0.29863974253397674,-0.5505386303477205,-0.07980868844676617,1,1,1,1,1.0,-0.0,False,1,1.0
san_jose,san_jose_1730,1.011742369159587,1.0066297719749018,-1.186550857568136e-15,-0.9773940352239763,1.8267998568416626,0.9395039845828272,-1.0435315409620511,-0.10220971135443631,1.0944930171246452,0.7629624988089477,-1.0435315409620511,-0.9011132782408572,-1.0757017091036425,-0.8470726728901591,-1.0435315409620511,-0.10292269930791643,1.2351628403744492,-0.946306526137485,0.9701556897611198,-0.5492699551292288,-0.7280862424510287,-1.4716790178861197,1.3287399390603893,-0.4555972990158661,0.17878405760787633,-0.8090550398079427,-0.1511972584572906,-0.10193962257473484,0.18652958731065797,-0.4959172890861918,-0.29863974253397674,-0.5505386303477205,-0.07980868844676617,1,1,1,1,1.0,-0.0,False,1,1.0
san_jose,san_jose_1731,1.011742369159587,1.0066297719749018,-1.186550857568136e-15,0.41975828289884115,-0.17103544028184967,-0.268003228149954,0.5803189617439678,-0.10220971135443631,-1.2813844215757932,0.13120392848519197,0.5803189617439678,0.4017409653948813,0.967145765118525,0.25714742169629023,0.5803189617439678,-0.10292269930791643,-0.08710625955851076,0.122206251047137,-0.02476853782891577,0.06669153214626906,0.0979537957798671,0.08766685811559007,-1.2822090460682984,-1.2445068500979206,-1.1282144829863345,0.09674263097792053,-0.1511972584572906,9.809728295461023,-5.361079785881615,-0.4959172890861918,-0.29863974253397674,1.8164029640724113,-0.07980868844676617,1,1,1,1,1.0,-0.0,False,1,1.0
san_jose,san_jose_1732,-0.9055043080526394,-0.9043555738409986,-1.186550857568136e-15,0.5141906814917391,-0.8309960319626396,-0.4909476923976259,0.6411946952871846,-0.10220971135443631,-1.2721681286303197,-0.08578259751712494,0.6411946952871846,0.14333117578041427,0.5259144435549133,0.2876654104737553,0.6411946952871846,-0.10292269930791643,-0.12471622827376275,0.7883612392194524,0.04059042174685772,0.2443785480079334,0.09131373576499091,-0.017897914798652773,0.5940162018574195,-0.12114101876787767,-1.1210895728345927,0.09674263097792053,-0.1511972584572906,-0.10193962257473484,0.18652958731065797,-0.4959172890861918,-0.29863974253397674,-0.5505386303477205,-0.07980868844676617,1,1,1,1,1.0,-0.0,False,1,1.0
san_jose,san_jose_1733,1.011742369159587,1.0066297719749018,-1.186550857568136e-15,-0.36942326659876307,0.18922514959445305,0.9395039845828272,-1.0435315409620511,-0.10220971135443631,-1.2312069573795192,0.23704643278225818,-1.0435315409620511,-0.3823440984110008,-1.0757017091036425,-0.36221794784112055,-1.0435315409620511,-0.10292269930791643,1.085512832975349,-0.9463065261374907,0.33397327403194527,-0.05479789421200369,-0.09624562032767958,0.16397857458079526,-1.2822090460682984,-0.8836855661209403,-1.1282144098628617,-0.8090550398079427,-0.1511972584572906,-0.10193962257473484,0.18652958731065797,-0.4959172890861918,-0.29863974253397674,1.8164029640724113,-0.07980868844676617,1,1,1,1,1.0,-0.0,False,1,1.0
san_jose,san_jose_1737,1.011742369159587,1.0066297719749018,-1.186550857568136e-15,0.41002965172260075,0.61018254650297,-1.6839222110908805,1.588166269750544,-0.10220971135443631,-1.3247257505675116,0.6099706470806905,1.588166269750544,0.7892685151416874,0.31496388469722886,0.7609274246759797,1.588166269750544,-0.10292269930791643,-0.016316420975887255,1.436515516048765,0.6268183976647965,-1.8138683083561837,-0.9979417869074846,-1.580640612241589,-1.2822090460682984,-1.365902922661691,-1.1282152351598684,-0.8090550398079427,-0.1511972584572906,-0.10193962257473484,0.18652958731065797,-0.4959172890861918,3.3485161469630915,-0.5505386303477205,-0.07980868844676617,1,0,0,0,0.6666666666666666,0.5793801642856949,False,0,0.0
san_jose,san_jose_1738,1.011742369159587,1.0066297719749018,-1.186550857568136e-15,-1.0408236708869687,1.065713283856995,0.9395039845828272,-1.0435315409620511,-0.10220971135443631,-1.2900503608335192,1.5889533843173727,-1.0435315409620511,-1.0859369350782038,-1.0757017091036425,-1.0257817788385235,-1.0435315409620511,-0.10292269930791643,1.592843423680937,-0.9463065261374907,1.5285142007662047,-1.3007533767154627,-1.4835869615806536,-0.30581674986380547,0.6346749694421915,1.1533969720922965,-1.1235735400916962,0.09674263097792053,-0.1511972584572906,-0.10193962257473484,0.18652958731065797,-0.4959172890861918,-0.29863974253397674,-0.5505386303477205,-0.07980868844676617,1,1,1,1,1.0,-0.0,False,1,1.0
san_jose,san_jose_1743,-0.9055043080526394,-0.9043555738409986,-1.186550857568136e-15,1.3640775671934247,-1.64253188041296,-2.0092443625637126,1.7530536068311766,-0.10220971135443631,-1.3945970780698844,-1.6596800711084756,1.7530536068311766,1.445106339779621,-0.39202730038403266,0.6209273122889868,1.7530536068311766,-0.10292269930791643,-1.6117163954682676,1.9587416511694653,-1.2057565990538355,0.2500079090971006,0.43684059008707044,-0.0008309640341004886,-1.2750721842871606,1.1233553602326836,-0.8242367395351377,0.09674263097792053,-0.1511972584572906,-0.10193962257473484,0.18652958731065797,-0.4959172890861918,-0.29863974253397674,1.8164029640724113,-0.07980868844676617,1,2,1,1,0.6666666666666666,0.5793801642856949,False,1,1.0
san_jose,san_jose_1747,1.011742369159587,1.0066297719749018,-1.186550857568136e-15,-1.0936485134760734,0.6607871239971235,0.9395039845828272,-1.0435315409620511,-0.10220971135443631,1.1145745562387832,1.252429004182861,-1.0435315409620511,-1.147068171428033,-1.0757017091036425,-1.118196814540817,-1.0435315409620511,-0.10292269930791643,1.4550346868509112,-0.9463065261374907,1.308894355516925,-0.9980117698722288,-1.1227252803015788,-1.580640612241589,-1.2822090460682984,-1.365902922661691,-1.1282152351598684,-0.8090550398079427,-0.1511972584572906,-0.10193962257473484,0.18652958731065797,-0.4959172890861918,3.3485161469630915,-0.5505386303477205,-0.07980868844676617,1,1,1,1,1.0,-0.0,False,1,1.0
san_jose,san_jose_1752,1.011742369159587,1.0066297719749018,-1.186550857568136e-15,1.54235767639196,0.03866902164139582,-1.9783364191852069,1.5508040027265635,-0.10220971135443631,-1.2879077332518087,2.0788174920952462,1.5508040027265635,1.522578880779277,-0.3762410543910082,1.797981658810059,1.5508040027265635,-0.10292269930791643,-1.0700107956523617,1.8568200902050414,-0.31486573272947754,-0.15853420930682313,-0.2786599211985266,-0.27838253769895144,-1.282208963000822,-0.09017693569108119,-1.1277687993098537,0.09674263097792053,-0.1511972584572906,9.809728295461023,-5.361079785881615,-0.4959172890861918,-0.29863974253397674,1.8164029640724113,-0.07980868844676617,1,1,1,1,1.0,-0.0,False,1,1.0
san_jose,san_jose_1776,1.011742369159587,1.0066297719749018,-1.186550857568136e-15,1.570642890194221,-1.2447159584921528,-0.8533642676659106,0.8240848733804976,-0.10220971135443631,1.1181239225444193,-0.9316749350235944,0.8240848733804976,1.444436695804457,0.5715044856025653,1.168020348403155,0.8240848733804976,-0.10292269930791643,-1.0511030847597973,1.5243224815008616,-0.7858059134062759,0.632779445891981,0.733821668850534,-1.580640612241589,-1.2822090460682984,-1.365902922661691,-1.1282152351598684,-0.8090550398079427,-0.1511972584572906,-0.10193962257473484,0.18652958731065797,-0.4959172890861918,3.3485161469630915,-0.5505386303477205,-0.07980868844676617,1,1,1,1,1.0,-0.0,False,1,1.0
san_jose,san_jose_1778,1.011742369159587,1.0066297719749018,-1.186550857568136e-15,0.1863640907786648,-0.6467241230930239,0.2641878239578686,-0.2796753848898092,-0.10220971135443631,1.0782988762612638,0.18676088702827315,-0.2796753848898092,-0.1225487808588323,1.123139103787294,0.09032934062896875,-0.2796753848898092,-0.10292269930791643,0.5487809424921389,-0.36298284164147687,0.28901021619809675,-0.008055935232324106,-0.1006793009984511,-1.3230287744719977,1.2866358049668767,-0.10426258582926612,-0.016558446537265754,-0.8090550398079427,6.613876535879535,-0.10193962257473484,-5.361079785881615,-0.4959172890861918,-0.29863974253397674,-0.5505386303477205,-0.07980868844676617,1,1,1,1,1.0,-0.0,False,1,1.0
san_jose,san_jose_1779,1.011742369159587,1.0066297719749018,-1.186550857568136e-15,1.1300839486368517,-0.710287189033942,-0.10556040289030567,0.3773931905469495,-0.10220971135443631,-1.4170612896978219,0.519593942568198,0.3773931905469495,0.6589028291892515,0.6179298176597237,1.158108081413986,0.3773931905469495,-0.10292269930791643,0.4730527438282776,0.3182594904740806,0.7894026766955807,-0.3304697762933928,-0.4783301699358777,0.8016373959780443,-1.2808760771823688,0.19954748332681288,-1.128171289057909,0.09674263097792053,-0.1511972584572906,-0.10193962257473484,0.18652958731065797,-0.4959172890861918,-0.29863974253397674,1.8164029640724113,-0.07980868844676617,1,0,0,0,0.6666666666666666,0.5793801642856949,False,0,0.0
san_jose,san_jose_1624,-0.9055043080526394,-0.9043555738409986,-1.186550857568136e-15,1.3211642759816509,-0.32414426714035044,-1.0359359150059433,0.6979761685956634,-0.10220971135443631,1.0659356466444023,0.665544740777679,0.6979761685956634,1.0267760133476767,0.37748858568177124,1.5607295425710352,0.6979761685956634,-0.10292269930791643,0.25307144173259893,0.8227097747576831,0.7634969684503992,-0.4931989730459308,-0.7199945023930439,0.38663494717177216,-1.2647244401618243,-0.33932000971698595,-1.0839900971806729,0.09674263097792053,-0.1511972584572906,9.809728295461023,-5.361079785881615,-0.4959172890861918,-0.29863974253397674,1.8164029640724113,-0.07980868844676617,1,1,1,1,1.0,-0.0,False,1,1.0
san_jose,san_jose_1782,2.5396326437454446,2.524200314154923,-1.186550857568136e-15,-0.6772095579864501,0.9064192685207484,0.1140220025687417,-0.06924383667688187,-0.10220971135443631,-1.8282711583608113,1.3356420868058563,-0.06924383667688187,-0.6900234275022764,1.6693533067015753,-0.49383268099860744,-0.06924383667688187,-0.10292269930791643,0.8937615885348515,0.36765644612222115,1.4104210035694178,-1.266223768761287,-1.305845773249606,-1.580640612241589,-1.2822090460682984,-1.365902922661691,-1.1282152351598684,-0.8090550398079427,-0.1511972584572906,-0.10193962257473484,0.18652958731065797,-0.4959172890861918,3.3485161469630915,-0.5505386303477205,-0.07980868844676617,1,0,0,0,0.6666666666666666,0.5793801642856949,False,0,0.0
san_jose,san_jose_1783,-0.9055043080526394,-0.9043555738409986,-1.186550857568136e-15,-0.11017362454888173,-0.49438262652754184,0.39958304022363916,-0.3326355194585552,-0.10220971135443631,1.0815183549233884,0.7179575774585574,-0.3326355194585552,-0.42664764375579917,1.4018766288865547,-0.05786659989437346,-0.3326355194585552,-0.10292269930791643,0.9007708528533297,-0.25609724683127916,0.8634762968183645,-0.5229330673256746,-0.6206236754153923,0.49823027893433636,0.5965408651612708,0.7493415533726393,1.0522081670058892,0.09674263097792053,-0.1511972584572906,-0.10193962257473484,0.18652958731065797,-0.4959172890861918,-0.29863974253397674,-0.5505386303477205,-0.07980868844676617,1,1,1,1,1.0,-0.0,False,1,1.0
san_jose,san_jose_1784,2.5396326437454446,2.524200314154923,-1.186550857568136e-15,0.78725464738998,0.5882250273901187,-0.14860864788707345,0.8540768950483364,-0.10220971135443631,1.1089374366414908,0.974597177071359,0.8540768950483364,0.9393912311847266,0.7712182359238917,1.142428146333362,0.8540768950483364,-0.10292269930791643,-0.034762113021284756,0.07345054545514226,1.3085667094440168,-1.529051073576396,-1.5516840490881736,-1.279863100066736,-1.2822090460682984,-0.13306709490884108,-1.1282102425090694,-0.8090550398079427,-0.1511972584572906,-0.10193962257473484,0.18652958731065797,-0.4959172890861918,3.3485161469630915,-0.5505386303477205,-0.07980868844676617,1,0,0,0,0.6666666666666666,0.5793801642856949,False,0,0.0
san_jose,san_jose_1785,1.011742369159587,1.0066297719749018,-1.186550857568136e-15,1.9424946099952776,-0.9674516133122587,-1.635938214781701,1.1335140373539938,-0.10220971135443631,1.0548207542433394,-0.5728349550077727,1.1335140373539938,1.9182867069513994,-0.3596926696371066,1.918045645712905,1.1335140373539938,-0.10292269930791643,-0.9305679670591557,1.4250902460157484,-0.5687446453230277,0.7178930875850655,0.4002595318220796,1.1482879701458437,-1.2718276054036246,0.5819284768497054,-1.1143266560890228,0.09674263097792053,6.613876535879535,-0.10193962257473484,-5.361079785881615,-0.4959172890861918,-0.29863974253397674,1.8164029640724113,-0.07980868844676617,1,1,1,1,1.0,-0.0,False,1,1.0
san_jose,san_jose_1787,-0.9055043080526394,-0.9043555738409986,-1.186550857568136e-15,-1.1043692616204674,-0.7458357260160431,0.8979388155073882,-1.0435315409620511,-0.10220971135443631,-1.263833250926215,0.34849574772310127,-1.0435315409620511,-1.1623209939667154,-1.0757017091036425,-1.1411274117366976,-1.0435315409620511,-0.10292269930791643,0.884217188657176,-0.9106105029131166,0.40712594893714404,-0.15166056633904562,-0.19662105156886736,-1.580640612241589,-1.2822090460682984,-1.365902922661691,-1.1282152351598684,-0.8090550398079427,-0.1511972584572906,9.809728295461023,-5.361079785881615,-0.4959172890861918,3.3485161469630915,-0.5505386303477205,-0.07980868844676617,1,0,1,1,0.6666666666666666,0.5793801642856949,False,1,1.0
san_jose,san_jose_1788,1.011742369159587,1.0066297719749018,-1.186550857568136e-15,0.9544685049091356,-0.2724700955203293,0.4537452018732054,0.23074335070891355,-0.10220971135443631,-1.3380632355771573,1.0735349083477532,0.23074335070891355,0.5256498566685812,1.1377259816252054,1.1705472433908015,0.23074335070891355,-0.10292269930791643,0.6109063203932441,0.21044120309521222,1.374939057773811,-0.8225628686152913,-1.0534290412696152,-1.5080463870092358,1.3293196976402704,0.8191391596005837,-1.0795310139238241,-0.8090550398079427,-0.1511972584572906,-0.10193962257473484,0.18652958731065797,-0.4959172890861918,-0.29863974253397674,-0.5505386303477205,-0.07980868844676617,1,1,1,1,1.0,-0.0,False,1,1.0
san_jose,san_jose_1790,-0.9055043080526394,-0.9043555738409986,-1.186550857568136e-15,-1.0132898165666047,-0.8129031767747943,0.7099573193831059,-0.9191915192260405,-0.10220971135443631,1.0702766228301344,0.07786981402741587,-0.9191915192260405,-1.0964909334572313,1.639808130968681,-1.0728485380131954,-0.9191915192260405,-0.10292269930791643,0.6653575100421519,-0.7489478677039678,0.09167193879684515,0.0959819306873721,0.07082707033059041,-1.4264146309856656,1.3183483594369578,0.17240825511026908,0.20888292086290353,-0.8090550398079427,6.613876535879535,-0.10193962257473484,-5.361079785881615,-0.4959172890861918,-0.29863974253397674,-0.5505386303477205,-0.07980868844676617,1,1,1,1,1.0,-0.0,False,1,1.0
san_jose,san_jose_1793,2.5396326437454446,2.524200314154923,-1.186550857568136e-15,1.9888852875598835,-1.1174097451903322,-1.8586970516856522,1.3377713619976042,-0.10220971135443631,-1.7415663194115487,0.6601839917057718,1.3377713619976042,1.9054720420597344,-0.34248340708299363,1.9444178523372717,1.3377713619976042,-0.10292269930791643,-1.1111289446263932,1.7789527589366774,0.6175394597396388,-1.7166940127170691,-1.0554932242752786,-1.3995353882073702,-1.2822090460682984,-1.2916906848306893,-1.1282102425090694,-0.8090550398079427,-0.1511972584572906,-0.10193962257473484,0.18652958731065797,-0.4959172890861918,3.3485161469630915,-0.5505386303477205,-0.07980868844676617,0,0,0,0,1.0,-0.0,False,0,0.0
san_jose,san_jose_1796,-0.9055043080526394,-0.9043555738409986,-1.186550857568136e-15,0.6658922400229822,0.0164642395312094,-0.2263952372234234,0.9347685520461116,-0.10220971135443631,1.0484758395228824,-0.2950730082723715,0.9347685520461116,0.8179541493708377,0.604862168220913,0.9590855608127921,0.9347685520461116,-0.10292269930791643,-0.11272472440819675,1.0604351089579853,0.5932577330542009,-0.5788678329259844,-0.7223322241772991,1.2143689938849829,-1.2819253248024587,0.552592599782795,-1.1250387617669317,-0.8090550398079427,6.613876535879535,-0.10193962257473484,-5.361079785881615,-0.4959172890861918,-0.29863974253397674,1.8164029640724113,-0.07980868844676617,1,1,1,1,1.0,-0.0,False,1,1.0
san_jose,san_jose_1797,-0.9055043080526394,-0.9043555738409986,-1.186550857568136e-15,1.1678846543823866,-0.3758148324388293,-0.7282838951913264,0.4205963228534691,-0.10220971135443631,1.0646180838071626,0.6796827536144228,0.4205963228534691,0.8242934804641796,0.5087994466230449,1.3365129109405869,0.4205963228534691,-0.10292269930791643,0.4132222738348462,0.5138335879715117,0.8441687868222427,-0.464107963961938,-0.7308203897184669,1.1432026679114358,-0.78237538051248,-1.3250908682115405,0.2641305899968118,-0.8090550398079427,-0.1511972584572906,-0.10193962257473484,0.18652958731065797,2.0164652896911486,-0.29863974253397674,-0.5505386303477205,-0.07980868844676617,1,1,1,1,1.0,-0.0,False,1,1.0
san_jose,san_jose_1798,-0.9055043080526394,-0.9043555738409986,-1.186550857568136e-15,1.5153244591087582,-0.008123619682298171,-1.8042927995285927,1.4533978990000431,-0.10220971135443631,-1.3536770622428882,-0.4789912765804681,1.4533978990000431,1.7376845233836307,-0.32353056696628485,1.7411001585476247,1.4533978990000431,-0.10292269930791643,-1.5075879950025926,1.7685327172446241,-0.10418824250548579,-0.14079744916697776,-0.36453970914487677,1.0721595430715896,-1.2815929434461697,-1.054882355281332,-1.1256962171706444,-0.8090550398079427,6.613876535879535,-0.10193962257473484,-5.361079785881615,-0.4959172890861918,-0.29863974253397674,1.8164029640724113,-0.07980868844676617,1,1,1,1,1.0,-0.0,False,1,1.0
san_jose,san_jose_1800,1.011742369159587,1.0066297719749018,-1.186550857568136e-15,-0.37825426455037986,-0.6760892279179286,-1.3018385887425132,1.0308455199030118,-0.10220971135443631,-1.309647815100393,-0.23525516924534776,1.0308455199030118,-0.5123124747094963,0.6356294956280365,-0.5584253243539825,1.0308455199030118,-0.10292269930791643,-0.8033081220227382,1.7158901254049241,0.11557972766916277,-0.33011960500898807,-0.3818868585338025,-0.49503259446167847,-1.2817529317026268,0.7370985552732738,-1.0548624636138246,0.09674263097792053,6.613876535879535,-0.10193962257473484,-5.361079785881615,-0.4959172890861918,-0.29863974253397674,1.8164029640724113,-0.07980868844676617,1,1,1,1,1.0,-0.0,False,1,0.0
san_jose,san_jose_1801,-0.9055043080526394,-0.9043555738409986,-1.186550857568136e-15,0.07699378124158521,0.2874452491636421,-0.6826273381592021,0.672099111659941,-0.10220971135443631,1.0786828263416348,0.9319159882424356,0.672099111659941,0.03488894939309766,1.0511822732008347,0.18630620107042145,0.672099111659941,-0.10292269930791643,0.749930904248517,0.4940605243210157,1.2057138550582862,-1.3186058873629158,-1.132339062880649,-1.580640612241589,-1.2822090460682984,-1.365902922661691,-1.1282152351598684,-0.8090550398079427,-0.1511972584572906,-0.10193962257473484,0.18652958731065797,-0.4959172890861918,3.3485161469630915,-0.5505386303477205,-0.07980868844676617,2,2,1,2,0.6666666666666666,0.5793801642856949,False,2,
san_jose,san_jose_1803,-0.9055043080526394,-0.9043555738409986,-1.186550857568136e-15,1.7531164676073288,-1.008812247226423,-0.8510008248123877,0.9690045468385178,-0.10220971135443631,-1.4087868805278163,0.06481698612673553,0.9690045468385178,1.47012638876959,0.3178262136910975,1.56045814496905,0.9690045468385178,-0.10292269930791643,-1.184433641686491,1.4178891377575165,-0.031143152469359062,0.09756639944315017,0.1042155826619576,0.6712731137426698,-1.2808075420780707,0.06735005290670378,-1.1281683504951248,-0.8090550398079427,-0.1511972584572906,-0.10193962257473484,0.18652958731065797,-0.4959172890861918,-0.29863974253397674,1.8164029640724113,-0.07980868844676617,1,1,1,1,1.0,-0.0,False,1,1.0
san_jose,san_jose_1807,1.011742369159587,1.0066297719749018,-1.186550857568136e-15,-0.7464795766545822,0.3809445852123781,0.7362020084126352,-0.34420701615350363,-0.10220971135443631,-1.3340991747721007,2.162425461728136,-0.34420701615350363,-0.8855573391714112,1.6562595291902038,-0.6805044082589848,-0.34420701615350363,-0.10292269930791643,1.4890852776215973,-0.6137057005582596,1.7380855487654265,-1.8221451133859479,-1.999159484408281,-1.2313334171485886,1.205710447519484,-0.8208243780609062,-1.0781488614337822,0.09674263097792053,-0.1511972584572906,-0.10193962257473484,0.18652958731065797,-0.4959172890861918,-0.29863974253397674,-0.5505386303477205,-0.07980868844676617,1,1,1,1,1.0,-0.0,False,1,1.0
san_jose,san_jose_1810,1.011742369159587,1.0066297719749018,-1.186550857568136e-15,1.7548339749857578,-1.1569484330183486,-1.176963817384826,1.2303525492796947,-0.10220971135443631,1.0478307885687457,-0.35386477428574825,1.2303525492796947,1.5712064135794335,0.15296245459075455,1.5186580715550528,1.2303525492796947,-0.10292269930791643,-1.743828087900417,1.3224910919732917,-0.6410739710314395,0.5193395543042572,0.47452768249782035,0.6938415668271941,-1.2822084440394501,1.2222385444640365,-1.1265032659180485,-0.8090550398079427,-0.1511972584572906,-0.10193962257473484,0.18652958731065797,-0.4959172890861918,-0.29863974253397674,1.8164029640724113,-0.07980868844676617,1,1,1,1,1.0,-0.0,False,1,1.0
san_jose,san_jose_1813,1.011742369159587,1.0066297719749018,-1.186550857568136e-15,1.497427520125509,-0.41982755004722816,0.29012333124083617,0.6360909823207769,-0.10220971135443631,-1.2996418514841726,1.040850361667451,0.6360909823207769,1.0997982859084394,-0.18164416824199858,1.6113632107041218,0.6360909823207769,-0.10292269930791643,0.1523897092115191,0.1454855758991812,1.399569794936454,-0.7922108364607711,-1.1503982220954514,0.6462275177681992,-1.2822089136576365,-1.3586033486582239,-1.1281299200671167,-0.8090550398079427,-0.1511972584572906,-0.10193962257473484,0.18652958731065797,-0.4959172890861918,-0.29863974253397674,1.8164029640724113,-0.07980868844676617,1,1,1,1,1.0,-0.0,False,1,1.0
san_jose,san_jose_1814,1.011742369159587,1.0066297719749018,-1.186550857568136e-15,0.7774228126696673,-0.2279166797566251,-1.430692790624091,0.9735324444314679,-0.10220971135443631,-1.2695772118731585,-0.08302031449933471,0.9735324444314679,0.6399405804313298,0.004631785462823765,0.8325216828365476,0.9735324444314679,-0.10292269930791643,-1.496782508125762,1.7315387800653672,-0.17584720071037224,0.2564348698002917,-0.2715302033688185,-1.580640612241589,-1.2822090460682984,-1.365902922661691,-1.1282152351598684,0.09674263097792053,-0.1511972584572906,-0.10193962257473484,0.18652958731065797,-0.4959172890861918,3.3485161469630915,-0.5505386303477205,-0.07980868844676617,1,1,1,1,1.0,-0.0,False,1,1.0
san_jose,san_jose_1815,-0.9055043080526394,-0.9043555738409986,-1.186550857568136e-15,2.0115786736589367,-1.8958096196433833,-2.0221003879978166,1.8456930322710403,-0.10220971135443631,-1.331878763595402,-1.1827897249931143,1.8456930322710403,2.005922161790051,-0.07354452179506296,1.9025316326283832,1.8456930322710403,-0.10292269930791643,-1.784192113070513,1.8703377978057594,-1.619179714765282,1.0470325771397202,1.3011394088463384,0.014642130232296078,-1.2822090460682984,-0.8746691734347389,-1.128214690536415,0.09674263097792053,-0.1511972584572906,9.809728295461023,-5.361079785881615,-0.4959172890861918,-0.29863974253397674,1.8164029640724113,-0.07980868844676617,1,1,1,1,1.0,-0.0,False,1,1.0
san_jose,san_jose_1820,-0.9055043080526394,-0.9043555738409986,-1.186550857568136e-15,-0.05353436449495781,0.2795255528891094,-0.32685550059465845,0.738796790309089,-0.10220971135443631,-1.736336092985072,0.12476908678999515,0.738796790309089,0.09984142461188526,1.2333378981859298,0.034978689746707946,0.738796790309089,-0.10292269930791643,0.09225700642192564,0.838269908190906,0.6917335139373686,-0.5277846934882442,-0.4928046410932844,-1.580640612241589,-1.2822090460682984,-1.365902922661691,-1.1282152351598684,0.09674263097792053,-0.1511972584572906,9.809728295461023,-5.361079785881615,-0.4959172890861918,3.3485161469630915,-0.5505386303477205,-0.07980868844676617,1,1,1,1,1.0,-0.0,False,1,1.0
san_jose,san_jose_1822,2.5396326437454446,2.524200314154923,-1.186550857568136e-15,0.8350254743729079,-2.082905387765424,-0.2319918813703811,0.48734563858490565,-0.10220971135443631,-1.4398684847305714,-1.6260544324522836,0.48734563858490565,0.8754547700863368,-0.010709316319288863,-0.09713736066167844,0.48734563858490565,-0.10292269930791643,-1.5395814103987866,1.263983138402308,-1.5324413200367288,1.3954081207596185,1.539580446781637,-0.862494637531991,-0.2864832517958878,-1.1324979823233983,0.965290561968047,-0.8090550398079427,-0.1511972584572906,-0.10193962257473484,0.18652958731065797,2.0164652896911486,-0.29863974253397674,-0.5505386303477205,-0.07980868844676617,1,0,0,0,0.6666666666666666,0.5793801642856949,False,0,0.0
san_jose,san_jose_1824,1.011742369159587,1.0066297719749018,-1.186550857568136e-15,-1.0691834125016986,-0.37623773568458263,0.8580975501661235,-0.9963584577825576,-0.10220971135443631,-1.1788189549490757,-0.048845200352937955,-0.9963584577825576,-1.1279063484542675,2.00121965639073,-1.1086569547495129,-0.9963584577825576,-0.10292269930791643,0.5098390100596575,-0.876379055420843,-0.08729547811656868,0.20397944238332902,0.2188546339997437,-1.3961521649540158,1.2653872770228143,-0.8016031094439768,1.1348940388642799,-0.8090550398079427,-0.1511972584572906,-0.10193962257473484,0.18652958731065797,-0.4959172890861918,-0.29863974253397674,-0.5505386303477205,-0.07980868844676617,1,1,1,1,1.0,-0.0,False,1,1.0
san_jose,san_jose_1825,1.011742369159587,1.0066297719749018,-1.186550857568136e-15,1.4929923902132762,-1.0845228953167785,-1.9390582296183294,1.844360097601546,-0.10220971135443631,-1.3422716035339715,-0.9235668497723623,1.844360097601546,1.5093143171581913,0.7429401567340562,0.9735742151521614,1.844360097601546,-0.10292269930791643,-1.368666599029545,1.7884288905089645,-1.2068234719643416,0.3399440133281752,0.8556910843499762,1.2810376850494054,-1.2817939489014878,0.33871846235509206,-1.1252481468439874,-0.8090550398079427,6.613876535879535,-0.10193962257473484,-5.361079785881615,-0.4959172890861918,-0.29863974253397674,1.8164029640724113,-0.07980868844676617,1,1,1,1,1.0,-0.0,False,1,1.0
san_jose,san_jose_1826,1.011742369159587,1.0066297719749018,-1.186550857568136e-15,-1.0277013424554322,-0.7646922500439829,0.8586107968747767,-0.7929504962856582,-0.10220971135443631,-1.3597942449285263,0.6726748319125305,-0.7929504962856582,-1.1154552122856094,2.0221196823418994,-1.076865639932689,-0.7929504962856582,-0.10292269930791643,1.1560602199054182,-0.8768201370729987,0.7776349010179914,-0.4469348081640611,-0.5212646194407594,-0.4654987906432536,0.7450016279141619,0.23159764718414447,-1.0287462070988398,-0.8090550398079427,-0.1511972584572906,-0.10193962257473484,0.18652958731065797,-0.4959172890861918,-0.29863974253397674,-0.5505386303477205,-0.07980868844676617,1,1,1,1,1.0,-0.0,False,1,1.0
san_jose,san_jose_1829,-0.9055043080526394,-0.9043555738409986,-1.186550857568136e-15,0.5075110343318018,-0.09821759438523853,-0.37458059041136965,0.536008643533226,-0.10220971135443631,-1.2613161171331129,0.20489021901435747,0.536008643533226,0.4051881868567413,1.442264152494866,0.655185844365329,0.536008643533226,-0.10292269930791643,0.013620141571746975,0.710344619433604,0.035203858143460415,-0.03870984779185697,0.08251651237777805,-1.5013909164030366,-1.2822090460682984,-0.9298387735926327,-1.1281929268927795,-0.8090550398079427,-0.1511972584572906,-0.10193962257473484,0.18652958731065797,-0.4959172890861918,3.3485161469630915,-0.5505386303477205,-0.07980868844676617,2,1,1,1,0.6666666666666666,0.5793801642856949,False,1,1.0
san_jose,san_jose_1830,1.011742369159587,1.0066297719749018,-1.186550857568136e-15,-0.7623723968503853,-0.5719711619863789,0.6327200460107957,0.1773437132367935,-0.10220971135443631,-1.186981398177989,-0.14465241197830755,0.1773437132367935,-0.8670444854024238,1.6276796709704384,-0.8666156424439755,0.1773437132367935,-0.10292269930791643,0.3061145414854522,-0.5420089380040451,-0.22167380059836475,0.24134366168871957,0.33594354922072184,-0.030911164696162455,-0.8963888870897316,0.13783637595480505,0.04377674541944018,-0.8090550398079427,-0.1511972584572906,-0.10193962257473484,0.18652958731065797,-0.4959172890861918,-0.29863974253397674,1.8164029640724113,-0.07980868844676617,1,1,1,1,1.0,-0.0,False,1,1.0
san_jose,san_jose_1832,1.011742369159587,1.0066297719749018,-1.186550857568136e-15,0.6691902945461845,-1.0123176942744005,-0.002696751953874967,0.4597254998706435,-0.10220971135443631,-1.3572940059667105,0.2874427654296058,0.4597254998706435,0.24733027494098217,1.4448227808637493,0.17288462431444052,0.4597254998706435,-0.10292269930791643,0.24083223493739359,-0.1276686697299959,0.31119607197885124,-0.19615015590579857,-0.15529141745414543,0.07803860449283478,-1.282208994850003,1.2509575230328307,-1.127588711311127,-0.8090550398079427,-0.1511972584572906,-0.10193962257473484,0.18652958731065797,-0.4959172890861918,-0.29863974253397674,1.8164029640724113,-0.07980868844676617,1,1,1,1,1.0,-0.0,False,1,1.0
san_jose,san_jose_1835,-0.9055043080526394,-0.9043555738409986,-1.186550857568136e-15,-0.970341133120206,0.9704133430513624,0.9395039845828272,-1.0435315409620511,-0.10220971135443631,-1.3936415571052605,1.0889614227044564,-1.0435315409620511,-0.9986541768703928,-1.0757017091036425,-0.9402431694672488,-1.0435315409620511,-0.10292269930791643,1.3929812270016981,-0.9463065261374831,1.2089058287888896,-0.8543066946712647,-0.994157698975447,-1.580640612241589,-1.2822090460682984,-1.365902922661691,-1.1282152351598684,0.09674263097792053,-0.1511972584572906,-0.10193962257473484,0.18652958731065797,-0.4959172890861918,3.3485161469630915,-0.5505386303477205,-0.07980868844676617,2,1,1,1,0.6666666666666666,0.5793801642856949,False,1,1.0
san_jose,san_jose_1837,-0.9055043080526394,-0.9043555738409986,-1.186550857568136e-15,1.200813972323062,-2.8945298980864727,-1.3141906428961347,0.8842615190230202,-0.10220971135443631,-1.31907420680724,-1.142020983901688,0.8842615190230202,0.3709425680475453,1.3738107689917043,-0.24591152948912365,0.8842615190230202,-0.10292269930791643,-1.2177918582072238,1.059548946227541,-1.5159389868482493,1.2662421265349526,1.439452178742085,-0.5935804083173257,0.29141698184415726,0.6598593761818375,0.9399549309935739,-0.8090550398079427,-0.1511972584572906,-0.10193962257473484,0.18652958731065797,-0.4959172890861918,-0.29863974253397674,-0.5505386303477205,-0.07980868844676617,2,0,0,0,0.6666666666666666,0.5793801642856949,False,0,0.0
san_jose,san_jose_1839,1.011742369159587,1.0066297719749018,-1.186550857568136e-15,-0.8173055012253088,-0.8878110654229627,0.918251282906295,-1.0435315409620511,-0.10220971135443631,-1.2324888898563902,-0.05562194531810215,-1.0435315409620511,-0.931663425339024,-1.0757017091036425,-0.9558462776728425,-1.0435315409620511,-0.10292269930791643,0.5895143039200103,-0.9280568458918538,-0.015585830623917517,0.23460772263612045,0.16136060857368453,-0.028262275689774668,-1.208657922033013,-1.1882429768335552,-0.842783697558927,-0.8090550398079427,-0.1511972584572906,-0.10193962257473484,0.18652958731065797,-0.4959172890861918,-0.29863974253397674,1.8164029640724113,-0.07980868844676617,1,0,1,1,0.6666666666666666,0.5793801642856949,False,0,0.0
san_jose,san_jose_1842,-0.9055043080526394,-0.9043555738409986,-1.186550857568136e-15,-1.0166739338414703,1.0866843025890494,0.9395039845828272,-1.0435315409620511,-0.10220971135443631,-1.1482871278524305,1.3264032459434418,-1.0435315409620511,-1.052827560697208,-1.0757017091036425,-0.9929748085216705,-1.0435315409620511,-0.10292269930791643,1.5035272548206902,-0.9463065261374859,1.4064004111451058,-1.0627383768294791,-1.2680838001448211,-1.4696003937747972,1.316060171515639,-0.1537381434900288,1.6731617667905994,-0.8090550398079427,-0.1511972584572906,-0.10193962257473484,0.18652958731065797,-0.4959172890861918,-0.29863974253397674,-0.5505386303477205,-0.07980868844676617,1,1,1,1,1.0,-0.0,False,1,1.0
san_jose,san_jose_1844,-0.9055043080526394,-0.9043555738409986,-1.186550857568136e-15,-0.9667519581723137,1.3603104858099975,0.9395039845828272,-1.0435315409620511,-0.10220971135443631,1.0465938665395877,1.3809403156421718,-1.0435315409620511,-0.9725575555039752,-1.0757017091036425,-0.8753434915367146,-1.0435315409620511,-0.10292269930791643,1.5130444291672196,-0.9463065261374988,1.3904418826957894,-1.184084256665484,-1.2406786216166312,-1.3612403050110524,1.2885921861618046,-0.7067462909868346,1.2035437785598082,0.09674263097792053,-0.1511972584572906,-0.10193962257473484,0.18652958731065797,-0.4959172890861918,-0.29863974253397674,-0.5505386303477205,-0.07980868844676617,1,1,1,1,1.0,-0.0,False,1,1.0
san_jose,san_jose_1845,-0.9055043080526394,-0.9043555738409986,-1.186550857568136e-15,0.5120546992447711,-0.7313711774991305,-1.004432275563813,1.038279889166859,-0.10220971135443631,-1.35303336561803,-0.5430852141075856,1.038279889166859,0.41430837206237137,0.9624176027124893,0.20123382897033945,1.038279889166859,-0.10292269930791643,-1.0523239366219896,1.5695123178428296,0.07875643736268699,-0.2205067155381191,-0.09478450738583782,-0.16607940223518614,-1.2822082218371573,0.8702908410972489,-1.1254579596502996,-0.8090550398079427,-0.1511972584572906,-0.10193962257473484,0.18652958731065797,-0.4959172890861918,-0.29863974253397674,1.8164029640724113,-0.07980868844676617,1,1,1,1,1.0,-0.0,False,1,1.0
san_jose,san_jose_1847,1.011742369159587,1.0066297719749018,-1.186550857568136e-15,-0.2501767688118376,0.9715071240764702,-0.8054653246950345,0.8677457482668056,-0.10220971135443631,1.1180485932702202,0.7884997107589077,0.8677457482668056,-0.04378319074035787,0.9619362103277981,0.1557965551053449,0.8677457482668056,-0.10292269930791643,0.301865863233656,1.17227673557174,1.436004032088241,-1.712988552987241,-1.9968578503329608,0.052474909798906684,-1.2822090460682984,-0.5130375184471463,-1.1282142947604497,-0.8090550398079427,-0.1511972584572906,-0.10193962257473484,0.18652958731065797,-0.4959172890861918,-0.29863974253397674,1.8164029640724113,-0.07980868844676617,1,1,1,1,1.0,-0.0,False,1,1.0
san_jose,san_jose_1848,-0.9055043080526394,-0.9043555738409986,-1.186550857568136e-15,1.0915187662979062,-0.21290259652553228,-0.6707102511948608,0.23544417693222114,-0.10220971135443631,-1.3710243267200366,0.4594264548915581,0.23544417693222114,0.8805078852774653,0.3816680247128188,1.213945615565377,0.23544417693222114,-0.10292269930791643,0.34592344130321023,0.46096199876110583,0.6867496733314856,-0.2446633294460542,-0.5540544074709203,0.49146169387710054,-1.2822090460682984,0.6258695494741149,-1.128214695602789,-0.8090550398079427,-0.1511972584572906,-0.10193962257473484,0.18652958731065797,-0.4959172890861918,-0.29863974253397674,1.8164029640724113,-0.07980868844676617,1,1,1,1,1.0,-0.0,False,1,1.0
san_jose,san_jose_1849,1.6366186992858989,1.6757914677720755,-1.186550857568136e-15,-0.8602644439478506,-0.1593912276949541,0.8926900586127954,-1.010398840303815,-0.10220971135443631,-1.1839465908103441,0.768695682908188,-1.010398840303815,-0.9588153972012061,2.1471528296978852,-0.9132769137456671,-1.010398840303815,-0.10292269930791643,1.236831061540588,-0.8956323557126828,0.8615884916934639,-0.5683400978834525,-0.6113976519892427,-0.041062488966146594,-1.2814803640995878,-1.2301929239207643,-1.0862237601274256,-0.8090550398079427,-0.1511972584572906,-0.10193962257473484,0.18652958731065797,-0.4959172890861918,-0.29863974253397674,1.8164029640724113,-0.07980868844676617,0,0,0,0,1.0,-0.0,False,0,0.0
san_jose,san_jose_1852,1.011742369159587,1.0066297719749018,-1.186550857568136e-15,-0.8780659406635489,-0.5376825338896958,0.7671024602653909,-0.7593981873907905,-0.10220971135443631,1.086012077895736,0.40728898544453684,-0.7593981873907905,-0.9927899685823331,1.7579000614380147,-0.9548755206962362,-0.7593981873907905,-0.10292269930791643,0.9161434092142865,-0.7602483366770626,0.5058494685832254,-0.22414008822042214,-0.2669495459752399,-0.4200527087225345,0.6745104248085576,0.3704069483712935,0.5298451093389114,-0.8090550398079427,-0.1511972584572906,-0.10193962257473484,0.18652958731065797,-0.4959172890861918,-0.29863974253397674,-0.5505386303477205,-0.07980868844676617,1,1,1,1,1.0,-0.0,False,1,1.0
san_jose,san_jose_1853,-0.9055043080526394,-0.9043555738409986,-1.186550857568136e-15,-0.7694325944790403,0.08926898778718574,-0.40163947772757724,0.3771101149282186,-0.10220971135443631,1.1151609503145743,0.20271298049894096,0.3771101149282186,-0.8295211609000056,0.7439505885495769,-0.7934490914137118,0.3771101149282186,-0.10292269930791643,-0.5982954071713797,0.9596032266048289,0.5307363976652181,-0.01520216722141694,-0.4567138705356433,-0.2889855599627549,0.881020842441839,0.5573426102500005,-0.9279224483757111,-0.8090550398079427,-0.1511972584572906,-0.10193962257473484,0.18652958731065797,-0.4959172890861918,-0.29863974253397674,-0.5505386303477205,-0.07980868844676617,1,1,1,1,1.0,-0.0,False,1,1.0
san_jose,san_jose_1855,-0.9055043080526394,-0.9043555738409986,-1.186550857568136e-15,-1.0428234036578035,1.0469096129143343,0.9395039845828272,-1.0435315409620511,-0.10220971135443631,-1.3007529290740663,0.2782896510909268,-1.0435315409620511,-1.046930463292552,-1.0757017091036425,-1.0352465409698517,-1.0435315409620511,-0.10292269930791643,0.8534892745732627,-0.9463065261374907,0.36034381217131645,-0.08703553572398465,-0.15642385349670593,-1.5800611393283552,-1.2822090460682984,-1.3643483926674458,-1.1244853394764933,-0.8090550398079427,-0.1511972584572906,9.809728295461023,-5.361079785881615,-0.4959172890861918,3.3485161469630915,-0.5505386303477205,-0.07980868844676617,1,1,1,1,1.0,-0.0,False,1,1.0
san_jose,san_jose_1859,1.011742369159587,1.0066297719749018,-1.186550857568136e-15,1.5675039947011005,-0.169910142162244,-1.5742534145193179,1.2819725740386294,-0.10220971135443631,1.1052605862278224,-1.0526293761912102,1.2819725740386294,1.8383993968921375,-0.3543175276882929,1.7433745193374832,1.2819725740386294,-0.10292269930791643,-1.242979206133609,1.3486340969431259,-1.1809756409803196,1.1815154906150407,1.0366832972338715,1.1595054378273761,-1.2712270055191202,0.8099088522213717,-1.0865557175941285,-0.8090550398079427,6.613876535879535,-0.10193962257473484,-5.361079785881615,-0.4959172890861918,-0.29863974253397674,1.8164029640724113,-0.07980868844676617,1,1,1,1,1.0,-0.0,False,1,1.0
san_jose,san_jose_1860,-0.9055043080526394,-0.9043555738409986,-1.186550857568136e-15,0.5878709622555306,-0.0063150418326926635,-0.48556254279099464,0.6462617698747328,-0.10220971135443631,-1.3213400367527108,0.3173280371215245,0.6462617698747328,0.5933540980517983,0.9170554490590533,0.7808665362186595,0.6462617698747328,-0.10292269930791643,0.2607450957531427,0.9075909358227233,1.319031832752499,-1.2283914104940812,-1.1536654660101995,-0.9920140194840972,1.1225962944808752,1.325203128000474,-1.062836984616214,-0.8090550398079427,6.613876535879535,-0.10193962257473484,-5.361079785881615,-0.4959172890861918,-0.29863974253397674,-0.5505386303477205,-0.07980868844676617,1,1,1,1,1.0,-0.0,False,1,1.0
san_jose,san_jose_1861,1.011742369159587,1.0066297719749018,-1.186550857568136e-15,-0.6592578058342776,-0.6325208517025251,0.9395039845828272,-1.0435315409620511,-0.10220971135443631,0.9275985187725874,-0.25286521688560987,-1.0435315409620511,-0.767697547088707,-1.0757017091036425,-0.8135986917212001,-1.0435315409620511,-0.10292269930791643,0.424217086209364,-0.9463065261374907,-0.2732120290508081,0.4206453756033516,0.3827416528732844,-0.7820032440377834,1.1568370922853415,-0.09001306809559906,1.590770692188206,-0.8090550398079427,-0.1511972584572906,-0.10193962257473484,0.18652958731065797,-0.4959172890861918,-0.29863974253397674,-0.5505386303477205,-0.07980868844676617,1,0,0,0,0.6666666666666666,0.5793801642856949,False,0,0.0
san_jose,san_jose_1863,-0.9055043080526394,-0.9043555738409986,-1.186550857568136e-15,1.1192722048616865,-0.4322128631411937,-1.0230724072163082,0.8987687661600008,-0.10220971135443631,-1.3404836834866896,-0.2096020871384084,0.8987687661600008,1.031437572515914,0.0787878969647731,0.997977451840788,0.8987687661600008,-0.10292269930791643,-1.171411129094598,1.5073800653815834,0.40137456930543164,-0.1963123248618099,-0.5627297921604347,-0.14410835448510553,-1.2822082662164598,1.215896185714008,-1.1255661581639091,0.09674263097792053,6.613876535879535,-0.10193962257473484,-5.361079785881615,-0.4959172890861918,-0.29863974253397674,1.8164029640724113,-0.07980868844676617,1,1,1,1,1.0,-0.0,False,1,1.0
san_jose,san_jose_1864,-0.9055043080526394,-0.9043555738409986,-1.186550857568136e-15,1.73958130453535,-0.5618652111810618,-1.510223468758568,1.1543822690421026,-0.10220971135443631,-1.3185327206170951,-0.007428090708178287,1.1543822690421026,1.633656573749263,-0.09728119935766973,1.827077957304341,1.1543822690421026,-0.10292269930791643,-0.4873222595108195,1.2714727487882522,-0.07295058434610212,0.18355273184856274,-0.04313851809425338,-1.311968484531707,1.252927439510098,1.3636815546824281,-0.46725706942397455,-0.8090550398079427,-0.1511972584572906,-0.10193962257473484,0.18652958731065797,-0.4959172890861918,-0.29863974253397674,-0.5505386303477205,-0.07980868844676617,1,1,1,1,1.0,-0.0,False,1,1.0
san_jose,san_jose_1873,1.011742369159587,1.0066297719749018,-1.186550857568136e-15,-0.9783878036162141,1.080858701220647,0.8517054848368644,0.4603697385653103,-0.10220971135443631,0.8553282325547109,-0.4617947994423588,0.4603697385653103,-0.87638775223976,1.5344170559179673,-0.94564526817777,0.4603697385653103,-0.10292269930791643,0.10321099609040514,-0.8708855187665153,-0.6328784189014269,0.5385402850634748,0.6760992554029142,0.4813208536717252,0.4089845019687415,1.5350123237080822,-0.7566918620909164,-0.8090550398079427,6.613876535879535,-0.10193962257473484,-5.361079785881615,-0.4959172890861918,-0.29863974253397674,-0.5505386303477205,-0.07980868844676617,1,1,1,1,1.0,-0.0,False,1,1.0
san_jose,san_jose_1871,2.0962865639954704,2.1539736796126983,-1.186550857568136e-15,-0.6107472961438972,-1.2100002289056921,0.9395039845828272,-1.0435315409620511,-0.10220971135443631,-1.3735025877603009,-0.005266976684536515,-1.0435315409620511,-0.8374956561830456,-1.0757017091036425,-0.8678110754195225,-1.0435315409620511,-0.10292269930791643,0.6454036099670877,-0.9463065261374849,0.011738157644961162,0.19230862017114372,0.13993404624774805,-1.580640612241589,-1.2822090460682984,-1.365902922661691,-1.1282152351598684,-0.8090550398079427,-0.1511972584572906,-0.10193962257473484,0.18652958731065797,-0.4959172890861918,3.3485161469630915,-0.5505386303477205,-0.07980868844676617,0,0,0,0,1.0,-0.0,False,0,0.0
san_jose,san_jose_1879,1.011742369159587,1.0066297719749018,-1.186550857568136e-15,1.7052710612956021,-1.017766637737026,0.15576777229039585,0.28300891134090134,-0.10220971135443631,-1.356440055894242,-0.4589444533016608,0.28300891134090134,1.55354764352772,0.7186336776617038,1.5907296311694272,0.28300891134090134,-0.10292269930791643,-0.5362966729067293,0.3768860435608475,-0.4731436805059699,0.6266429147173738,0.5190825458261128,0.5593101331175651,-1.2822090460682984,1.7506462638134577,-1.1282147966963199,-0.8090550398079427,-0.1511972584572906,-0.10193962257473484,0.18652958731065797,-0.4959172890861918,-0.29863974253397674,1.8164029640724113,-0.07980868844676617,1,1,1,1,1.0,-0.0,False,1,1.0
san_jose,san_jose_1883,-0.9055043080526394,-0.9043555738409986,-1.186550857568136e-15,0.15878181800830563,0.30564277859538286,-1.1815504067276956,0.7575186420061918,-0.10220971135443631,-1.32322944706617,0.7548437592126032,0.7575186420061918,-0.0033117482116166354,0.3243142930080913,0.529465649243663,0.7575186420061918,-0.10292269930791643,-0.15605890485134852,1.380598542847511,0.9670169962631674,-0.5503465108236336,-0.9159869403394457,0.9248426615607138,-1.2744875604333017,0.9524516898752897,-1.0944586212616583,-0.8090550398079427,-0.1511972584572906,9.809728295461023,-5.361079785881615,-0.4959172890861918,-0.29863974253397674,1.8164029640724113,-0.07980868844676617,1,1,2,1,0.6666666666666666,0.5793801642856949,False,1,1.0
san_jose,san_jose_1885,-0.9055043080526394,-0.9043555738409986,-1.186550857568136e-15,-0.09555934436557713,-1.019295108798288,0.5956714588076599,0.48259320234600295,-0.10220971135443631,-1.2042335529967967,0.04422059575123636,0.48259320234600295,-0.44585415073019735,1.4374249737706983,-0.33762089015076846,0.48259320234600295,-0.10292269930791643,0.3892307043706115,-0.49264388558361855,-0.052693951855400954,0.02239261821076455,0.18134888916628442,-1.580640612241589,-1.2822090460682984,-1.365902922661691,-1.1282152351598684,-0.8090550398079427,6.613876535879535,-0.10193962257473484,-5.361079785881615,-0.4959172890861918,3.3485161469630915,-0.5505386303477205,-0.07980868844676617,1,0,0,0,0.6666666666666666,0.5793801642856949,False,0,0.0
san_jose,san_jose_1892,1.011742369159587,1.0066297719749018,-1.186550857568136e-15,1.245128848248126,-0.8528106300101918,-0.28611123052594006,0.7604563248947626,-0.10220971135443631,-1.3276723642323545,-0.030063028440528206,0.7604563248947626,1.0348394642725973,0.21639659154254684,0.9325878436889715,0.7604563248947626,-0.10292269930791643,-1.5023955586844155,1.319255087877147,0.2962313111079442,-0.17369293942520464,-0.20762695791939895,-0.6733744116988584,-1.2822090460682984,-0.37563199396454794,-1.1282142860394049,-0.8090550398079427,-0.1511972584572906,9.809728295461023,-5.361079785881615,-0.4959172890861918,-0.29863974253397674,1.8164029640724113,-0.07980868844676617,1,1,1,1,1.0,-0.0,False,1,1.0
san_jose,san_jose_1896,-0.9055043080526394,-0.9043555738409986,-1.186550857568136e-15,0.6112671144506551,-0.4798669644724201,-1.2492814794246005,1.1688775743753035,-0.10220971135443631,-1.4383247626121598,-0.7871087295592818,1.1688775743753035,0.7547173811431609,1.1863687519723778,0.26384010635212024,1.1688775743753035,-0.10292269930791643,-0.9025011741436905,1.25313470740813,-1.1247331433187646,0.723916626860818,1.0471733624228152,1.5300545488641069,-0.16057857234067557,0.39936059984283323,0.5029863171722104,-0.8090550398079427,6.613876535879535,-0.10193962257473484,-5.361079785881615,2.0164652896911486,-0.29863974253397674,-0.5505386303477205,-0.07980868844676617,1,1,1,1,1.0,-0.0,False,1,1.0
san_jose,san_jose_1897,1.011742369159587,1.0066297719749018,-1.186550857568136e-15,-0.2604278414876375,-0.4184758860632659,0.33464730132677795,0.05714828202910407,-0.10220971135443631,-1.2946378638843015,-0.8352213135566281,0.05714828202910407,-0.19019133208108313,1.8239323407071244,-0.32488642203968493,0.05714828202910407,-0.10292269930791643,-0.40042125171985726,-0.3960683332341065,-0.9321310866721046,0.9867386530574362,0.95904235032887,-1.580640612241589,-1.2822090460682984,-1.365902922661691,-1.1282152351598684,-0.8090550398079427,-0.1511972584572906,9.809728295461023,-5.361079785881615,-0.4959172890861918,3.3485161469630915,-0.5505386303477205,-0.07980868844676617,1,1,1,1,1.0,-0.0,False,1,1.0
san_jose,san_jose_1898,-0.9055043080526394,-0.9043555738409986,-1.186550857568136e-15,0.6832258694401155,0.29389256310913114,-0.8228399524776797,0.22244547577914295,-0.10220971135443631,1.206039299031793,0.1532441733660362,0.22244547577914295,0.7375316254316036,0.08090005161710881,1.0069135200024841,0.22244547577914295,-0.10292269930791643,0.011190086660136718,0.7025449031050958,0.29830551373180036,-0.30505920627582717,-0.2653390545747833,-0.6792795526864904,1.0597354394030074,0.19047004731429823,1.5590085706522698,-0.8090550398079427,-0.1511972584572906,-0.10193962257473484,0.18652958731065797,-0.4959172890861918,-0.29863974253397674,-0.5505386303477205,-0.07980868844676617,1,1,1,1,1.0,-0.0,False,1,1.0
san_jose,san_jose_1907,-0.9055043080526394,-0.9043555738409986,-1.186550857568136e-15,-0.3052560530225352,-0.10371269955813431,-0.2513425692564057,1.036836007554498,-0.10220971135443631,-1.2278061222294576,0.1354354851681104,1.036836007554498,-0.40696749660971426,0.4139122467427388,-0.39774770930066616,1.036836007554498,-0.10292269930791643,0.16227639833203694,0.5228637545442578,0.24627905980770778,0.02782611698031673,0.0007349807144009413,-1.4379091414655452,-1.2822090460682984,-0.893054465852045,-1.1282036620344564,-0.8090550398079427,-0.1511972584572906,-0.10193962257473484,0.18652958731065797,-0.4959172890861918,3.3485161469630915,-0.5505386303477205,-0.07980868844676617,2,2,2,2,1.0,-0.0,False,2,2.0
san_jose,san_jose_1910,1.011742369159587,1.0066297719749018,-1.186550857568136e-15,0.14765920573940297,-0.4812599021924464,0.18013009955052692,-0.2882593162034516,-0.10220971135443631,0.8937663063648412,1.590611760159978,-0.2882593162034516,-0.3441167398488723,1.2322610155255116,0.11687873325730411,-0.2882593162034516,-0.10292269930791643,1.2195731561388141,-0.29061394629815673,1.5103180077211082,-1.324087149546745,-1.5382284733303142,-1.321219643535752,1.2337918076404573,0.49196579122421635,-0.568741479225706,-0.8090550398079427,-0.1511972584572906,-0.10193962257473484,0.18652958731065797,-0.4959172890861918,-0.29863974253397674,-0.5505386303477205,-0.07980868844676617,1,1,1,1,1.0,-0.0,False,1,1.0
san_jose,san_jose_1916,1.011742369159587,1.0066297719749018,-1.186550857568136e-15,-0.10280279959154338,-3.0279837881142844,0.7930941213467223,-0.8164821539823577,-0.10220971135443631,-1.2004993092564904,0.7226231824388015,-0.8164821539823577,-0.978135531883193,2.013705728887447,-0.9322351684258628,-0.8164821539823577,-0.10292269930791643,1.0926666091748745,-0.7480232522455793,0.8017848399851852,-0.5038180300855948,-0.550526414034268,-1.580640612241589,-1.2822090460682984,-1.365902922661691,-1.1282152351598684,-0.8090550398079427,-0.1511972584572906,-0.10193962257473484,0.18652958731065797,-0.4959172890861918,3.3485161469630915,-0.5505386303477205,-0.07980868844676617,0,0,0,0,1.0,-0.0,False,0,0.0
san_jose,san_jose_1922,1.6366186992858989,1.6757914677720755,-1.186550857568136e-15,1.660515684714859,-0.42203281132883463,-1.7287277958441964,1.6429919923072263,-0.10220971135443631,0.8541116488692848,0.8816063576223412,1.6429919923072263,1.6480298000313351,-0.09735777314158356,1.7617113757172462,1.6429919923072263,-0.10292269930791643,-1.406425984784789,1.6196223249120165,0.4935996580299313,-1.3805969414677108,-1.8129429257482237,-1.3022296157942341,1.2574585877215085,-0.4254327243472288,0.07518282233516767,0.09674263097792053,-0.1511972584572906,-0.10193962257473484,0.18652958731065797,-0.4959172890861918,-0.29863974253397674,-0.5505386303477205,-0.07980868844676617,1,1,1,1,1.0,-0.0,False,1,1.0
san_jose,san_jose_1924,-0.9055043080526394,-0.9043555738409986,-1.186550857568136e-15,0.7892172472815973,-1.512382310518592,-0.6122757942931156,1.0259843892302996,-0.10220971135443631,-1.3500501199047412,-0.7811101843818002,1.0259843892302996,0.4122859889075679,1.132266637878604,0.19181045999950047,1.0259843892302996,-0.10292269930791643,-1.1250380415427508,1.2216715466822536,-1.0038283325194244,0.7017914875802057,0.9288759400216278,-1.580640612241589,-1.2822090460682984,-1.365902922661691,-1.1282152351598684,0.09674263097792053,-0.1511972584572906,-0.10193962257473484,0.18652958731065797,-0.4959172890861918,3.3485161469630915,-0.5505386303477205,-0.07980868844676617,2,1,1,1,0.6666666666666666,0.5793801642856949,False,1,0.0
san_jose,san_jose_1926,1.6366186992858989,1.6757914677720755,-1.186550857568136e-15,1.943680093765306,-1.0885856933858984,-1.7666405054256282,1.7324317292419062,-0.10220971135443631,0.05189151555583697,-0.09594522968426224,1.7324317292419062,1.8633519458217014,-0.523332216713812,1.897123862832389,1.7324317292419062,-0.10292269930791643,-1.6688022212755056,1.796522083489901,0.07307205097380592,-0.727319980017461,-0.6880547406992548,-1.191989515657023,0.8982007378672314,0.1237257877923849,1.2880090274637992,-0.8090550398079427,-0.1511972584572906,9.809728295461023,-5.361079785881615,-0.4959172890861918,-0.29863974253397674,-0.5505386303477205,-0.07980868844676617,1,0,1,1,0.6666666666666666,0.5793801642856949,False,1,1.0
san_jose,san_jose_1927,-0.9055043080526394,-0.9043555738409986,-1.186550857568136e-15,1.3123315849731207,-0.41648937089439286,-0.9230823928101541,0.6340279088122122,-0.10220971135443631,0.8591062317531475,-0.034389848281708664,0.6340279088122122,1.1743512753676808,0.3033146908709564,1.3844203450049049,0.6340279088122122,-0.10292269930791643,-0.11131802419939256,0.7607462051796184,0.07493875097205924,0.15474413270395376,-0.030239753175075216,-1.2357228982594481,1.2583088813386483,-1.1685469153858388,0.27816074819647985,-0.8090550398079427,-0.1511972584572906,-0.10193962257473484,0.18652958731065797,-0.4959172890861918,-0.29863974253397674,-0.5505386303477205,-0.07980868844676617,1,1,1,1,1.0,-0.0,False,1,1.0
san_jose,san_jose_1934,-0.9055043080526394,-0.9043555738409986,-1.186550857568136e-15,-0.7907039260305152,-0.3477582340842882,0.9395039845828272,-1.0435315409620511,-0.10220971135443631,0.8088940841290712,0.18226657854243955,-1.0435315409620511,-0.873288594542938,-1.0757017091036425,-0.8864116387765073,-1.0435315409620511,-0.10292269930791643,0.770803531177241,-0.9463065261374854,0.19150609744269995,-0.05492903185563791,-0.010254579186625019,0.8127776008010335,-1.2822090460682984,0.7117391408744603,-1.1282148225113198,-0.8090550398079427,-0.1511972584572906,-0.10193962257473484,0.18652958731065797,-0.4959172890861918,-0.29863974253397674,1.8164029640724113,-0.07980868844676617,2,2,1,2,0.6666666666666666,0.5793801642856949,False,2,1.0
san_jose,san_jose_1935,-0.9055043080526394,-0.9043555738409986,-1.186550857568136e-15,0.9099774068981281,-0.06725181654962706,-1.5368685959441342,1.7014752753580589,-0.10220971135443631,0.3751574239410003,0.318900430414504,1.7014752753580589,0.8712877224407151,-0.09227525645175019,0.9601693225954423,1.7014752753580589,-0.10292269930791643,-0.5324188897839628,1.5276361262144464,0.3405677436644579,-0.9383107031372784,-0.3268549304457224,-1.580640612241589,-1.2822090460682984,-1.365902922661691,-1.1282152351598684,-0.8090550398079427,-0.1511972584572906,-0.10193962257473484,0.18652958731065797,-0.4959172890861918,3.3485161469630915,-0.5505386303477205,-0.07980868844676617,2,1,1,1,0.6666666666666666,0.5793801642856949,False,1,1.0
san_jose,san_jose_1953,1.6366186992858989,1.6757914677720755,-1.186550857568136e-15,-1.117772723827511,-1.891690766420232,0.9395039845828272,-1.0435315409620511,-0.10220971135443631,-1.3312938939948529,0.7835630334942164,-1.0435315409620511,-1.1716727649586633,-1.0757017091036425,-1.150440751963894,-1.0435315409620511,-0.10292269930791643,1.200780289728739,-0.9463065261374907,0.8786775146850404,-0.5505569711793376,-0.6302369949852258,-1.580640612241589,-1.2822090460682984,-1.365902922661691,-1.1282152351598684,-0.8090550398079427,-0.1511972584572906,-0.10193962257473484,0.18652958731065797,-0.4959172890861918,3.3485161469630915,-0.5505386303477205,-0.07980868844676617,0,0,0,0,1.0,-0.0,False,0,0.0
san_jose,san_jose_1966,1.011742369159587,1.0066297719749018,-1.186550857568136e-15,-1.0836580269482126,0.09480611347024957,0.931913448454569,-1.0435315409620511,-0.10220971135443631,-1.3858441534387926,-0.08332000166173957,-1.0435315409620511,-1.133322815402013,-1.0757017091036425,-1.1184292201624226,-1.0435315409620511,-0.10292269930791643,0.46337763161937023,-0.9397890276001141,-0.14982246403116034,0.2210919412579658,0.2709676440054978,0.03620452314530812,0.7415539720619658,1.0383168142914831,1.265579497606061,-0.8090550398079427,6.613876535879535,-0.10193962257473484,-5.361079785881615,-0.4959172890861918,-0.29863974253397674,-0.5505386303477205,-0.07980868844676617,1,1,1,1,1.0,-0.0,False,1,1.0
san_jose,san_jose_1970,2.3897194983121173,2.4228715092492554,-1.186550857568136e-15,1.3988995991299256,-2.3023816634414995,-0.14760128588077656,0.3423252806494326,-0.10220971135443631,-1.0798043048613144,-0.6046664263199837,0.3423252806494326,0.5222701176089597,1.1748671572459397,0.07885799001308245,0.3423252806494326,-0.10292269930791643,-0.37980544013139705,0.7843043554750789,-0.46592874454445504,0.4575252486416201,0.5510393448071996,-1.580640612241589,-1.2822090460682984,-1.365902922661691,-1.1282152351598684,-0.8090550398079427,6.613876535879535,-0.10193962257473484,-5.361079785881615,-0.4959172890861918,3.3485161469630915,-0.5505386303477205,-0.07980868844676617,0,0,0,0,1.0,-0.0,False,0,0.0
san_jose,san_jose_1973,1.6366186992858989,1.6757914677720755,-1.186550857568136e-15,-0.2117711196871339,0.6066524647288347,-1.0875960084323735,0.785058170745195,-0.10220971135443631,-1.5460694369095922,0.1051101082135657,0.785058170745195,0.12232628606179509,0.9895768280999976,0.007706459264490682,0.785058170745195,-0.10292269930791643,0.27907950222912414,0.8436448830836198,0.32275623200872194,-0.5126347792282115,-0.2714808285438864,1.0662855379435199,-1.280694009733686,-0.2900801709866526,-1.122071910426685,-0.8090550398079427,6.613876535879535,-0.10193962257473484,-5.361079785881615,-0.4959172890861918,-0.29863974253397674,1.8164029640724113,-0.07980868844676617,1,0,1,1,0.6666666666666666,0.5793801642856949,False,1,1.0
san_jose,san_jose_1981,1.011742369159587,1.0066297719749018,-1.186550857568136e-15,0.9418358469975084,0.43861368316396165,-1.13202098430476,0.6094602308301174,-0.10220971135443631,-1.4184983197393595,0.4005007948166414,0.6094602308301174,1.0053648397593828,0.12386372318167937,1.379268605219243,0.6094602308301174,-0.10292269930791643,0.15136120248466525,0.8854134767596653,0.6567248025019852,-0.22345139979194112,-0.5991343908751742,0.6068378242344337,-1.2822090460682984,0.7912871354410489,-1.1282145890501936,-0.8090550398079427,-0.1511972584572906,-0.10193962257473484,0.18652958731065797,-0.4959172890861918,-0.29863974253397674,1.8164029640724113,-0.07980868844676617,1,1,1,1,1.0,-0.0,False,1,1.0
san_jose,san_jose_1982,1.011742369159587,1.0066297719749018,-1.186550857568136e-15,-0.6157376467985645,-1.483281906914565,0.3584845487015203,-0.7011705261211282,-0.10220971135443631,-1.550796945519478,-0.9414495037963954,-0.7011705261211282,-0.7658037174347891,1.7627029034788284,-0.941538433438055,-0.7011705261211282,-0.10292269930791643,-0.432712765351855,-0.36589374720271234,-1.0506582936946105,1.0691567554209773,1.0474757473095546,0.6435311170173894,0.59449249024386,1.3809102407703837,0.7348114514792525,-0.8090550398079427,-0.1511972584572906,-0.10193962257473484,0.18652958731065797,-0.4959172890861918,-0.29863974253397674,-0.5505386303477205,-0.07980868844676617,1,1,1,1,1.0,-0.0,False,1,1.0
san_jose,san_jose_1983,-0.9055043080526394,-0.9043555738409986,-1.186550857568136e-15,-0.772520270032899,-3.0246314611715914,0.9395039845828272,-1.0435315409620511,-0.10220971135443631,-1.124103246042462,-1.1661427120857382,-1.0435315409620511,-1.0652386778357008,-1.0757017091036425,-1.0793722211234476,-1.0435315409620511,-0.10292269930791643,-0.6703038546575051,-0.9463065261374907,-1.2622917612059146,1.2960903765856235,1.2648468030518,-1.580640612241589,-1.2822090460682984,-1.365902922661691,-1.1282152351598684,-0.8090550398079427,-0.1511972584572906,-0.10193962257473484,0.18652958731065797,-0.4959172890861918,3.3485161469630915,-0.5505386303477205,-0.07980868844676617,2,0,0,0,0.6666666666666666,0.5793801642856949,False,0,1.0
san_jose,san_jose_1990,1.011742369159587,1.0066297719749018,-1.186550857568136e-15,0.128179296072602,0.1094465552279597,-0.8014302637513127,0.9509129131670001,-0.10220971135443631,-1.3147088533843003,-0.24634137189330374,0.9509129131670001,0.26839669791915854,0.795331136476786,0.118095049014523,0.9509129131670001,-0.10292269930791643,-0.22139932341087348,0.783267146152851,-0.30283801962832424,-0.1305315722788108,0.25702616536870515,-0.13914542733101865,-0.7704555095096254,1.3259273567323415,0.22742797104252863,-0.8090550398079427,6.613876535879535,-0.10193962257473484,-5.361079785881615,2.0164652896911486,-0.29863974253397674,-0.5505386303477205,-0.07980868844676617,1,1,1,1,1.0,-0.0,False,1,1.0
san_jose,san_jose_1995,1.011742369159587,1.0066297719749018,-1.186550857568136e-15,1.6789720480124655,-1.5753727416334715,-1.9798034006531724,1.75033693372089,-0.10220971135443631,1.08453041598589,-1.2962825135347278,1.75033693372089,1.7313436255961436,-0.12662816054654447,1.1892518594323576,1.75033693372089,-0.10292269930791643,-1.729496268055479,1.931506737063768,-1.0209889420213376,-0.07071263774296736,0.3521807414816847,-0.9881127801771825,-0.7816793192834806,-0.8976395805372551,0.33328423969569937,-0.8090550398079427,-0.1511972584572906,-0.10193962257473484,0.18652958731065797,2.0164652896911486,-0.29863974253397674,-0.5505386303477205,-0.07980868844676617,1,0,0,0,0.6666666666666666,0.5793801642856949,False,0,0.0
san_jose,san_jose_1999,1.011742369159587,1.0066297719749018,-1.186550857568136e-15,1.5974239468367977,-1.5523752209290818,-0.40022171332009354,0.9433063132257281,-0.10220971135443631,-1.3450242566146755,-1.0628418078594393,0.9433063132257281,1.4176420316675122,1.5702829457277663,1.1758592525017248,0.9433063132257281,-0.10292269930791643,-0.9027948657883794,0.31975868264174784,-1.2206601174713994,1.1405635773957368,1.2129147016997521,-0.2873092685826033,0.9879623867477771,1.625812143511327,-0.4704205599366637,-0.8090550398079427,6.613876535879535,-0.10193962257473484,-5.361079785881615,-0.4959172890861918,-0.29863974253397674,-0.5505386303477205,-0.07980868844676617,1,1,1,1,1.0,-0.0,False,1,1.0
san_jose,san_jose_2001,-0.9055043080526394,-0.9043555738409986,-1.186550857568136e-15,-1.1031799604794743,0.1883008230216733,0.8949766877587365,-0.6606476093725048,-0.10220971135443631,-1.3626244914956887,-0.16557057962397956,-0.6606476093725048,-1.1524845123788783,1.7558505591493814,-1.1359163464971946,-0.6606476093725048,-0.10292269930791643,0.392292371385584,-0.8966814690259263,-0.22552871427175042,0.3125612521892181,0.3343232934875014,0.4152883041744432,-0.9509292671448464,0.19366217154171614,-1.1127651602884796,-0.8090550398079427,-0.1511972584572906,-0.10193962257473484,0.18652958731065797,-0.4959172890861918,-0.29863974253397674,1.8164029640724113,-0.07980868844676617,2,1,1,1,0.6666666666666666,0.5793801642856949,False,2,1.0
san_jose,san_jose_2005,1.011742369159587,1.0066297719749018,-1.186550857568136e-15,-0.04963364310321261,0.5151600160655239,0.05166139272776168,0.26660490309357776,-0.10220971135443631,-1.4061926049605948,-0.1474183014350141,0.26660490309357776,0.15954515929390806,0.8821367164296595,0.31474026472263616,0.26660490309357776,-0.10292269930791643,0.2768250843729225,-0.17866408808799608,-0.12889372432890334,0.24988732240100422,0.2837571470492631,-1.5788023903451986,-1.2822090460682984,-1.354940914043581,-1.1269210375023118,-0.8090550398079427,-0.1511972584572906,-0.10193962257473484,0.18652958731065797,-0.4959172890861918,3.3485161469630915,-0.5505386303477205,-0.07980868844676617,1,1,1,1,1.0,-0.0,False,1,1.0
san_jose,san_jose_2012,1.011742369159587,1.0066297719749018,-1.186550857568136e-15,-1.0976281790947067,0.9079548639079695,0.9395039845828272,-1.0435315409620511,-0.10220971135443631,-1.2949283802291738,0.4416830349120451,-1.0435315409620511,-1.142669604017425,-1.0757017091036425,-1.1224671421399848,-1.0435315409620511,-0.10292269930791643,0.966397286270256,-0.9463065261374907,0.5119512752383569,-0.23916119900358465,-0.2868300977007159,1.083764279962619,-1.282198268239454,-1.3186642449843398,-1.1152839920895112,0.09674263097792053,-0.1511972584572906,9.809728295461023,-5.361079785881615,-0.4959172890861918,-0.29863974253397674,1.8164029640724113,-0.07980868844676617,1,1,1,1,1.0,-0.0,False,1,1.0
san_jose,san_jose_2018,1.011742369159587,1.0066297719749018,-1.186550857568136e-15,-1.022681937270206,0.09896084684554904,0.9395039845828272,-1.0435315409620511,-0.10220971135443631,-1.3542349954335755,-0.4353442975391051,-1.0435315409620511,-1.047927505723163,-1.0757017091036425,-1.0680400624131572,-1.0435315409620511,-0.10292269930791643,0.13664197959606267,-0.9463065261374907,-0.521842889291606,0.5799301355881887,0.5851162010222847,0.9646437614418847,-1.2822090460682984,1.0744541089762327,-1.1282147163628125,-0.8090550398079427,-0.1511972584572906,-0.10193962257473484,0.18652958731065797,-0.4959172890861918,-0.29863974253397674,1.8164029640724113,-0.07980868844676617,1,1,1,1,1.0,-0.0,False,1,1.0
san_jose,san_jose_2035,1.011742369159587,1.0066297719749018,-1.186550857568136e-15,1.9754284314297275,-1.3928620220489978,-1.5208528691699,1.0252155708635426,-0.10220971135443631,-1.3843252254862903,-1.4648492393230752,1.0252155708635426,2.006550328832098,-0.4865169952057673,1.9039807668234574,1.0252155708635426,-0.10292269930791643,-1.5298254605922759,1.2840868081510008,-1.4460393370919817,1.5662048203956427,1.3522864689277934,1.381842101629492,-1.2821948847070401,0.9704029360241748,-1.1134027696462518,-0.8090550398079427,-0.1511972584572906,-0.10193962257473484,0.18652958731065797,-0.4959172890861918,-0.29863974253397674,1.8164029640724113,-0.07980868844676617,1,1,1,1,1.0,-0.0,False,1,1.0
san_jose,san_jose_2036,1.011742369159587,1.0066297719749018,-1.186550857568136e-15,0.14051120563690858,0.6287828282394254,-0.30669402110637656,0.15109499979886185,-0.10220971135443631,-1.3588103240678016,0.19629753873989608,0.15109499979886185,0.323572627518425,0.6720846311500832,0.5675987804243612,0.15109499979886185,-0.10292269930791643,0.34229058310793653,0.13606507595337183,0.36096877213388057,0.00010006535995267021,-0.20416215170554222,1.2201967801629219,-1.265299516127404,-0.13762618442268026,-1.1281118378571604,-0.8090550398079427,-0.1511972584572906,-0.10193962257473484,0.18652958731065797,-0.4959172890861918,-0.29863974253397674,1.8164029640724113,-0.07980868844676617,1,1,1,1,1.0,-0.0,False,1,1.0
san_jose,san_jose_2037,1.011742369159587,1.0066297719749018,-1.186550857568136e-15,-1.0896772205800573,0.8839839733403355,0.9395039845828272,-1.0435315409620511,-0.10220971135443631,-1.3664290454476122,0.45991006707810705,-1.0435315409620511,-1.1322505775873941,-1.0757017091036425,-1.1120054140247724,-1.0435315409620511,-0.10292269930791643,0.977880168480727,-0.9463065261374907,0.5331737615169114,-0.2663884757961371,-0.30688972230034306,-0.29855253948418836,-1.2822090460682871,1.2707991741233484,-1.1282137457080543,-0.8090550398079427,-0.1511972584572906,-0.10193962257473484,0.18652958731065797,-0.4959172890861918,-0.29863974253397674,1.8164029640724113,-0.07980868844676617,1,1,1,1,1.0,-0.0,False,1,1.0
san_jose,san_jose_1904,-0.9055043080526394,-0.9043555738409986,-1.186550857568136e-15,0.005769900388478443,0.016311883862461896,0.06377125385383996,0.21617344447032397,-0.10220971135443631,-1.1551264107144728,-0.2588323931410292,0.21617344447032397,0.061660902638963414,0.8323253305361548,0.09782593296163598,0.21617344447032397,-0.10292269930791643,0.14867025504276202,-0.18781466447888817,-0.18185300304806745,0.4363115089919916,0.3180045603050725,-1.580640612241589,-1.2822090460682984,-1.365902922661691,-1.1282152351598684,-0.8090550398079427,-0.1511972584572906,-0.10193962257473484,0.18652958731065797,-0.4959172890861918,3.3485161469630915,-0.5505386303477205,-0.07980868844676617,2,2,2,2,1.0,-0.0,False,2,2.0
san_jose,san_jose_2049,-0.9055043080526394,-0.9043555738409986,-1.186550857568136e-15,0.4691660585898367,-0.4704722342586705,0.40278589207485593,0.4372938384684469,-0.10220971135443631,1.0750193215633297,0.26629028473578265,0.4372938384684469,0.18125483741791845,0.992721545422596,0.45596099696726755,0.4372938384684469,-0.10292269930791643,0.4844240074232873,-0.08480090878746126,0.4185508699744733,-0.07575510436141057,-0.1820672396969743,-0.49045271554910896,-1.2516630087787246,0.007327179609442854,-1.0074463297663308,-0.8090550398079427,-0.1511972584572906,-0.10193962257473484,0.18652958731065797,-0.4959172890861918,-0.29863974253397674,1.8164029640724113,-0.07980868844676617,1,1,1,1,1.0,-0.0,False,1,1.0
san_jose,san_jose_2050,-0.9055043080526394,-0.9043555738409986,-1.186550857568136e-15,1.882820115951025,-1.4440886361052279,-1.4072011008065919,1.4419578594773617,-0.10220971135443631,-1.1426569125473203,-1.2624033099970366,1.4419578594773617,1.906537135990085,-0.3532706080050301,1.7199768704653509,1.4419578594773617,-0.10292269930791643,-1.4488235836222623,1.165521487569111,-1.498026703102147,1.3840902649860338,1.4206163004000314,0.8791374420620807,-1.2822090460682984,1.3239716726454445,-1.1282148500529148,-0.8090550398079427,-0.1511972584572906,-0.10193962257473484,0.18652958731065797,-0.4959172890861918,-0.29863974253397674,1.8164029640724113,-0.07980868844676617,2,2,1,2,0.6666666666666666,0.5793801642856949,False,2,1.0
san_jose,san_jose_2053,-0.9055043080526394,-0.9043555738409986,-1.186550857568136e-15,1.2504700506342488,-0.40190631145841144,-0.7738440411239609,0.9306038991127003,-0.10220971135443631,1.0814096056139375,-0.24501217652759952,0.9306038991127003,1.2210888968222688,0.2697010085291414,1.1439849028905325,0.9306038991127003,-0.10292269930791643,-0.8758160477944121,1.016719599041096,-0.40812221909424906,0.4190357172390417,0.37378246449168945,1.059658203505028,-0.6674103297258795,0.010811113142181968,0.4675484308972169,-0.8090550398079427,-0.1511972584572906,-0.10193962257473484,0.18652958731065797,2.0164652896911486,-0.29863974253397674,-0.5505386303477205,-0.07980868844676617,1,1,1,1,1.0,-0.0,False,1,1.0
san_jose,san_jose_2055,-0.9055043080526394,-0.9043555738409986,-1.186550857568136e-15,-1.0158290089682553,-0.14124456410711297,0.8878472932855728,-0.7708494911097936,-0.10220971135443631,-1.1383370621558857,-1.0327407108114606,-0.7708494911097936,-1.0217988937835614,2.0564053017780286,-1.078194634738736,-0.7708494911097936,-0.10292269930791643,-0.4756916341215516,-0.9019414125186305,-1.1023482187960587,1.1664204336407598,1.1080020377143809,1.6829803950703384,-1.2822050139365837,-0.7787640713577522,-1.121168561361544,-0.8090550398079427,-0.1511972584572906,-0.10193962257473484,0.18652958731065797,-0.4959172890861918,-0.29863974253397674,1.8164029640724113,-0.07980868844676617,2,2,1,2,0.6666666666666666,0.5793801642856949,False,2,1.0
san_jose,san_jose_2063,1.011742369159587,1.0066297719749018,-1.186550857568136e-15,-1.0577912548587112,0.7600377186787937,0.9395039845828272,-1.0435315409620511,-0.10220971135443631,-1.3404889511305376,-0.4293212087045872,-1.0435315409620511,-1.0499714554041601,-1.0757017091036425,-1.0639374257642804,-1.0435315409620511,-0.10292269930791643,0.21414361217550876,-0.9463065261374856,-0.4502674993821508,0.6016060682633243,0.5289944773048844,1.4159176961693116,-1.2687401820318398,-0.9495399065855996,-1.086535775714669,0.09674263097792053,-0.1511972584572906,-0.10193962257473484,0.18652958731065797,-0.4959172890861918,-0.29863974253397674,1.8164029640724113,-0.07980868844676617,1,1,1,1,1.0,-0.0,False,1,1.0
san_jose,san_jose_2064,-0.9055043080526394,-0.9043555738409986,-1.186550857568136e-15,-0.9719417028572215,-1.2292194971681187,0.7748293653500218,-0.944623217417566,-0.10220971135443631,1.0886729874170198,-1.3915522119313466,-0.944623217417566,-1.0178880983849534,1.9821022248815185,-1.0458934789779872,-0.944623217417566,-0.10292269930791643,-0.9394875600710134,-0.8047816861102993,-1.4603606647522134,1.5049201541053896,1.4716663127571141,1.813607838783825,-0.457865460667236,0.09528657088238537,0.37176414784239303,-0.8090550398079427,6.613876535879535,-0.10193962257473484,-5.361079785881615,2.0164652896911486,-0.29863974253397674,-0.5505386303477205,-0.07980868844676617,1,1,1,1,1.0,-0.0,False,1,
san_jose,san_jose_2065,1.011742369159587,1.0066297719749018,-1.186550857568136e-15,1.202670054672459,0.6640595562588278,-1.410018111913031,0.7948611225288669,-0.10220971135443631,-1.438209759058108,0.34787640314686186,0.7948611225288669,1.383127009687808,-0.22473822508517372,1.6819873369805531,0.7948611225288669,-0.10292269930791643,-0.18813164804642285,1.1534488732689974,0.6148210323471857,-0.16011359214667226,-0.6348200866363581,0.5072524333925689,0.19118276074568538,1.8646932649025023,-1.049853524553958,0.09674263097792053,-0.1511972584572906,-0.10193962257473484,0.18652958731065797,-0.4959172890861918,-0.29863974253397674,-0.5505386303477205,-0.07980868844676617,1,1,1,1,1.0,-0.0,False,1,1.0
san_jose,san_jose_2066,-0.9055043080526394,-0.9043555738409986,-1.186550857568136e-15,-0.040824273285080544,-1.789332999394367,-1.1104546582855885,0.542589389526483,-0.10220971135443631,-1.1888686247835316,-1.8711905909537974,0.542589389526483,0.008475780581218858,1.4630312925416422,-0.6998832066725468,0.542589389526483,-0.10292269930791643,-1.7344359232710704,0.8651067850684426,-1.9298753408368705,1.9228754449517673,2.0260505713286427,-1.580640612241589,-1.2822090460682984,-1.365902922661691,-1.1282152351598684,-0.8090550398079427,6.613876535879535,-0.10193962257473484,-5.361079785881615,-0.4959172890861918,3.3485161469630915,-0.5505386303477205,-0.07980868844676617,2,1,1,1,0.6666666666666666,0.5793801642856949,False,1,1.0
san_jose,san_jose_2067,-0.9055043080526394,-0.9043555738409986,-1.186550857568136e-15,-0.702119462489137,-1.220654262505069,0.9395039845828272,-1.0435315409620511,-0.10220971135443631,1.0888513261027029,-1.2528836355609838,-1.0435315409620511,-0.7587255264251407,-1.0757017091036425,-0.8533438617878242,-1.0435315409620511,-0.10292269930791643,-0.8053096930519348,-0.9463065261374907,-1.3640886633712295,1.3643540023890863,1.3691129361578525,-0.27327128401208695,-0.7256728668737382,-0.049593213214245264,0.3683843172802816,-0.8090550398079427,-0.1511972584572906,-0.10193962257473484,0.18652958731065797,2.0164652896911486,-0.29863974253397674,-0.5505386303477205,-0.07980868844676617,1,2,1,1,0.6666666666666666,0.5793801642856949,False,1,1.0
san_jose,san_jose_2072,-0.9055043080526394,-0.9043555738409986,-1.186550857568136e-15,-0.9079317847129789,-0.2891378131558747,0.8226062805345792,-0.9758605696048144,-0.10220971135443631,-1.1813600332401888,-1.128843195793617,-0.9758605696048144,-0.8810611347393448,1.9074267339222168,-0.937362736127912,-0.9758605696048144,-0.10292269930791643,-0.6690384334107827,-0.8458713670599509,-1.2578935993865428,1.2351660834818554,1.2589818535716712,-0.06404749893936204,0.9943417758761435,0.8451093798927687,1.181808819026189,-0.8090550398079427,-0.1511972584572906,-0.10193962257473484,0.18652958731065797,-0.4959172890861918,-0.29863974253397674,-0.5505386303477205,-0.07980868844676617,2,2,1,2,0.6666666666666666,0.5793801642856949,False,1,1.0
san_jose,san_jose_2083,1.011742369159587,1.0066297719749018,-1.186550857568136e-15,-1.0599326929154889,0.09495534184469452,0.7161276494855394,-0.8478552116150464,-0.10220971135443631,-1.3407752806866369,-0.15578736459012787,-0.8478552116150464,-1.1029841562008957,1.9243507562357391,-1.09856598578102,-0.8478552116150464,-0.10292269930791643,0.3635628712307604,-0.7542606805342045,-0.25097211568223043,0.2639829543216742,0.3504705215513869,1.318261869027277,-1.2820805121927008,-0.9731894567100376,-1.0865412044489302,-0.8090550398079427,-0.1511972584572906,-0.10193962257473484,0.18652958731065797,-0.4959172890861918,-0.29863974253397674,1.8164029640724113,-0.07980868844676617,1,1,1,1,1.0,-0.0,False,1,1.0
san_jose,san_jose_2089,1.011742369159587,1.0066297719749018,-1.186550857568136e-15,-1.0060345790067355,-0.2574031733410461,0.9373942766110372,-1.0435315409620511,-0.10220971135443631,-1.1646727902788259,0.0789127966519294,-1.0435315409620511,-1.0704097939124817,-1.0757017091036425,-1.0471363171776824,-1.0435315409620511,-0.10292269930791643,0.6950273444129389,-0.9435170507152181,0.11334570042996775,0.09634056230097368,0.056221739132672276,0.9630279601012675,-0.4052258725853041,1.0999064980572784,0.8761766600028544,-0.8090550398079427,-0.1511972584572906,-0.10193962257473484,0.18652958731065797,2.0164652896911486,-0.29863974253397674,-0.5505386303477205,-0.07980868844676617,1,1,1,1,1.0,-0.0,False,1,1.0
san_jose,san_jose_2091,1.011742369159587,1.0066297719749018,-1.186550857568136e-15,-1.0609072988247314,0.04720385159258108,0.9255816639497019,-1.0435315409620511,-0.10220971135443631,-1.476631591303745,-0.04031425891442423,-1.0435315409620511,-1.1106535341350725,-1.0757017091036425,-1.097046305100723,-1.0435315409620511,-0.10292269930791643,0.5930216140657893,-0.926525521454003,-0.0013516734684441017,0.21780986807914918,0.15035714251600038,-1.0862913756081591,1.1890493034096439,-0.5421719941388321,-0.6958778514757326,-0.8090550398079427,-0.1511972584572906,-0.10193962257473484,0.18652958731065797,-0.4959172890861918,-0.29863974253397674,-0.5505386303477205,-0.07980868844676617,1,1,1,1,1.0,-0.0,False,1,1.0
san_jose,san_jose_2113,1.011742369159587,1.0066297719749018,-1.186550857568136e-15,-1.033504153006674,0.698125556941159,0.9333801301707986,-1.0435315409620511,-0.10220971135443631,-1.3574522636865778,0.8307274112155953,-1.0435315409620511,-1.0789562464308842,-1.0757017091036425,-1.0206987453942191,-1.0435315409620511,-0.10292269930791643,1.2182390472895828,-0.9410484137189044,0.9160883067170644,-0.6637289529773384,-0.6709077324020916,-1.415808984689556,1.3125347767945061,-0.448953585369251,1.5912504640410468,-0.8090550398079427,-0.1511972584572906,-0.10193962257473484,0.18652958731065797,-0.4959172890861918,-0.29863974253397674,-0.5505386303477205,-0.07980868844676617,1,1,1,1,1.0,-0.0,False,1,1.0
san_jose,san_jose_2116,1.011742369159587,1.0066297719749018,-1.186550857568136e-15,-1.066666575708644,0.9794795378562525,0.9395039845828272,-1.0435315409620511,-0.10220971135443631,-1.1228993487977534,0.6444879947584619,-1.0435315409620511,-1.0984630191190659,-1.0757017091036425,-1.0736421495598685,-1.0435315409620511,-0.10292269930791643,1.1360500837357819,-0.9463065261374907,0.7782201570531793,-0.4211908629103312,-0.5324702177535791,-1.580640612241589,-1.2822090460682984,-1.365902922661691,-1.1282152351598684,-0.8090550398079427,-0.1511972584572906,-0.10193962257473484,0.18652958731065797,-0.4959172890861918,3.3485161469630915,-0.5505386303477205,-0.07980868844676617,1,1,1,1,1.0,-0.0,False,1,1.0
san_jose,san_jose_2117,1.011742369159587,1.0066297719749018,-1.186550857568136e-15,-0.9838699835453398,-1.1503351855852075,0.9395039845828272,-1.0435315409620511,-0.10220971135443631,-1.354029385584298,0.28515251625844246,-1.0435315409620511,-1.0828379423409802,-1.0757017091036425,-1.0688360373543468,-1.0435315409620511,-0.10292269930791643,0.8380173478209239,-0.9463065261374907,0.3361833447294276,-0.10594298868084932,-0.13584435190277966,-1.580640612241589,-1.2822090460682984,-1.365902922661691,-1.1282152351598684,-0.8090550398079427,-0.1511972584572906,-0.10193962257473484,0.18652958731065797,-0.4959172890861918,3.3485161469630915,-0.5505386303477205,-0.07980868844676617,0,0,0,0,1.0,-0.0,False,0,0.0
san_jose,san_jose_2127,1.6366186992858989,1.6757914677720755,-1.186550857568136e-15,-1.116974020801782,-1.7445600785869717,0.9395039845828272,-1.0435315409620511,-0.10220971135443631,-1.3218337693834779,0.8000768518859617,-1.0435315409620511,-1.171355993876049,-1.0757017091036425,-1.1500897464612134,-1.0435315409620511,-0.10292269930791643,1.2109123129801291,-0.9463065261374999,0.8949820235376346,-0.56621919379097,-0.6465280943457133,-1.580640612241589,-1.2822090460682984,-1.365902922661691,-1.1282152351598684,0.09674263097792053,-0.1511972584572906,-0.10193962257473484,0.18652958731065797,-0.4959172890861918,3.3485161469630915,-0.5505386303477205,-0.07980868844676617,0,0,0,0,1.0,-0.0,False,0,0.0
san_jose,san_jose_2131,1.011742369159587,1.0066297719749018,-1.186550857568136e-15,-1.001473917657124,-0.5247149622432947,0.9186530543640841,-1.0435315409620511,-0.10220971135443631,1.031581703788946,1.241210227286558,-1.0435315409620511,-1.0998200466535322,-1.0757017091036425,-1.0498872259037066,-1.0435315409620511,-0.10292269930791643,1.5030384950850821,-0.9194513419374842,1.2850714243051287,-0.9892948312513177,-1.0704040347252064,1.253817053359764,-0.41501375547221053,-1.3447193918702107,0.875571813822949,-0.8090550398079427,-0.1511972584572906,-0.10193962257473484,0.18652958731065797,2.0164652896911486,-0.29863974253397674,-0.5505386303477205,-0.07980868844676617,1,1,1,1,1.0,-0.0,False,1,0.0
san_jose,san_jose_2135,1.011742369159587,1.0066297719749018,-1.186550857568136e-15,-1.0625920165995697,1.2429757747165096,0.9395039845828272,-1.0435315409620511,-0.10220971135443631,-1.3130361026440724,0.7512632693015165,-1.0435315409620511,-1.0861677538306969,-1.0757017091036425,-1.0578898987998464,-1.0435315409620511,-0.10292269930791643,1.1915235570362512,-0.9463065261374907,0.8665596684857998,-0.5375283024275156,-0.6186685543971921,-1.3805103928596119,1.2994155277399413,0.19759772563698758,-0.2988237099694555,-0.8090550398079427,-0.1511972584572906,-0.10193962257473484,0.18652958731065797,-0.4959172890861918,-0.29863974253397674,-0.5505386303477205,-0.07980868844676617,1,1,1,1,1.0,-0.0,False,1,1.0
san_jose,san_jose_2136,-0.9055043080526394,-0.9043555738409986,-1.186550857568136e-15,1.3477981018332144,-1.1473155327471902,-1.75828416177548,1.449777899607322,-0.10220971135443631,-1.1311222104469132,-1.3639312934553782,1.449777899607322,1.4447546758445864,-0.02157065746765858,0.9355802096763611,1.449777899607322,-0.10292269930791643,-1.765102246438115,1.9319896684064037,-1.0364883698621166,0.3474702441765503,0.5154327076185803,-0.12206345257136436,-0.4707719245769237,-0.06868612373124279,0.8055315468159804,-0.8090550398079427,-0.1511972584572906,-0.10193962257473484,0.18652958731065797,2.0164652896911486,-0.29863974253397674,-0.5505386303477205,-0.07980868844676617,1,1,1,1,1.0,-0.0,False,1,1.0
san_jose,san_jose_2138,1.011742369159587,1.0066297719749018,-1.186550857568136e-15,0.04763224546357486,0.5320058445790888,-0.1042798857165565,-0.06194669941809249,-0.10220971135443631,1.0957965720451759,-0.010153187348579194,-0.06194669941809249,0.23741007685619184,0.8069283279963212,0.4052396960101097,-0.06194669941809249,-0.10292269930791643,0.25767080166659334,-0.04219934509641134,0.12722760478596057,0.1954354358314093,0.008090701590065972,1.1239449090302305,-1.2822090460682984,-0.42876655302980393,-1.128214680542492,0.09674263097792053,-0.1511972584572906,-0.10193962257473484,0.18652958731065797,-0.4959172890861918,-0.29863974253397674,1.8164029640724113,-0.07980868844676617,1,1,1,1,1.0,-0.0,False,1,1.0
san_jose,san_jose_2141,1.011742369159587,1.0066297719749018,-1.186550857568136e-15,-1.0362960204455882,0.816720805917595,0.9395039845828272,-1.0435315409620511,-0.10220971135443631,-1.3855177389991997,0.791008173189,-1.0435315409620511,-1.0741359087649012,-1.0757017091036425,-1.037382260846286,-1.0435315409620511,-0.10292269930791643,1.2550817153753193,-0.9463065261374969,0.908170194377948,-0.5719560271965908,-0.6560534065532679,0.9707695804490243,-1.2822090460682984,-1.071904942915748,-1.1282146610763462,-0.8090550398079427,-0.1511972584572906,-0.10193962257473484,0.18652958731065797,-0.4959172890861918,-0.29863974253397674,1.8164029640724113,-0.07980868844676617,1,1,1,1,1.0,-0.0,False,1,1.0
san_jose,san_jose_2142,1.011742369159587,1.0066297719749018,-1.186550857568136e-15,0.2644766265890033,0.464905914934089,-0.31617149934333255,0.27076915061692347,-0.10220971135443631,1.1045203274758182,-0.3099241172124737,0.27076915061692347,0.5575108293369978,0.47066500631188735,0.5837701421729529,0.27076915061692347,-0.10292269930791643,-0.04740938146050233,0.3335444791440069,-0.21726694998723484,0.4521232760349266,0.2920716004381102,-0.7578265700139588,1.142049369460749,-0.29151584757048715,1.2834742195537958,0.09674263097792053,6.613876535879535,-0.10193962257473484,-5.361079785881615,-0.4959172890861918,-0.29863974253397674,-0.5505386303477205,-0.07980868844676617,1,1,1,1,1.0,-0.0,False,1,1.0
san_jose,san_jose_2143,1.011742369159587,1.0066297719749018,-1.186550857568136e-15,-0.07585967268645083,0.5116411216603137,-0.03421866564859291,-0.0363982863183133,-0.10220971135443631,1.0963754172137319,-0.05208339956804277,-0.0363982863183133,0.09874479750262793,0.809176748504311,0.2660180129141778,-0.0363982863183133,-0.10292269930791643,0.2810375944453698,-0.10359444803754171,0.07285116120792062,0.24143471495960372,0.07041118947662593,-1.273442051367801,1.2781543688017374,0.40378576092524837,-0.8657389679597771,0.09674263097792053,-0.1511972584572906,-0.10193962257473484,0.18652958731065797,-0.4959172890861918,-0.29863974253397674,-0.5505386303477205,-0.07980868844676617,1,1,1,1,1.0,-0.0,False,1,1.0
san_jose,san_jose_2145,1.011742369159587,1.0066297719749018,-1.186550857568136e-15,1.297463990233449,0.5615773017735535,-1.932563715580507,1.680787841740572,-0.10220971135443631,1.0986067636529886,0.19357572951041543,1.680787841740572,1.7358290974855408,-0.1309097614631014,1.669153779981094,1.680787841740572,-0.10292269930791643,-1.3901330066054216,1.7685213735423475,0.31103911487621094,-1.8231043856301832,-1.4796804896552789,0.868702168432158,-0.49348306444276957,0.4340405601288123,0.7957972328388869,0.09674263097792053,-0.1511972584572906,9.809728295461023,-5.361079785881615,2.0164652896911486,-0.29863974253397674,-0.5505386303477205,-0.07980868844676617,1,1,1,1,1.0,-0.0,False,1,1.0
san_jose,san_jose_2149,1.011742369159587,1.0066297719749018,-1.186550857568136e-15,-0.9206867949558027,0.5559135975372902,0.6722751564167431,-0.7189788737548594,-0.10220971135443631,1.1117381230663306,1.04248351483478,-0.7189788737548594,-0.9656132465097721,1.6843476245996503,-0.904797560524221,-0.7189788737548594,-0.10292269930791643,1.3550042647543785,-0.7164923202367957,1.1158598718468309,-0.8533901649603645,-0.8821777081863155,0.5263492902539388,0.5058917032588243,-0.6801489631931675,1.0189289741496643,0.09674263097792053,-0.1511972584572906,-0.10193962257473484,0.18652958731065797,-0.4959172890861918,-0.29863974253397674,-0.5505386303477205,-0.07980868844676617,1,1,1,1,1.0,-0.0,False,1,1.0
san_jose,san_jose_2150,-0.9055043080526394,-0.9043555738409986,-1.186550857568136e-15,-1.061801571643293,0.5936425020358088,0.7081596227732886,-0.9070595277317548,-0.10220971135443631,-1.1524692541249038,-0.9588502615504785,-0.9070595277317548,-1.0357831340273036,1.6192955976491727,-1.074617217372663,-0.9070595277317548,-0.10292269930791643,-0.41207997905639393,-0.7473999171943051,-1.0490015193403999,1.085296786783916,1.0565474120830658,-1.5361092097319848,-1.2822090460682984,-1.1736867568556293,-1.1281682362132144,-0.8090550398079427,-0.1511972584572906,-0.10193962257473484,0.18652958731065797,-0.4959172890861918,3.3485161469630915,-0.5505386303477205,-0.07980868844676617,2,0,0,0,0.6666666666666666,0.5793801642856949,False,0,0.0
san_jose,san_jose_2156,1.011742369159587,1.0066297719749018,-1.186550857568136e-15,-1.0992069795302577,0.7502560453077682,0.9395039845828272,-1.0435315409620511,-0.10220971135443631,-1.340905197670774,1.1771940059871726,-1.0435315409620511,-1.1521811795688583,-1.0757017091036425,-1.1192198208229622,-1.0435315409620511,-0.10292269930791643,1.4098350741014893,-0.9463065261374793,1.228536141108396,-0.9307051052009583,-1.0170169214870997,-1.4841666900421335,1.3318874319200251,-0.988066340548371,-0.11908618880024337,-0.8090550398079427,6.613876535879535,-0.10193962257473484,-5.361079785881615,-0.4959172890861918,-0.29863974253397674,-0.5505386303477205,-0.07980868844676617,1,1,1,1,1.0,-0.0,False,1,
san_jose,san_jose_2159,1.011742369159587,1.0066297719749018,-1.186550857568136e-15,-0.8794360153607924,-0.44864860225525977,0.8643625253369399,-0.7573846243975795,-0.10220971135443631,1.0963765739509448,-0.8884474468243407,-0.7573846243975795,-0.8944452691314868,2.0512349642829064,-0.9356437666664666,-0.7573846243975795,-0.10292269930791643,-0.3314654555423319,-0.8591865285950169,-0.9869236773210817,1.0372662228515597,1.0082592986528178,-0.04719220541105127,0.8431359136152321,1.4704326920422972,-0.9684939543412262,-0.8090550398079427,-0.1511972584572906,-0.10193962257473484,0.18652958731065797,-0.4959172890861918,-0.29863974253397674,-0.5505386303477205,-0.07980868844676617,1,1,1,1,1.0,-0.0,False,1,1.0
san_jose,san_jose_2160,1.011742369159587,1.0066297719749018,-1.186550857568136e-15,-1.0618243420594802,0.7061169846749484,0.9395039845828272,-1.0435315409620511,-0.10220971135443631,-1.3325162843760823,0.7192787219473995,-1.0435315409620511,-1.1080228378067192,-1.0757017091036425,-1.0628423218027703,-1.0435315409620511,-0.10292269930791643,1.1434263618373344,-0.9463065261374971,0.7896557576570495,-0.5385790679764833,-0.5448133806585976,-1.4570197559299163,1.3263335985527116,-1.2115346222987449,1.6491936627451451,-0.8090550398079427,6.613876535879535,-0.10193962257473484,-5.361079785881615,-0.4959172890861918,-0.29863974253397674,-0.5505386303477205,-0.07980868844676617,1,1,1,1,1.0,-0.0,False,1,1.0
san_jose,san_jose_2177,1.6366186992858989,1.6757914677720755,-1.186550857568136e-15,-1.1051053452501045,0.8205854763015575,0.92741382168097,-1.0435315409620511,-0.10220971135443631,-1.298739649231056,-0.15646012546060276,-1.0435315409620511,-1.1481667194116632,-1.0757017091036425,-1.1320503514191735,-1.0435315409620511,-0.10292269930791643,0.45844944578282326,-0.935925235547143,-0.1568247318762272,0.33712887416829135,0.2788902719479577,-1.5533744376545233,1.35450347698111,-1.2417447321400914,-0.920634757970416,-0.8090550398079427,-0.1511972584572906,9.809728295461023,-5.361079785881615,-0.4959172890861918,-0.29863974253397674,-0.5505386303477205,-0.07980868844676617,1,1,1,1,1.0,-0.0,False,1,1.0
san_jose,san_jose_2178,-0.9055043080526394,-0.9043555738409986,-1.186550857568136e-15,1.3592909813590752,-0.5888255605575541,-1.556408983250737,1.3828803241587555,-0.10220971135443631,-1.4200746335012653,2.0405803547065378,1.3828803241587555,0.914905493683269,0.098581672488433,1.3321553423455528,1.3828803241587555,-0.10292269930791643,-0.19360453034475633,1.4712021879849766,0.6383106556775592,-0.6893870359822204,-0.8664238233031893,0.20933639000963405,0.7187058129957626,1.2957163556165203,0.9636408943483925,-0.8090550398079427,6.613876535879535,-0.10193962257473484,-5.361079785881615,-0.4959172890861918,-0.29863974253397674,-0.5505386303477205,-0.07980868844676617,1,1,1,1,1.0,-0.0,False,1,1.0
san_jose,san_jose_2180,1.011742369159587,1.0066297719749018,-1.186550857568136e-15,-1.0905651145146522,0.7712990776865891,0.9394729778768744,-1.0435315409620511,-0.10220971135443631,-1.3408967251373036,1.1721725589553245,-1.0435315409620511,-1.1426960752401123,-1.0757017091036425,-1.108271361250339,-1.0435315409620511,-0.10292269930791643,1.4065561813509875,-0.9462799037975544,1.223031174724271,-0.9315896216116382,-1.0102061042909207,-1.542115668901257,1.3511615745848693,-1.1976791714239776,1.698133626133348,-0.8090550398079427,-0.1511972584572906,-0.10193962257473484,0.18652958731065797,-0.4959172890861918,-0.29863974253397674,-0.5505386303477205,-0.07980868844676617,1,1,1,1,1.0,-0.0,False,1,1.0
san_jose,san_jose_2183,1.011742369159587,1.0066297719749018,-1.186550857568136e-15,-0.7422496404984121,-1.553215359762454,0.8814464164304808,-0.6830166292927647,-0.10220971135443631,-1.1961289085610862,-1.1167204249147442,-0.6830166292927647,-0.8667436367477662,2.0799966670323466,-0.9886511881410717,-0.6830166292927647,-0.10292269930791643,-0.6235881749674086,-0.8887573258491481,-1.2325742110804083,1.2422598783885959,1.2374630116524623,0.7437673440471252,0.28826247833590524,-0.3980454232231114,-0.5888222907028857,-0.8090550398079427,6.613876535879535,-0.10193962257473484,-5.361079785881615,-0.4959172890861918,-0.29863974253397674,-0.5505386303477205,-0.07980868844676617,1,1,1,1,1.0,-0.0,False,1,1.0
san_jose,san_jose_2195,1.011742369159587,1.0066297719749018,-1.186550857568136e-15,0.44590019598768854,0.5753740454534814,-0.007092551443249682,0.31900903915806494,-0.10220971135443631,-1.3653970721519888,0.11727194234590785,0.31900903915806494,0.648421382111783,0.46737401069451534,0.9620520288710014,0.31900903915806494,-0.10292269930791643,0.12919696072063777,0.36256570039326885,0.3339090275236454,0.05323696706007194,-0.0933979430335707,-1.3912338944433829,1.3053714682776354,-1.1709817186886273,0.23381986554932502,0.09674263097792053,-0.1511972584572906,-0.10193962257473484,0.18652958731065797,-0.4959172890861918,-0.29863974253397674,-0.5505386303477205,-0.07980868844676617,1,1,1,1,1.0,-0.0,False,1,1.0
san_jose,san_jose_2208,1.011742369159587,1.0066297719749018,-1.186550857568136e-15,-1.0942372710292558,1.1738028080994527,0.9395039845828272,-1.0435315409620511,-0.10220971135443631,-1.382755708844732,1.303690502242546,-1.0435315409620511,-1.142015581812997,-1.0757017091036425,-1.1119984585923404,-1.0435315409620511,-0.10292269930791643,1.477224341001443,-0.9463065261374907,1.3481391018694868,-1.0443608949070768,-1.178177211408363,0.8295451246019837,-1.2822090460682984,-1.084541284116003,-1.1282146515867209,-0.8090550398079427,-0.1511972584572906,-0.10193962257473484,0.18652958731065797,-0.4959172890861918,-0.29863974253397674,1.8164029640724113,-0.07980868844676617,1,1,0,1,0.6666666666666666,0.5793801642856949,False,1,1.0
san_jose,san_jose_2209,1.011742369159587,1.0066297719749018,-1.186550857568136e-15,-0.6560098713979592,-1.4682735031186016,0.9395039845828272,-1.0435315409620511,-0.10220971135443631,-1.184475581612781,-0.8649619746928913,-1.0435315409620511,-0.8225733414907102,-1.0757017091036425,-0.8869204442283507,-1.0435315409620511,-0.10292269930791643,-0.3012169370876914,-0.9463065261374907,-0.9725812438422359,1.0128365096992122,0.9888389717588795,0.30049943800697343,0.720393761248503,1.2635656558193247,0.3754915401301907,-0.8090550398079427,6.613876535879535,-0.10193962257473484,-5.361079785881615,-0.4959172890861918,-0.29863974253397674,-0.5505386303477205,-0.07980868844676617,1,1,1,1,1.0,-0.0,False,1,0.0
san_jose,san_jose_2214,1.011742369159587,1.0066297719749018,-1.186550857568136e-15,1.740386672111197,-1.7165392896012261,-1.618673531087466,1.4547621604394922,-0.10220971135443631,1.0743980823744024,-0.04701590864856141,1.4547621604394922,1.1872280568114661,0.8991983337934765,1.1033446984524469,1.4547621604394922,-0.10292269930791643,-0.5644915854175224,1.3690889587587294,-0.6237703989782688,0.20454222787224022,0.4709247448274639,-1.0265283663736293,-1.282202571194219,-1.2559195506666254,-1.1183859971941594,0.09674263097792053,6.613876535879535,-0.10193962257473484,-5.361079785881615,-0.4959172890861918,-0.29863974253397674,1.8164029640724113,-0.07980868844676617,0,0,1,0,0.6666666666666666,0.5793801642856949,False,0,1.0
san_jose,san_jose_2216,-0.9055043080526394,-0.9043555738409986,-1.186550857568136e-15,0.7844194919969635,-0.7665005746275809,-1.923173851345504,1.543616815604827,-0.10220971135443631,-1.338247084578144,-1.228417063819565,1.543616815604827,1.1503848754553438,0.5912871281893761,0.296339066838071,1.543616815604827,-0.10292269930791643,-0.9853335466126978,1.720595260766151,-1.0981892257426888,0.2998644961632039,0.7658080678710494,-0.17785195232369425,0.9157474667588056,-1.164136868949593,0.5668276908181243,-0.8090550398079427,6.613876535879535,-0.10193962257473484,-5.361079785881615,-0.4959172890861918,-0.29863974253397674,-0.5505386303477205,-0.07980868844676617,1,1,1,1,1.0,-0.0,False,1,1.0
san_jose,san_jose_2223,1.6366186992858989,1.6757914677720755,-1.186550857568136e-15,-0.9887095396709077,-1.2725919701287212,0.9395039845828272,-1.0435315409620511,-0.10220971135443631,-1.3332111280822918,0.8030314499115012,-1.0435315409620511,-1.1042021766264063,-1.0757017091036425,-1.0765320071547764,-1.0435315409620511,-0.10292269930791643,1.2215934023048494,-0.9463065261374954,0.912661820811793,-0.5693090367047571,-0.6643978973831011,-1.580640612241589,-1.2822090460682984,-1.365902922661691,-1.1282152351598684,-0.8090550398079427,-0.1511972584572906,-0.10193962257473484,0.18652958731065797,-0.4959172890861918,3.3485161469630915,-0.5505386303477205,-0.07980868844676617,0,0,0,0,1.0,-0.0,False,0,0.0
san_jose,san_jose_2244,1.011742369159587,1.0066297719749018,-1.186550857568136e-15,-0.1638651668384555,-0.4964825922692434,-0.5466090211961603,1.009136344205076,-0.10220971135443631,-1.3386503161183538,-0.2430753289913663,1.009136344205076,-0.3242338731552763,1.2963963986364146,-0.30951230525797235,1.009136344205076,-0.10292269930791643,-0.4595386958581078,1.0021145190886327,-0.2703613972702995,0.4241256559827254,0.31833822935311,0.5483535593113945,0.31743226307474925,-0.14967636086528743,-1.0992921578843398,-0.8090550398079427,6.613876535879535,-0.10193962257473484,-5.361079785881615,-0.4959172890861918,-0.29863974253397674,-0.5505386303477205,-0.07980868844676617,1,1,1,1,1.0,-0.0,False,1,1.0
san_jose,san_jose_2245,1.011742369159587,1.0066297719749018,-1.186550857568136e-15,-1.1035211547170842,1.4133753049572313,0.9395039845828272,-1.0435315409620511,-0.10220971135443631,-1.3570622746753247,0.6426377960934953,-1.0435315409620511,-1.1465541085199422,-1.0757017091036425,-1.1244019924955475,-1.0435315409620511,-0.10292269930791643,1.113744264549968,-0.9463065261374907,0.7347071791041864,-0.42317670427191684,-0.4903825463158407,1.0235245817069856,-1.2775668334048935,-1.3376937658891843,-1.1281599009538346,-0.8090550398079427,-0.1511972584572906,-0.10193962257473484,0.18652958731065797,-0.4959172890861918,-0.29863974253397674,1.8164029640724113,-0.07980868844676617,1,1,1,1,1.0,-0.0,False,1,1.0
san_jose,san_jose_2254,1.011742369159587,1.0066297719749018,-1.186550857568136e-15,-0.4592176012424589,1.1738551074323615,0.2462870629796457,0.06882206735348095,-0.10220971135443631,1.0968999818731786,1.9176045182562254,0.06882206735348095,-0.4314777616871385,1.2020158796768043,-0.08055285170995617,0.06882206735348095,-0.10292269930791643,1.1591707782272527,-0.003219492892766105,1.7612032509462583,-1.916293862712543,-1.9971332767768606,-1.3249864631622155,1.2440078814783317,-0.6160635289146068,-0.7165796910087795,-0.8090550398079427,-0.1511972584572906,-0.10193962257473484,0.18652958731065797,-0.4959172890861918,-0.29863974253397674,-0.5505386303477205,-0.07980868844676617,1,1,1,1,1.0,-0.0,False,1,1.0
san_jose,san_jose_2256,1.011742369159587,1.0066297719749018,-1.186550857568136e-15,-0.6030450131118942,0.6469777727872463,-0.7951159681879576,1.0059648141689082,-0.10220971135443631,1.1063905071137883,1.501441942299615,1.0059648141689082,-0.6345659741725838,0.6038136740419002,-0.44177597202789665,1.0059648141689082,-0.10292269930791643,0.07912254892940712,1.1714236657562824,1.3315673700998985,-1.4524327580213205,-1.8987552598157813,-0.4644610603628594,-1.11918552799242,0.6808091425590604,-0.5564096212919935,-0.8090550398079427,-0.1511972584572906,-0.10193962257473484,0.18652958731065797,-0.4959172890861918,-0.29863974253397674,1.8164029640724113,-0.07980868844676617,1,1,1,1,1.0,-0.0,False,1,1.0
san_jose,san_jose_2266,1.6366186992858989,1.6757914677720755,-1.186550857568136e-15,-0.7263829891380335,-1.8376389258652226,0.9007103254346343,-1.0435315409620511,-0.10220971135443631,-1.2663597578935095,-1.1503606764723144,-1.0435315409620511,-0.8827098871284186,-1.0757017091036425,-1.0224807195186782,-1.0435315409620511,-0.10292269930791643,-0.6313478683390528,-0.908578124447295,-1.2452833860441874,1.2841790010868221,1.2584800406550816,0.21078376046090272,0.7353553192473263,1.5579571349941836,-1.0362499895847945,-0.8090550398079427,-0.1511972584572906,-0.10193962257473484,0.18652958731065797,-0.4959172890861918,-0.29863974253397674,-0.5505386303477205,-0.07980868844676617,1,0,1,1,0.6666666666666666,0.5793801642856949,False,1,
san_jose,san_jose_2271,1.011742369159587,1.0066297719749018,-1.186550857568136e-15,1.3206623577104415,-0.5634505846732031,-1.067914767269377,1.3022210297172836,-0.10220971135443631,-1.3462690410350613,-1.0747144391767949,1.3022210297172836,1.545153181992273,-0.17541956347360363,1.2207531194591243,1.3022210297172836,-0.10292269930791643,-1.2148955641328698,1.4148780601734874,-1.161829355126365,0.810575255337303,1.0215077955912206,0.019780646931904323,0.9294696605721899,1.6983075009963091,0.1506508436687228,0.09674263097792053,-0.1511972584572906,-0.10193962257473484,0.18652958731065797,-0.4959172890861918,-0.29863974253397674,-0.5505386303477205,-0.07980868844676617,1,1,1,1,1.0,-0.0,False,1,
san_jose,san_jose_2306,1.011742369159587,1.0066297719749018,-1.186550857568136e-15,-0.9314382545405516,-0.39814949858439874,0.9370456678903801,-1.0435315409620511,-0.10220971135443631,-1.3348500793366154,0.5513333324507895,-1.0435315409620511,-1.0193001565196107,-1.0757017091036425,-0.9963382580440926,-1.0435315409620511,-0.10292269930791643,1.0847007328966158,-0.9441957889653465,0.6659460231708649,-0.33144931625294194,-0.4230429976449408,0.8409612406560253,-0.9160079941763037,-0.7540627926536717,-1.1128552811158534,-0.8090550398079427,-0.1511972584572906,-0.10193962257473484,0.18652958731065797,-0.4959172890861918,-0.29863974253397674,1.8164029640724113,-0.07980868844676617,1,1,1,1,1.0,-0.0,False,1,1.0
san_jose,san_jose_2310,1.011742369159587,1.0066297719749018,-1.186550857568136e-15,-0.02958322730528495,0.772432209083575,-0.9045305408569488,1.2740987757845623,-0.10220971135443631,-1.3681808420238306,1.2310697518860247,1.2740987757845623,0.10263881472773038,0.6807513910473264,0.29720067520468285,1.2740987757845623,-0.10292269930791643,0.7864418731848463,0.6737785932849367,1.3966586228262488,-1.766471403344615,-1.4524892613962945,0.0998498376793421,-1.2821977496350838,0.4581380144696262,-1.1230722639666353,0.09674263097792053,-0.1511972584572906,9.809728295461023,-5.361079785881615,-0.4959172890861918,-0.29863974253397674,1.8164029640724113,-0.07980868844676617,1,1,1,1,1.0,-0.0,False,1,1.0
san_jose,san_jose_2327,1.011742369159587,1.0066297719749018,-1.186550857568136e-15,-0.11172369611120142,-0.7712209318622286,-1.1539779545955249,0.68996427749998,-0.10220971135443631,-1.336607368680975,-0.9722185084769739,0.68996427749998,0.020862891593144185,1.1743306567885836,-0.47667852223056395,0.68996427749998,-0.10292269930791643,-0.6041028469454224,0.9181144628924027,-1.0056408890139743,0.6964026894717917,0.9351365082357876,-0.46830150267073406,-0.39875010563890845,0.9261485442531191,-1.1162135561679265,0.09674263097792053,-0.1511972584572906,-0.10193962257473484,0.18652958731065797,-0.4959172890861918,-0.29863974253397674,1.8164029640724113,-0.07980868844676617,1,1,1,1,1.0,-0.0,False,1,1.0
san_jose,san_jose_2330,2.4792517543616204,2.489123079584817,-1.186550857568136e-15,2.007161577734049,-2.7828103317439417,-0.33000992051170813,0.5589132649088518,-0.10220971135443631,1.0853341077292764,0.2848418467243643,0.5589132649088518,1.2591983137847245,0.6573193946720717,1.2579317716390175,0.5589132649088518,-0.10292269930791643,-0.10051465744485205,0.6958117989473871,0.47308696024871477,-0.3959477940720457,-0.3140145943869806,-0.8923578857966643,-1.2822089289094392,-0.31323424801105065,-1.1280431139969087,0.09674263097792053,-0.1511972584572906,-0.10193962257473484,0.18652958731065797,-0.4959172890861918,-0.29863974253397674,1.8164029640724113,-0.07980868844676617,0,0,0,0,1.0,-0.0,False,0,0.0
san_jose,san_jose_2337,1.6366186992858989,1.6757914677720755,-1.186550857568136e-15,-1.1045802539835758,-2.0011279784849476,0.9374805921846334,-1.0435315409620511,-0.10220971135443631,1.1109605771645605,0.2517643845367754,-1.0435315409620511,-1.1665711407728965,-1.0757017091036425,-1.1456199874931747,-1.0435315409620511,-0.10292269930791643,0.8163435741442774,-0.9445605341335169,0.303671368581967,-0.04766968676122872,-0.10726372003602781,-1.580640612241589,-1.2822090460682984,-1.365902922661691,-1.1282152351598684,0.09674263097792053,-0.1511972584572906,-0.10193962257473484,0.18652958731065797,-0.4959172890861918,3.3485161469630915,-0.5505386303477205,-0.07980868844676617,0,0,0,0,1.0,-0.0,False,0,0.0
san_jose,san_jose_2345,1.011742369159587,1.0066297719749018,-1.186550857568136e-15,-0.6528497417848722,-2.056777424727404,0.5463802616793129,-0.5463909812971477,-0.10220971135443631,1.0915991610275835,-1.7436916264196374,-0.5463909812971477,-0.7743429885361932,0.5097807854144933,-0.9731622136124272,-0.5463909812971477,-0.10292269930791643,-1.3882189717115567,-0.47289772301477323,-1.733552558563832,1.826927833541571,1.795932317325821,-1.0358383048987627,1.0917280214185283,2.085635317337447,-1.0553058842029264,0.09674263097792053,-0.1511972584572906,-0.10193962257473484,0.18652958731065797,-0.4959172890861918,-0.29863974253397674,-0.5505386303477205,12.52996408614229,1,1,1,1,1.0,-0.0,False,1,1.0
san_jose,san_jose_2346,-0.9055043080526394,-0.9043555738409986,-1.186550857568136e-15,0.1438089264589949,0.5504657617632995,-0.09592184118590803,-0.11213622187362819,-0.10220971135443631,-1.3384289918962247,1.746145279833664,-0.11213622187362819,-0.01684670671560178,1.024012604102662,0.5330371864411543,-0.11213622187362819,-0.10292269930791643,0.8983336896526085,-0.04953119064252198,1.5172667491019267,-1.4624271565754605,-1.7042459084883244,0.7556075588532049,-0.7230206593971763,0.6359239945368318,0.3865214194674643,-0.8090550398079427,-0.1511972584572906,-0.10193962257473484,0.18652958731065797,2.0164652896911486,-0.29863974253397674,-0.5505386303477205,-0.07980868844676617,1,1,1,1,1.0,-0.0,False,1,1.0
san_jose,san_jose_2358,-0.9055043080526394,-0.9043555738409986,-1.186550857568136e-15,1.522749818338264,-2.1864553066020083,0.2690519459470546,0.12405857893935072,-0.10220971135443631,1.1209467701727849,-1.7232596900790769,0.12405857893935072,1.3524343488234623,1.897455577361273,0.8062894736803006,0.12405857893935072,-0.10292269930791643,-1.4837035745245293,-0.12109060265803838,-1.7749148149303073,1.7947929834193066,1.8434561861798904,0.3572159654074076,0.5656328193458945,1.1933097604624359,-0.7304315855183977,-0.8090550398079427,-0.1511972584572906,-0.10193962257473484,0.18652958731065797,-0.4959172890861918,-0.29863974253397674,-0.5505386303477205,-0.07980868844676617,2,2,2,2,1.0,-0.0,False,2,1.0
san_jose,san_jose_2360,1.6366186992858989,1.6757914677720755,-1.186550857568136e-15,0.8353291908442747,-0.6433291802567833,-1.0415631846932782,1.337084573014724,-0.10220971135443631,1.0705379514014508,0.08234596522404562,1.337084573014724,0.5148774898072045,1.1328191663856726,0.5492982353152708,1.337084573014724,-0.10292269930791643,-0.1503094186269735,1.0531974500161858,-0.06323462491357408,0.10174895596856955,0.1250411421257606,-0.19628123772431572,-0.5320045942129756,0.15268245752487963,0.7073559690281206,-0.8090550398079427,6.613876535879535,-0.10193962257473484,-5.361079785881615,2.0164652896911486,-0.29863974253397674,-0.5505386303477205,-0.07980868844676617,0,0,1,0,0.6666666666666666,0.5793801642856949,False,0,1.0
san_jose,san_jose_2368,1.011742369159587,1.0066297719749018,-1.186550857568136e-15,-0.31055068802390134,0.34406745349993245,0.013846940928926584,0.5384671485434577,-0.10220971135443631,1.1059414015485924,1.939664191189579,0.5384671485434577,-0.4751448499317478,1.1358669534145873,-0.16010350991810895,0.5384671485434577,-0.10292269930791643,1.2813940990014918,-0.1456339881177983,1.6316259591265592,-1.6050286001980805,-1.6554284212092771,0.5091319233269089,-1.2756329480014705,-1.3591198375733684,-1.1019541364987,-0.8090550398079427,6.613876535879535,-0.10193962257473484,-5.361079785881615,-0.4959172890861918,-0.29863974253397674,1.8164029640724113,-0.07980868844676617,1,1,1,1,1.0,-0.0,False,1,1.0
san_jose,san_jose_2372,1.011742369159587,1.0066297719749018,-1.186550857568136e-15,0.35279519278950155,-1.9602111622818652,0.5648426837012956,0.14035717997942568,-0.10220971135443631,1.1050639135382967,-0.5120626987422027,0.14035717997942568,-0.30248737930781017,1.808803988663676,-0.4067803795194406,0.14035717997942568,-0.10292269930791643,-0.014946588630368275,-0.4728432890655506,-0.5678470864755782,0.6633474160548538,0.6438446668604054,-1.222334552066507,1.2084255844964227,-1.0064339498692172,-1.06422962664379,-0.8090550398079427,6.613876535879535,-0.10193962257473484,-5.361079785881615,-0.4959172890861918,-0.29863974253397674,-0.5505386303477205,-0.07980868844676617,1,1,0,1,0.6666666666666666,0.5793801642856949,False,1,1.0
san_jose,san_jose_2376,1.011742369159587,1.0066297719749018,-1.186550857568136e-15,-1.0206985151734735,-1.0924012055012777,0.9395039845828272,-1.0435315409620511,-0.10220971135443631,1.103865649964937,-1.3174344319387963,-1.0435315409620511,-1.0669606207180575,-1.0757017091036425,-1.0762296279664774,-1.0435315409620511,-0.10292269930791643,-0.8447973238270876,-0.9463065261374971,-1.3949083855971807,1.4357113495932075,1.4026182708761008,-1.0159884459817914,1.23271825086011,1.0475658030142,-0.9353069174055567,-0.8090550398079427,6.613876535879535,-0.10193962257473484,-5.361079785881615,-0.4959172890861918,-0.29863974253397674,-0.5505386303477205,-0.07980868844676617,1,1,1,1,1.0,-0.0,False,1,1.0
san_jose,san_jose_2379,1.6366186992858989,1.6757914677720755,-1.186550857568136e-15,1.808564699944451,-0.8820658872812547,-0.8644856343850061,0.9407419018983258,-0.10220971135443631,1.1157640857637219,0.7954273118906231,0.9407419018983258,1.4668494778547454,0.05865584288664489,1.8276146033269207,0.9407419018983258,-0.10292269930791643,-0.25685884568880085,0.6370380625431982,0.9165784695565288,-0.5742167586122651,-0.9086466592688471,0.07345072948669362,0.43040956557126014,-1.1739174330926763,-0.04355059980116543,-0.8090550398079427,-0.1511972584572906,-0.10193962257473484,0.18652958731065797,-0.4959172890861918,-0.29863974253397674,-0.5505386303477205,-0.07980868844676617,1,0,0,0,0.6666666666666666,0.5793801642856949,False,0,0.0
san_jose,san_jose_2387,2.4700946795722705,2.4829703085621464,-1.186550857568136e-15,2.034532352457514,-2.1398777598051946,-0.9565411779383947,0.6209483097848408,-0.10220971135443631,1.0959607135040474,1.2060729586241627,0.6209483097848408,1.7927263929420698,0.4855247206025275,1.9759829856517859,0.6209483097848408,-0.10292269930791643,-0.44188604934182496,1.4775146076440004,0.9573479764810092,-1.6445331143484279,-1.0863090211308166,-1.580640612241589,-1.2822090460682984,-1.365902922661691,-1.1282152351598684,-0.8090550398079427,-0.1511972584572906,-0.10193962257473484,0.18652958731065797,-0.4959172890861918,3.3485161469630915,-0.5505386303477205,-0.07980868844676617,0,0,0,0,1.0,-0.0,False,0,0.0
san_jose,san_jose_2408,1.6366186992858989,1.6757914677720755,-1.186550857568136e-15,0.9520374445989058,-1.2063271810133327,-0.29710615500041665,0.8500942437373472,-0.10220971135443631,1.1303960365901033,0.34078957227274687,0.8500942437373472,0.3968538389400586,0.6241602437750928,0.4272371889669045,0.8500942437373472,-0.10292269930791643,-0.026318375235018288,1.0601273085146794,0.5917326279949101,-0.4576306540833337,-0.43504872631111335,0.1699811088896166,-1.2821844394729653,1.487815379826679,-1.108726201273449,-0.8090550398079427,-0.1511972584572906,-0.10193962257473484,0.18652958731065797,-0.4959172890861918,-0.29863974253397674,1.8164029640724113,-0.07980868844676617,1,0,1,1,0.6666666666666666,0.5793801642856949,False,0,0.0
san_jose,san_jose_2422,1.011742369159587,1.0066297719749018,-1.186550857568136e-15,-0.5678800976125774,-1.1109192287205076,0.6343672925042707,0.1371658604286762,-0.10220971135443631,1.0931081223560846,-0.7803598191968248,0.1371658604286762,-0.6961592563799223,1.5842086972467473,-0.8071644920681682,0.1371658604286762,-0.10292269930791643,-0.33945975205138085,-0.6838240621538477,-0.9777463932536873,0.8648782754382426,0.98029041429917,-1.3190329140977035,1.2854964256012087,-0.3127453321743732,0.9988944358814691,-0.8090550398079427,6.613876535879535,-0.10193962257473484,-5.361079785881615,-0.4959172890861918,-0.29863974253397674,-0.5505386303477205,-0.07980868844676617,1,1,1,1,1.0,-0.0,False,1,1.0
san_jose,san_jose_2436,-0.9055043080526394,-0.9043555738409986,-1.186550857568136e-15,0.7381841110020863,-1.6349173171796973,-1.5719266207387912,1.4496286301450374,-0.10220971135443631,1.050673359487035,-0.3860553656794498,1.4496286301450374,0.12381120053488523,-0.1587529157574948,0.03149652157955753,1.4496286301450374,-0.10292269930791643,-1.1281267736388727,1.7409743532297162,-0.6024612402347184,0.497012742119446,0.22817321626923745,1.713036398782172,-1.2819907695766017,-1.046993180278259,-1.082768328832211,-0.8090550398079427,-0.1511972584572906,-0.10193962257473484,0.18652958731065797,-0.4959172890861918,-0.29863974253397674,1.8164029640724113,-0.07980868844676617,1,0,0,0,0.6666666666666666,0.5793801642856949,False,0,0.0
san_jose,san_jose_2445,1.011742369159587,1.0066297719749018,-1.186550857568136e-15,1.6487619926907153,-1.1352385594107728,-0.22535881471708494,0.20823602333397204,-0.10220971135443631,-1.2821234325644317,1.5640710023806121,0.20823602333397204,0.915002634092651,0.8450307292659767,1.487116971647836,0.20823602333397204,-0.10292269930791643,0.398921806676055,0.06426336412008689,1.3698576136472043,-1.3090227032791326,-1.5380090210411743,-0.6947301367126112,-1.2815114764253748,0.5260956666454499,-1.1256048772049034,-0.8090550398079427,-0.1511972584572906,9.809728295461023,-5.361079785881615,-0.4959172890861918,-0.29863974253397674,1.8164029640724113,-0.07980868844676617,0,0,0,0,1.0,-0.0,False,0,0.0
san_jose,san_jose_3613,-0.9055043080526394,-0.9043555738409986,-1.186550857568136e-15,0.39144384514675734,-1.1331795678669458,0.5267367702606478,0.22614039091758276,-0.10220971135443631,-1.3182492601114026,0.09876264528980758,0.22614039091758276,-0.1082033526068675,1.6912424655357172,-0.026759804069895116,0.22614039091758276,-0.10292269930791643,0.4403702004777113,-0.3183488797820085,0.20434051628415495,0.09650776763412185,0.03228614971497398,-0.09673250671295737,0.5272959736318263,1.1334659823850166,-1.0805914542244819,-0.8090550398079427,-0.1511972584572906,-0.10193962257473484,0.18652958731065797,-0.4959172890861918,-0.29863974253397674,-0.5505386303477205,-0.07980868844676617,1,1,1,1,1.0,-0.0,False,1,1.0
san_jose,san_jose_3614,1.011742369159587,1.0066297719749018,-1.186550857568136e-15,-1.0674339862370124,0.26865220586420774,0.9395039845828272,-1.0435315409620511,-0.10220971135443631,-1.4197850414687114,1.1243348663229382,-1.0435315409620511,-1.1277373547843454,-1.0757017091036425,-1.0862087590627132,-1.0435315409620511,-0.10292269930791643,1.3841822860149036,-0.9463065261374907,1.1847763438361845,-0.8938593209356881,-0.9633220491317718,0.8795636921723182,-1.2817950172280093,-1.1550880917591078,-1.1265227007178085,-0.8090550398079427,-0.1511972584572906,-0.10193962257473484,0.18652958731065797,-0.4959172890861918,-0.29863974253397674,1.8164029640724113,-0.07980868844676617,1,1,1,1,1.0,-0.0,False,1,1.0
san_jose,san_jose_3615,1.011742369159587,1.0066297719749018,-1.186550857568136e-15,1.7799012330536599,-0.7527571436797731,-2.0392240474232755,1.6758821337202918,-0.10220971135443631,-1.450224076815735,-1.473295800647677,1.6758821337202918,1.962727682520778,-0.45685158402834963,1.8614163579273268,1.6758821337202918,-0.10292269930791643,-1.4049600481715936,1.9542177307334279,-0.6965415392514444,-0.016192022943764636,-0.29880400466341084,1.0589644447340405,-1.2800161629483493,0.6355324683881327,-1.1280489924379022,0.09674263097792053,-0.1511972584572906,-0.10193962257473484,0.18652958731065797,-0.4959172890861918,-0.29863974253397674,1.8164029640724113,-0.07980868844676617,1,0,0,0,0.6666666666666666,0.5793801642856949,False,0,0.0
san_jose,san_jose_3616,1.011742369159587,1.0066297719749018,-1.186550857568136e-15,1.1307967942471813,-0.5673515378791332,-1.425940239563462,0.9654971048097963,-0.10220971135443631,-1.3681694702451994,0.9857529643427383,0.9654971048097963,0.7388933556910905,0.2948610590592959,0.9597109787078338,0.9654971048097963,-0.10292269930791643,-0.20616015345517036,1.4788249030063483,0.7863402988605684,-1.5703526191978712,-0.9889866229994865,0.08605252288807204,-0.7333688341535213,0.6520928118999747,0.3004608890922178,-0.8090550398079427,-0.1511972584572906,-0.10193962257473484,0.18652958731065797,2.0164652896911486,-0.29863974253397674,-0.5505386303477205,-0.07980868844676617,1,1,1,1,1.0,-0.0,False,1,1.0
san_jose,san_jose_3617,1.011742369159587,1.0066297719749018,-1.186550857568136e-15,1.6408057490784584,-1.0479747495597989,-0.10843404278218907,0.49502152453434656,-0.10220971135443631,-1.3797071516832073,1.1193929174882953,0.49502152453434656,0.9708791905335128,1.3188064257115568,1.5607218861320376,0.49502152453434656,-0.10292269930791643,0.2770892751342827,0.9179284137774044,1.2777177553539378,-0.8930998047417364,-1.0688295673972263,-1.5608709242274117,-1.2822065785014256,-1.2968777281537007,-1.1233780726879852,-0.8090550398079427,-0.1511972584572906,-0.10193962257473484,0.18652958731065797,-0.4959172890861918,3.3485161469630915,-0.5505386303477205,-0.07980868844676617,1,0,0,0,0.6666666666666666,0.5793801642856949,False,0,1.0
san_jose,san_jose_3618,1.011742369159587,1.0066297719749018,-1.186550857568136e-15,1.7638015910820384,-0.5371337076443247,-0.29614308107773096,1.0228621357299155,-0.10220971135443631,-1.404474053060901,0.8450533398750156,1.0228621357299155,1.5548024305580825,0.16412629641432455,1.8357364303919372,1.0228621357299155,-0.10292269930791643,-0.6402055760377722,0.133384611777645,0.8156878322580383,-0.6552955827595,-0.8123284308963122,-0.5558180374279802,-1.2822090460682984,1.0359119680502662,-1.1282141637083072,-0.8090550398079427,-0.1511972584572906,9.809728295461023,-5.361079785881615,-0.4959172890861918,-0.29863974253397674,1.8164029640724113,-0.07980868844676617,1,1,1,1,1.0,-0.0,False,1,1.0
san_jose,san_jose_3619,1.011742369159587,1.0066297719749018,-1.186550857568136e-15,-0.588713301740022,0.13182391508592453,0.8456514260371727,0.16708208575112474,-0.10220971135443631,-1.4229733372138824,1.8640054261674925,0.16708208575112474,-0.7771251118874223,1.3132687195996335,-0.5136561238550483,0.16708208575112474,-0.10292269930791643,1.5982938810446998,-0.8656820845517164,1.5863933438415136,-1.805712845923029,-1.6870839149159107,-1.5721865060925437,-1.282209046068298,-1.343102219757667,-1.1280027323277597,0.09674263097792053,-0.1511972584572906,-0.10193962257473484,0.18652958731065797,-0.4959172890861918,3.3485161469630915,-0.5505386303477205,-0.07980868844676617,0,1,1,1,0.6666666666666666,0.5793801642856949,False,1,1.0
san_jose,san_jose_3620,1.011742369159587,1.0066297719749018,-1.186550857568136e-15,1.1503113316603601,-0.8653858892208117,-0.6494553789906549,1.3665540324068144,-0.10220971135443631,1.1782221987628916,0.04715332255486296,1.3665540324068144,0.9636410336130062,0.39610506507416027,0.8514876822763644,1.3665540324068144,-0.10292269930791643,-0.8775225563519434,1.0641479915261498,0.3658847298067767,-1.2041069640041957,-0.7368641034576767,-0.24051119892869013,-1.273449141613325,0.9803458477823704,-1.068584499357293,-0.8090550398079427,-0.1511972584572906,-0.10193962257473484,0.18652958731065797,-0.4959172890861918,-0.29863974253397674,1.8164029640724113,-0.07980868844676617,1,1,1,1,1.0,-0.0,False,1,1.0
san_jose,san_jose_3622,1.930456863604145,1.9856240541388692,-1.186550857568136e-15,0.837837953209582,-1.2052789218276898,0.7998146846535268,-0.9474775809581347,10.144829715577004,1.12359312334062,1.9743678410529346,-0.9474775809581347,-0.09195547227121591,2.0794405683734967,0.4557844430627598,-0.9474775809581347,9.735602536758268,1.5882777413504505,-0.7472538999428785,1.1189057741922546,-1.666187702816388,-1.8385213093891717,0.3394879550318805,-0.5809531772188034,-1.2683561904040013,0.6424556413161285,-0.8090550398079427,6.613876535879535,-0.10193962257473484,-5.361079785881615,2.0164652896911486,-0.29863974253397674,-0.5505386303477205,-0.07980868844676617,0,0,1,0,0.6666666666666666,0.5793801642856949,False,0,1.0
san_jose,san_jose_3623,-0.9055043080526394,-0.9043555738409986,-1.186550857568136e-15,1.4723705208972933,-0.872742130445749,-1.0865160079965552,1.2913235174413686,-0.10220971135443631,1.1033407787027427,0.03128142110149963,1.2913235174413686,1.1559131273265049,0.1586151994358137,1.3094463102855087,1.2913235174413686,-0.10292269930791643,-0.1408876314035194,0.8742128436964968,-0.09783374121350719,0.14820323310541872,0.1373522969089161,-0.20620476379992422,0.841387120537824,-1.146925798585314,0.9450348810122632,-0.8090550398079427,6.613876535879535,-0.10193962257473484,-5.361079785881615,-0.4959172890861918,-0.29863974253397674,-0.5505386303477205,-0.07980868844676617,1,1,1,1,1.0,-0.0,False,1,1.0
san_jose,san_jose_3624,-0.9055043080526394,-0.9043555738409986,-1.186550857568136e-15,0.15497725210372992,-0.5918660257423927,0.13815411702473937,-0.16553792476136803,-0.10220971135443631,1.092030217272176,0.24651857544752995,-0.16553792476136803,-0.148913174266783,0.9096898627433704,0.09300706476004111,-0.16553792476136803,-0.10292269930791643,0.5958820302447502,0.01839493586419884,0.3714816493432052,-0.09130466065015384,-0.19258265673069228,-0.006680666370194701,0.6573425786330933,0.8080952951920057,0.9987474300096953,-0.8090550398079427,-0.1511972584572906,-0.10193962257473484,0.18652958731065797,-0.4959172890861918,-0.29863974253397674,-0.5505386303477205,-0.07980868844676617,1,1,1,1,1.0,-0.0,False,1,1.0
san_jose,san_jose_3625,1.011742369159587,1.0066297719749018,-1.186550857568136e-15,1.0514564251183234,-0.7097978684905394,-0.854555031079739,0.4781919971564863,-0.10220971135443631,-1.4893396230653866,0.8865091026534817,0.4781919971564863,0.5688872456238714,0.9747459254472248,0.963051408727532,0.4781919971564863,-0.10292269930791643,-0.050940772293514555,0.9671435297505573,0.9090513678126472,-1.2088413854649713,-0.8543648793179337,1.254707428288191,-0.202775227441017,-1.0995942660987121,0.8735832041517338,-0.8090550398079427,-0.1511972584572906,-0.10193962257473484,0.18652958731065797,2.0164652896911486,-0.29863974253397674,-0.5505386303477205,-0.07980868844676617,1,1,1,1,1.0,-0.0,False,1,1.0
san_jose,san_jose_3626,1.011742369159587,1.0066297719749018,-1.186550857568136e-15,0.24982633298573262,0.2258714989879453,-0.852093851566538,1.1696048718610053,-0.10220971135443631,-1.4497277438381029,1.6213003341313148,1.1696048718610053,0.1287168635199604,0.6683125550712478,0.4044140128821896,1.1696048718610053,-0.10292269930791643,0.779249774446158,0.6287702589399703,1.3384512016742212,-1.4846923495300686,-1.3329411469590347,1.1164569214972524,-0.45525241310657755,0.13796470385688137,0.8289958462785505,-0.8090550398079427,-0.1511972584572906,9.809728295461023,-5.361079785881615,2.0164652896911486,-0.29863974253397674,-0.5505386303477205,-0.07980868844676617,1,1,1,1,1.0,-0.0,False,1,1.0
san_jose,san_jose_3627,1.011742369159587,1.0066297719749018,-1.186550857568136e-15,0.3773548655746442,0.178109240064082,-0.20148597032047988,-0.06144447217263386,-0.10220971135443631,-1.4497277438660348,0.38890251258201075,-0.06144447217263386,0.33110230692541953,0.7314901541573751,0.5937943890049443,-0.06144447217263386,-0.10292269930791643,0.48955747393931304,0.045575749608989725,0.5696700019395513,-0.21425665105689812,-0.3982098390273192,1.1787949284773354,-1.0328949660866527,-0.7104154888999925,-0.30981263249369806,-0.8090550398079427,-0.1511972584572906,-0.10193962257473484,0.18652958731065797,-0.4959172890861918,-0.29863974253397674,1.8164029640724113,-0.07980868844676617,1,1,1,1,1.0,-0.0,False,1,1.0
san_jose,san_jose_3629,1.011742369159587,1.0066297719749018,-1.186550857568136e-15,0.906976963520677,0.49496440402268466,-1.0691297731441989,1.2579923943046567,-0.10220971135443631,1.1028416159696,0.8905958636046877,1.2579923943046567,0.9969565200604822,0.25500340559191503,1.3715241443167725,1.2579923943046567,-0.10292269930791643,-0.5957493777571815,1.1651300524383699,1.1403636153519667,-1.331769246391808,-1.6806193118653314,-1.4599589154702954,1.3090324556303061,1.2999467520154697,-1.0199061188101775,-0.8090550398079427,6.613876535879535,-0.10193962257473484,-5.361079785881615,-0.4959172890861918,-0.29863974253397674,-0.5505386303477205,-0.07980868844676617,1,1,1,1,1.0,-0.0,False,1,1.0
san_jose,san_jose_3630,1.011742369159587,1.0066297719749018,-1.186550857568136e-15,-0.31849108415247945,-0.35244213745877834,-0.6187335289084275,1.0274538101138673,-0.10220971135443631,1.1038950697825287,-0.01160880016757803,1.0274538101138673,-0.3425466301411743,1.2865528088150442,-0.43418140233817143,1.0274538101138673,-0.10292269930791643,-0.4967266068391459,0.8899342461276213,-0.177806899475375,0.1705448140162019,0.2591502385226948,-0.08517465212234099,-1.2821929829433332,1.2853987447192334,-1.1167865961511174,-0.8090550398079427,-0.1511972584572906,-0.10193962257473484,0.18652958731065797,-0.4959172890861918,-0.29863974253397674,1.8164029640724113,-0.07980868844676617,1,1,1,1,1.0,-0.0,False,1,1.0
san_jose,san_jose_3631,1.6366186992858989,1.6757914677720755,-1.186550857568136e-15,0.9377816058978667,-0.12025697894057791,-1.2615188692249553,1.1649494778836877,-0.10220971135443631,1.1199567535368389,0.34819441362421755,1.1649494778836877,0.9572718612782212,0.7483948606886832,0.9402895544199362,1.1649494778836877,-0.10292269930791643,-0.43151704407139224,1.2374273172395824,0.541440090991589,-1.0469994077188398,-0.6181930636783354,0.0841329563044711,-1.2822090460682984,1.144148960708745,-1.1282145722653318,-0.8090550398079427,6.613876535879535,-0.10193962257473484,-5.361079785881615,-0.4959172890861918,-0.29863974253397674,1.8164029640724113,-0.07980868844676617,1,0,1,1,0.6666666666666666,0.5793801642856949,False,1,1.0
san_jose,san_jose_3632,1.011742369159587,1.0066297719749018,-1.186550857568136e-15,0.45924664269943594,-0.8148972132468382,-1.433957951380247,1.3523962406140828,-0.10220971135443631,1.075848924295228,-0.2629899360824351,1.3523962406140828,0.1420802839301564,-0.010451054523682102,0.02157904032481035,1.3523962406140828,-0.10292269930791643,-0.8385145732259031,1.5312055276072463,-0.4655051773082769,0.41589037778771776,0.40407858171029226,-0.461024175339662,-0.3742971826140897,0.5827928982699695,0.90228232823759,-0.8090550398079427,-0.1511972584572906,-0.10193962257473484,0.18652958731065797,2.0164652896911486,-0.29863974253397674,-0.5505386303477205,-0.07980868844676617,1,1,1,1,1.0,-0.0,False,1,1.0
san_jose,san_jose_3633,1.011742369159587,1.0066297719749018,-1.186550857568136e-15,0.5981311644150616,0.44997792151013916,-0.051927590827340546,0.8557629332567258,-0.10220971135443631,1.089075597772203,-0.09406787692396015,0.8557629332567258,0.9442392666961803,1.24381316610556,1.0598893312256763,0.8557629332567258,-0.10292269930791643,-0.48532743545218066,1.0234922541770082,1.3208917674385976,-0.9417756295622918,-1.1001713030922353,-0.7580766540872861,0.010096213889777463,0.47337631405462927,-0.03728644135716082,-0.8090550398079427,6.613876535879535,-0.10193962257473484,-5.361079785881615,-0.4959172890861918,-0.29863974253397674,1.8164029640724113,-0.07980868844676617,1,1,1,1,1.0,-0.0,False,1,1.0
san_jose,san_jose_3634,1.011742369159587,1.0066297719749018,-1.186550857568136e-15,1.2458702953634737,-0.8566508927097619,-1.4672822943481025,0.9353977859605729,-0.10220971135443631,1.0861739787343552,-0.08061090045405357,0.9353977859605729,1.0761897060721324,0.5724240925883807,0.8140818685757631,0.9353977859605729,-0.10292269930791643,-0.4677345537695388,1.210528514151127,-0.3299924967086977,-0.08837673565025488,0.2237568297973954,0.4480472757524081,0.2581778380380758,0.4210491071387268,-0.8760107906416486,-0.8090550398079427,6.613876535879535,-0.10193962257473484,-5.361079785881615,-0.4959172890861918,-0.29863974253397674,-0.5505386303477205,-0.07980868844676617,1,1,1,1,1.0,-0.0,False,1,1.0
san_jose,san_jose_3635,1.011742369159587,1.0066297719749018,-1.186550857568136e-15,-0.41710663844161955,-0.679938590880046,0.5006377114611399,-0.27382310343543087,-0.10220971135443631,1.0884947761858446,0.10641187282939801,-0.27382310343543087,-0.5657913213485944,1.7252122962327843,-0.625866756548629,-0.27382310343543087,-0.10292269930791643,0.4553440041146386,-0.33299535159338434,0.11320528767991853,0.08267679167372925,0.08614724911496256,0.963886779376491,-0.47764295729606543,1.0305464682106367,0.7857229437661908,-0.8090550398079427,-0.1511972584572906,-0.10193962257473484,0.18652958731065797,2.0164652896911486,-0.29863974253397674,-0.5505386303477205,-0.07980868844676617,1,1,1,1,1.0,-0.0,False,1,1.0
san_jose,san_jose_3636,1.011742369159587,1.0066297719749018,-1.186550857568136e-15,0.9437990151887641,-0.8542234141692338,-0.8347773169031172,0.50687945483136,-0.10220971135443631,-1.2149739342785961,0.47078275013122894,0.50687945483136,0.479700935338778,1.0737280923572041,0.6116495740046286,0.50687945483136,-0.10292269930791643,0.19872333762391706,1.009379140235992,0.6288225901481335,-0.7600790495859197,-0.5022269100541019,1.150083123863697,-0.42664176568118145,-0.36150179724703885,0.8513248698902142,-0.8090550398079427,-0.1511972584572906,-0.10193962257473484,0.18652958731065797,2.0164652896911486,-0.29863974253397674,-0.5505386303477205,-0.07980868844676617,1,1,1,1,1.0,-0.0,False,1,1.0
san_jose,san_jose_3637,1.011742369159587,1.0066297719749018,-1.186550857568136e-15,1.9152908848318027,-1.164940078449651,-0.663519715260427,1.0275605540193693,-0.10220971135443631,-1.3839934401089438,-0.07863211181876092,1.0275605540193693,1.8033381605430017,0.07248073353113965,1.7591883801487258,1.0275605540193693,-0.10292269930791643,-1.2425703222088873,0.6642689614830152,-0.2843412845218761,0.24924060577889484,0.22870129127487895,0.3024164994676842,-0.41800287306537126,0.912460628641193,0.8826987488911955,-0.8090550398079427,-0.1511972584572906,-0.10193962257473484,0.18652958731065797,2.0164652896911486,-0.29863974253397674,-0.5505386303477205,-0.07980868844676617,1,1,1,1,1.0,-0.0,False,1,1.0
san_jose,san_jose_3638,1.011742369159587,1.0066297719749018,-1.186550857568136e-15,0.28715068807117206,0.34335932787380047,-0.5664917664537992,1.1181007877339786,-0.10220971135443631,-1.2977014353458511,-0.7805724657838317,1.1181007877339786,0.7428088203212593,0.14828673576939258,0.546796337136652,1.1181007877339786,-0.10292269930791643,-0.6092742485488474,0.3672621597609074,-0.8992632548348882,0.9292832928982161,0.9152019177089085,1.0340505003079061,-1.282209046068287,1.0781002277846785,-1.1282142644074244,-0.8090550398079427,6.613876535879535,-0.10193962257473484,-5.361079785881615,-0.4959172890861918,-0.29863974253397674,1.8164029640724113,-0.07980868844676617,1,1,1,1,1.0,-0.0,False,1,1.0
san_jose,san_jose_3641,1.011742369159587,1.0066297719749018,-1.186550857568136e-15,0.005161088164557321,-0.852543552354677,0.09473033163414137,0.22918351731419578,-0.10220971135443631,1.1266079843140229,0.6132962678356182,0.22918351731419578,-0.4303635760588556,1.0218539199028895,-0.2580650156406277,0.22918351731419578,-0.10292269930791643,0.6787009137866397,0.06978476934180323,0.8111936589494432,-0.3987303063328328,-0.549097064597461,-1.2967838756294505,1.253355668143872,1.1925577016464994,0.12292536205999981,-0.8090550398079427,-0.1511972584572906,-0.10193962257473484,0.18652958731065797,-0.4959172890861918,-0.29863974253397674,-0.5505386303477205,-0.07980868844676617,1,1,1,1,1.0,-0.0,False,1,1.0
san_jose,san_jose_3642,1.011742369159587,1.0066297719749018,-1.186550857568136e-15,1.5668440614521715,-0.7476978264015144,-2.061713228655787,2.0985045709308405,-0.10220971135443631,-1.424540768387348,-0.968197569323606,2.0985045709308405,1.8497358215283815,-0.5677696637982478,1.672298829149573,2.0985045709308405,-0.10292269930791643,-2.1539095589434165,1.9707748632096014,-0.8450838269452805,-1.1679561017791285,-1.818491103028552,-0.19127702816043737,-0.6281838599762702,-1.1916443826971923,0.43089636243015433,-0.8090550398079427,-0.1511972584572906,-0.10193962257473484,0.18652958731065797,2.0164652896911486,-0.29863974253397674,-0.5505386303477205,-0.07980868844676617,1,1,1,1,1.0,-0.0,False,1,0.0
san_jose,san_jose_3643,1.011742369159587,1.0066297719749018,-1.186550857568136e-15,1.9564192251163974,-1.5610745201424798,-1.5284700181589028,1.4319327563591286,-0.10220971135443631,1.1092009547991086,-1.3871209698291358,1.4319327563591286,1.9745634032976376,-0.42405760312270313,1.8653018255724936,1.4319327563591286,-0.10292269930791643,-1.47903465295557,1.2907383263735321,-1.538480073639641,1.491653479566717,1.456816740299825,-1.5013728796326515,1.3420301928960483,0.9992655008414429,-0.07232061090215822,-0.8090550398079427,-0.1511972584572906,-0.10193962257473484,0.18652958731065797,-0.4959172890861918,-0.29863974253397674,-0.5505386303477205,-0.07980868844676617,1,1,1,1,1.0,-0.0,False,1,1.0
san_jose,san_jose_3644,1.011742369159587,1.0066297719749018,-1.186550857568136e-15,-0.835415868441911,0.27438868731769883,0.9038370713562172,-1.0435315409620511,-0.10220971135443631,1.1121846827821718,2.1409051915492885,-1.0435315409620511,-0.963692548484607,-1.0757017091036425,-0.8101749342435238,-1.0435315409620511,-0.10292269930791643,1.6833002684750809,-0.9156769174496279,1.6705562595640424,-1.812032940997502,-2.028004120665674,1.217208442383523,-0.4532468987509141,-0.9781837883268335,0.8638031061897664,-0.8090550398079427,-0.1511972584572906,-0.10193962257473484,0.18652958731065797,2.0164652896911486,-0.29863974253397674,-0.5505386303477205,-0.07980868844676617,1,1,1,1,1.0,-0.0,False,1,1.0
san_jose,san_jose_3646,1.011742369159587,1.0066297719749018,-1.186550857568136e-15,0.03632049854538214,0.7037007603017115,-0.6848410022169402,0.9480315665768688,-0.10220971135443631,1.053655173577337,1.3413234638403175,0.9480315665768688,0.1298505175354178,0.6986167288675916,0.388429605737971,0.9480315665768688,-0.10292269930791643,0.39747057428242477,0.7985735134030356,1.3372286764191945,-1.6644686195087943,-1.4505908820211475,-1.299679062690693,1.221531593237771,1.5069471526339038,-0.9843017853885936,-0.8090550398079427,-0.1511972584572906,-0.10193962257473484,0.18652958731065797,-0.4959172890861918,-0.29863974253397674,-0.5505386303477205,-0.07980868844676617,1,1,1,1,1.0,-0.0,False,1,1.0
san_jose,san_jose_3648,-0.9055043080526394,-0.9043555738409986,-1.186550857568136e-15,-0.9649901515356804,0.006900522905385276,0.9395039845828272,-1.0435315409620511,-0.10220971135443631,-1.148863866063896,-0.6743020697479254,-1.0435315409620511,-0.9716734135640213,-1.0757017091036425,-1.013796232463792,-1.0435315409620511,-0.10292269930791643,-0.13973122033373,-0.9463065261374907,-0.8009621416253416,0.8045090707898477,0.8278728071033047,-0.06269543427270534,-1.2822090460682984,-1.083161873278844,-1.1282141185220764,-0.8090550398079427,6.613876535879535,-0.10193962257473484,-5.361079785881615,-0.4959172890861918,-0.29863974253397674,1.8164029640724113,-0.07980868844676617,1,1,1,1,1.0,-0.0,False,1,1.0
san_jose,san_jose_3652,1.011742369159587,1.0066297719749018,-1.186550857568136e-15,-0.97739384210925,-0.7858543568198861,0.9085013253833641,-1.0435315409620511,-0.10220971135443631,-0.9127211821646977,0.054754943717902835,-1.0435315409620511,-1.0702477048211012,-1.0757017091036425,-1.0426012964928941,-1.0435315409620511,-0.10292269930791643,0.4790394663323971,-0.9196831234314874,-0.08397953066350516,-0.0606717007607754,0.1902298187335426,1.3342638020752051,-0.42196484057026185,-1.1790454868152784,0.780485905755746,-0.8090550398079427,-0.1511972584572906,-0.10193962257473484,0.18652958731065797,2.0164652896911486,-0.29863974253397674,-0.5505386303477205,-0.07980868844676617,1,0,0,0,0.6666666666666666,0.5793801642856949,False,0,0.0
san_jose,san_jose_3654,1.011742369159587,1.0066297719749018,-1.186550857568136e-15,1.9579637225684006,-2.215976025334068,-1.1502667563280193,1.083820455631535,-0.10220971135443631,1.1326600422765694,0.3506887063816221,1.083820455631535,1.3544110612396312,0.768340482246865,1.513997780742073,1.083820455631535,-0.10292269930791643,-0.2223283713732272,1.3603995154140975,0.7585942924564281,-0.9229724402299,-0.8214591667514806,-0.7226893675039001,0.9714866661426447,-0.3733052898593837,1.328902718120556,-0.8090550398079427,-0.1511972584572906,-0.10193962257473484,0.18652958731065797,-0.4959172890861918,-0.29863974253397674,-0.5505386303477205,-0.07980868844676617,1,0,0,0,0.6666666666666666,0.5793801642856949,False,0,1.0
san_jose,san_jose_3655,1.011742369159587,1.0066297719749018,-1.186550857568136e-15,1.389128308918819,0.15392601994709085,-1.8599444563908918,1.487037758093034,-0.10220971135443631,1.0375920317176675,0.7198373038020404,1.487037758093034,1.3021052965661186,-0.07423358983344862,1.6950903486225337,1.487037758093034,-0.10292269930791643,-0.3504858460935374,1.640968267965551,0.3022760521690879,-0.8164422767411991,-0.7433222271580547,-0.4991640995298129,0.9655094632789584,0.5696517219874123,0.4778246024940042,-0.8090550398079427,-0.1511972584572906,-0.10193962257473484,0.18652958731065797,-0.4959172890861918,-0.29863974253397674,-0.5505386303477205,-0.07980868844676617,1,1,1,1,1.0,-0.0,False,1,1.0
san_jose,san_jose_3656,1.011742369159587,1.0066297719749018,-1.186550857568136e-15,-0.21999503333405226,-1.0355864450523264,0.9395039845828272,-1.0435315409620511,-0.10220971135443631,1.0561038801155573,-1.9662627175292264,-1.0435315409620511,0.19227746690858394,-1.0757017091036425,-0.3156914769284496,-1.0435315409620511,-0.10292269930791643,-1.6667075850765072,-0.9463065261374853,-1.9058351140633314,2.0156779225921198,2.0220904741243437,1.4443627942989663,-1.2822090460682984,1.1292532052640685,-1.1282147966963199,-0.8090550398079427,-0.1511972584572906,-0.10193962257473484,0.18652958731065797,-0.4959172890861918,-0.29863974253397674,1.8164029640724113,-0.07980868844676617,1,1,1,1,1.0,-0.0,False,1,1.0
san_jose,san_jose_3657,-0.9055043080526394,-0.9043555738409986,-1.186550857568136e-15,1.7213416365849517,-0.22979923676212338,-1.694830629997647,1.1641037365658522,-0.10220971135443631,1.050333306792952,-0.741577702183242,1.1641037365658522,1.8531780606549144,-0.39841862197505423,1.8246455294573338,1.1641037365658522,-0.10292269930791643,-1.114322952792582,1.5580275907801773,-0.7586212811643901,0.8611234950060088,0.592507604716052,-1.580640612241589,-1.2822090460682984,-1.365902922661691,-1.1282152351598684,-0.8090550398079427,6.613876535879535,-0.10193962257473484,-5.361079785881615,-0.4959172890861918,3.3485161469630915,-0.5505386303477205,-0.07980868844676617,1,1,1,1,1.0,-0.0,False,1,1.0
san_jose,san_jose_3658,-0.9055043080526394,-0.9043555738409986,-1.186550857568136e-15,-0.6788653043143545,0.8573639292732405,0.9395039845828272,-1.0435315409620511,-0.10220971135443631,1.0737821720378182,-1.0391549514632679,-1.0435315409620511,-0.2984084503894511,-1.0757017091036425,-0.4582088895589815,-1.0435315409620511,-0.10292269930791643,-0.7228159640591036,-0.9463065261374907,-1.2871539318421297,1.0920701083648463,1.2758699839110532,0.9792521697206176,-1.261434558272106,1.507009954579839,-1.1255030709203255,-0.8090550398079427,6.613876535879535,-0.10193962257473484,-5.361079785881615,-0.4959172890861918,-0.29863974253397674,1.8164029640724113,-0.07980868844676617,1,2,1,1,0.6666666666666666,0.5793801642856949,False,1,
san_jose,san_jose_3660,-0.9055043080526394,-0.9043555738409986,-1.186550857568136e-15,1.346329822526434,-1.370494120723202,-1.3204222815904503,0.37187383315182027,-0.10220971135443631,1.1739496597220322,-0.9928937143867703,0.37187383315182027,1.1479294885597318,0.15136533752416506,0.8789902046913832,0.37187383315182027,-0.10292269930791643,-1.6983134391795331,1.4897523086806224,-1.235993901296209,1.1338780647946798,0.9844378980444378,0.5245663237430516,0.5688986145350886,0.4283328668208245,-0.3642632711510152,-0.8090550398079427,-0.1511972584572906,-0.10193962257473484,0.18652958731065797,-0.4959172890861918,-0.29863974253397674,-0.5505386303477205,-0.07980868844676617,1,1,1,1,1.0,-0.0,False,1,1.0
san_jose,san_jose_3661,1.011742369159587,1.0066297719749018,-1.186550857568136e-15,0.8606937961575332,0.012248371228652476,-0.08058698535343403,0.30664250324368386,-0.10220971135443631,1.0383695252027094,0.7058094894616983,0.30664250324368386,0.6586547002555855,0.32666509796440796,1.26409622975051,0.30664250324368386,-0.10292269930791643,0.4728442785251845,0.4269324946715772,1.013936152118357,-0.5171619224244073,-0.7258064188600047,-1.1278084519973308,1.1976019352778902,0.2031029834689651,-0.3871168433587917,-0.8090550398079427,-0.1511972584572906,-0.10193962257473484,0.18652958731065797,-0.4959172890861918,-0.29863974253397674,-0.5505386303477205,-0.07980868844676617,1,1,1,1,1.0,-0.0,False,1,1.0
san_jose,san_jose_3665,-0.9055043080526394,-0.9043555738409986,-1.186550857568136e-15,-0.6706724528544771,0.23151955836648586,-0.33651386992042265,-0.2642375395050759,-0.10220971135443631,-1.2860810008370573,-0.17013613843340408,-0.2642375395050759,-0.5833798645967613,0.9394558757492258,-0.6636110186710346,-0.2642375395050759,-0.10292269930791643,0.661780697549009,0.1624524930231704,-0.04015449836352522,0.18212593616382416,0.21468226148364228,-0.481971817506659,-1.276373155214971,0.6876342661002649,-0.880860906818459,-0.8090550398079427,-0.1511972584572906,-0.10193962257473484,0.18652958731065797,-0.4959172890861918,-0.29863974253397674,1.8164029640724113,-0.07980868844676617,2,2,2,2,1.0,-0.0,False,2,
san_jose,san_jose_3668,1.011742369159587,1.0066297719749018,-1.186550857568136e-15,-1.0000857202280868,2.254786694926865,0.9395039845828272,-1.0435315409620511,-0.10220971135443631,1.0678117031945824,1.7106111199062588,-1.0435315409620511,-0.9469917038675966,-1.0757017091036425,-0.8093304960290725,-1.0435315409620511,-0.10292269930791643,1.7206301687710297,-0.9463065261374907,1.6164171137962469,-1.4430057033311532,-1.6968840607264557,0.533051683607278,-1.276373155214971,-0.9794657724074962,-0.880860906818459,-0.8090550398079427,-0.1511972584572906,-0.10193962257473484,0.18652958731065797,-0.4959172890861918,-0.29863974253397674,1.8164029640724113,-0.07980868844676617,1,1,1,1,1.0,-0.0,False,1,1.0
san_jose,san_jose_4232,1.011742369159587,1.0066297719749018,-1.186550857568136e-15,-1.040917635386296,0.33588510320053167,0.7312193651971743,-0.8329662716871655,-0.10220971135443631,-1.152822747423479,-0.9657266921650337,-0.8329662716871655,-1.041542446818464,2.0189879284042775,-1.082707692787768,-0.8329662716871655,-0.10292269930791643,-0.3470744163478894,-0.621287622934159,-0.9747362290679603,1.0931753321021447,0.9882655954614766,-1.580640612241589,-1.2822090460682984,-1.365902922661691,-1.1282152351598684,-0.8090550398079427,-0.1511972584572906,-0.10193962257473484,0.18652958731065797,-0.4959172890861918,3.3485161469630915,-0.5505386303477205,-0.07980868844676617,1,1,2,1,0.6666666666666666,0.5793801642856949,False,2,1.0
san_jose,san_jose_3674,1.011742369159587,1.0066297719749018,-1.186550857568136e-15,1.8526093617178665,-0.9288758952449124,-0.9667871200332296,0.79305372520793,-0.10220971135443631,0.9908872127446976,-0.9431430447761656,0.79305372520793,1.8644334300540666,-0.31948454661307846,1.783028265640338,0.79305372520793,-0.10292269930791643,-0.8034643405455506,0.7566995281106147,-0.7986348323203553,1.085712647527089,0.7625188126970068,-1.580640612241589,-1.2822090460682984,-1.365902922661691,-1.1282152351598684,-0.8090550398079427,-0.1511972584572906,-0.10193962257473484,0.18652958731065797,-0.4959172890861918,3.3485161469630915,-0.5505386303477205,-0.07980868844676617,1,2,2,2,0.6666666666666666,0.5793801642856949,False,2,2.0
san_jose,san_jose_3675,-0.9055043080526394,-0.9043555738409986,-1.186550857568136e-15,-1.084327945795991,-0.23395375903869411,0.9395039845828272,-1.0435315409620511,-0.10220971135443631,1.038406695427617,-1.614405967630677,-1.0435315409620511,-1.109137908975351,-1.0757017091036425,-1.1303813824649214,-1.0435315409620511,-0.10292269930791643,-1.1736598013227004,-0.9463065261374907,-1.6179799562671913,1.7124429452219816,1.6520283696785403,-1.5020634139649274,-1.2822090460682984,-1.0237597130586356,-1.128184749639666,-0.8090550398079427,6.613876535879535,-0.10193962257473484,-5.361079785881615,-0.4959172890861918,3.3485161469630915,-0.5505386303477205,-0.07980868844676617,2,1,2,2,0.6666666666666666,0.5793801642856949,False,2,1.0
san_jose,san_jose_3677,1.011742369159587,1.0066297719749018,-1.186550857568136e-15,-0.2220181750131154,-0.08497287307965873,-0.17255743327391357,0.5226428461408066,-0.10220971135443631,-1.561831558005934,-0.40497623229426627,0.5226428461408066,-0.2004717665858701,0.6037875685611014,-0.17677082887644474,0.5226428461408066,-0.10292269930791643,-0.23096877974708127,0.34889856155064625,-0.34648424592817356,0.5662177549663293,0.4369333956289609,1.4849572218775071,-1.2821321569800377,-1.0558543304327792,-1.101248754357677,-0.8090550398079427,-0.1511972584572906,-0.10193962257473484,0.18652958731065797,-0.4959172890861918,-0.29863974253397674,1.8164029640724113,-0.07980868844676617,1,1,1,1,1.0,-0.0,False,1,1.0
san_jose,san_jose_3678,1.011742369159587,1.0066297719749018,-1.186550857568136e-15,-0.9057277077130186,0.2911390273666014,0.6803090514824728,0.24008445084422453,-0.10220971135443631,-1.640630053924938,-0.6709047695861041,0.24008445084422453,-0.8679222476366728,1.5963403275847725,-0.8747729907264792,0.24008445084422453,-0.10292269930791643,-0.22817117423076133,-0.6752786541592773,-0.8535914621053992,0.7736066681903685,0.8699533855048375,-1.580640612241589,-1.2822090460682984,-1.365902922661691,-1.1282152351598684,-0.8090550398079427,-0.1511972584572906,-0.10193962257473484,0.18652958731065797,-0.4959172890861918,3.3485161469630915,-0.5505386303477205,-0.07980868844676617,1,1,1,1,1.0,-0.0,False,1,1.0
san_jose,san_jose_3680,1.011742369159587,1.0066297719749018,-1.186550857568136e-15,0.015256898838622383,1.1327826548412034,-0.23646887277691225,0.6351790204087077,-0.10220971135443631,1.02776077429229,-0.6783154510708976,0.6351790204087077,0.6396685036648302,-0.23127781381529494,0.5683259451947374,0.6351790204087077,-0.10292269930791643,-0.775522403547116,0.07405697561844406,-0.10595999433104367,0.21442091089146995,-0.169290145870849,0.6070738375727947,-0.16861797676004792,-0.24402563561707707,0.42733783116622676,-0.8090550398079427,-0.1511972584572906,-0.10193962257473484,0.18652958731065797,2.0164652896911486,-0.29863974253397674,-0.5505386303477205,-0.07980868844676617,1,1,1,1,1.0,-0.0,False,1,1.0
san_jose,san_jose_3681,-0.9055043080526394,-0.9043555738409986,-1.186550857568136e-15,1.3046620830771294,0.059652908565072216,-0.5446342407574458,0.8867862927586087,-0.10220971135443631,-1.8278476498349678,0.06888822573707216,0.8867862927586087,1.3244631493878485,0.5766912876545783,1.4809605632222815,0.8867862927586087,-0.10292269930791643,-0.45592065501049434,1.050152848601911,0.035712933646711534,0.04622248223903602,0.02583222890768945,0.2922268582226466,-1.2822041495866565,0.5052498886890585,-1.1215876974807195,-0.8090550398079427,-0.1511972584572906,-0.10193962257473484,0.18652958731065797,-0.4959172890861918,-0.29863974253397674,1.8164029640724113,-0.07980868844676617,1,1,1,1,1.0,-0.0,False,1,1.0
san_jose,san_jose_3682,-0.9055043080526394,-0.9043555738409986,-1.186550857568136e-15,-0.16322812967576628,-0.7002228779975497,-1.4636167211805773,0.5205054678058699,-0.10220971135443631,-1.5453393538108664,-1.4320402259555975,0.5205054678058699,0.16399083916131624,0.7859583789629904,-0.5852869418827025,0.5205054678058699,-0.10292269930791643,-1.1955307625646965,1.2173510370045981,-1.5299432626641096,1.373033633428607,1.5018787210261493,-1.580640612241589,-1.2822090460682984,-1.365902922661691,-1.1282152351598684,-0.8090550398079427,-0.1511972584572906,-0.10193962257473484,0.18652958731065797,-0.4959172890861918,3.3485161469630915,-0.5505386303477205,-0.07980868844676617,2,1,1,1,0.6666666666666666,0.5793801642856949,False,1,1.0
san_jose,san_jose_3683,1.011742369159587,1.0066297719749018,-1.186550857568136e-15,0.9213872422358949,-0.8127843512211561,-0.24230100078694108,0.34521640486065625,-0.10220971135443631,-1.5133537514485438,-1.34484338395051,0.34521640486065625,1.1649737140222023,0.28942963985431663,0.8048267053571667,0.34521640486065625,-0.10292269930791643,-1.0838230292129234,0.07919980060421153,-1.3731473710446311,1.454287988278128,1.375409078151455,1.3604356135571667,-1.2822090460682984,-0.660273087318981,-1.1282148500529148,-0.8090550398079427,6.613876535879535,-0.10193962257473484,-5.361079785881615,-0.4959172890861918,-0.29863974253397674,1.8164029640724113,-0.07980868844676617,1,1,1,1,1.0,-0.0,False,1,1.0
san_jose,san_jose_3684,-0.9055043080526394,-0.9043555738409986,-1.186550857568136e-15,-0.8644460557950725,1.035686588109712,0.7572840886285409,-0.5385297515579361,-0.10220971135443631,-1.337071426504282,0.29522459628354947,-0.5385297515579361,-0.7663848647329112,1.7419048857297215,-0.7629309040126431,-0.5385297515579361,-0.10292269930791643,0.3553273834348255,-0.7896857536630634,0.05320000348724275,-0.779455507961401,-0.10685129787497731,0.5466565448996858,-1.2822090460682984,1.6318109726891044,-1.1282144721109744,-0.8090550398079427,6.613876535879535,-0.10193962257473484,-5.361079785881615,-0.4959172890861918,-0.29863974253397674,1.8164029640724113,-0.07980868844676617,2,1,1,1,0.6666666666666666,0.5793801642856949,False,1,1.0
san_jose,san_jose_3685,1.011742369159587,1.0066297719749018,-1.186550857568136e-15,-1.1159032178980626,1.051503119571087,0.9395039845828272,-1.0435315409620511,-0.10220971135443631,-0.0012891126006537715,0.04699486039129544,-1.0435315409620511,-1.1682722278161963,-1.0757017091036425,-1.1475478845818403,-1.0435315409620511,-0.10292269930791643,0.6764541378512043,-0.9463065261374907,0.11894554161108152,0.14629898172607864,0.048857469936761204,-1.580640612241589,-1.2822090460682984,-1.365902922661691,-1.1282152351598684,-0.8090550398079427,6.613876535879535,-0.10193962257473484,-5.361079785881615,-0.4959172890861918,3.3485161469630915,-0.5505386303477205,-0.07980868844676617,1,1,2,1,0.6666666666666666,0.5793801642856949,False,2,2.0
san_jose,san_jose_3686,1.011742369159587,1.0066297719749018,-1.186550857568136e-15,0.7780110728609345,-0.30383590337693805,-0.4686116227045865,0.9663574409160401,-0.10220971135443631,0.1745041232955195,-0.4336502671811316,0.9663574409160401,0.8029375209624185,0.35289977189341004,0.7173651648127851,0.9663574409160401,-0.10292269930791643,-0.16630446454051398,0.2797924393474334,-0.42217744841016414,0.5951551028201181,0.5353379269429525,-1.580640612241589,-1.2822090460682984,-1.365902922661691,-1.1282152351598684,-0.8090550398079427,6.613876535879535,-0.10193962257473484,-5.361079785881615,-0.4959172890861918,3.3485161469630915,-0.5505386303477205,-0.07980868844676617,1,0,0,0,0.6666666666666666,0.5793801642856949,False,0,0.0
san_jose,san_jose_3687,1.011742369159587,1.0066297719749018,-1.186550857568136e-15,1.15539970156559,-0.3541698434031334,-0.42656003417925165,0.3013632169064247,-0.10220971135443631,0.23492020021031665,-0.5891935663776876,0.3013632169064247,1.2455824871597436,0.3095442353230248,1.2053349267052689,0.3013632169064247,-0.10292269930791643,-0.49247993911941934,0.24235565558342795,-0.6327105441416411,0.6936210176417057,0.6380980631596384,-1.580640612241589,-1.2822090460682984,-1.365902922661691,-1.1282152351598684,0.09674263097792053,6.613876535879535,-0.10193962257473484,-5.361079785881615,-0.4959172890861918,3.3485161469630915,-0.5505386303477205,-0.07980868844676617,1,1,1,1,1.0,-0.0,False,1,1.0
san_jose,san_jose_3688,-0.9055043080526394,-0.9043555738409986,-1.186550857568136e-15,-1.0351741958363339,0.7047136021025858,0.9395039845828272,-1.0435315409620511,-0.10220971135443631,0.009609440108930231,-0.4211534763956973,-1.0435315409620511,-1.0125851955912302,-1.0757017091036425,-1.0366901844011243,-1.0435315409620511,-0.10292269930791643,0.184057082221711,-0.9463065261374907,-0.4666014379685901,0.5698129947598787,0.5383512339227124,-1.580640612241589,-1.2822090460682984,-1.365902922661691,-1.1282152351598684,0.09674263097792053,-0.1511972584572906,-0.10193962257473484,0.18652958731065797,-0.4959172890861918,3.3485161469630915,-0.5505386303477205,-0.07980868844676617,2,1,1,1,0.6666666666666666,0.5793801642856949,False,1,1.0
san_jose,san_jose_3692,1.011742369159587,1.0066297719749018,-1.186550857568136e-15,-0.24097993687294259,-1.193631723711748,0.9395039845828272,-1.0435315409620511,-0.10220971135443631,-0.9145466764669492,-0.3967076887000606,-1.0435315409620511,-0.5106130385916072,-1.0757017091036425,-0.6652217538469368,-1.0435315409620511,-0.10292269930791643,0.02425696880736771,-0.9463065261374907,-0.6222237640068322,0.4031735026231732,0.6483858913706122,0.9162997555430191,-1.2822090460682984,0.4536340731376669,-1.1282149121050031,-0.8090550398079427,-0.1511972584572906,9.809728295461023,-5.361079785881615,-0.4959172890861918,-0.29863974253397674,1.8164029640724113,-0.07980868844676617,1,0,1,1,0.6666666666666666,0.5793801642856949,False,1,1.0
san_jose,san_jose_3693,-0.9055043080526394,-0.9043555738409986,-1.186550857568136e-15,-0.8546344384851816,-0.08817064419009733,0.9395039845828272,-1.0435315409620511,-0.10220971135443631,-1.3275433775290844,1.9460156408644875,-1.0435315409620511,-0.9977683468127223,-1.0757017091036425,-0.8798063264476754,-1.0435315409620511,-0.10292269930791643,1.6716072570559584,-0.9463065261374989,1.636342213989551,-1.7004127243234595,-1.7903481784576614,-1.580640612241589,-1.2822090460682984,-1.365902922661691,-1.1282152351598684,-0.8090550398079427,-0.1511972584572906,9.809728295461023,-5.361079785881615,-0.4959172890861918,3.3485161469630915,-0.5505386303477205,-0.07980868844676617,1,1,1,1,1.0,-0.0,False,1,1.0
san_jose,san_jose_3696,-0.9055043080526394,-0.9043555738409986,-1.186550857568136e-15,1.8489466408067439,-1.223107403587066,-1.800043401021585,1.5995954683332438,-0.10220971135443631,-0.8836785984551545,1.8313738436099307,1.5995954683332438,1.4897257847178995,-0.05231642428579379,1.7041117894831512,1.5995954683332438,-0.10292269930791643,-0.41116109577478555,1.6178580389456987,0.045242663998933515,-0.6146657607186253,-0.4059350813700294,-0.8909402517490977,1.0501514438170778,1.0128646649117854,-0.44522851060449586,-0.8090550398079427,-0.1511972584572906,-0.10193962257473484,0.18652958731065797,-0.4959172890861918,-0.29863974253397674,-0.5505386303477205,-0.07980868844676617,1,1,1,1,1.0,-0.0,False,1,1.0
san_jose,san_jose_3697,2.0962865639954704,2.1539736796126983,-1.186550857568136e-15,-0.8678955248218858,-0.21891913606521787,0.9308306176750021,-1.0435315409620511,-0.10220971135443631,-1.2451655737547518,1.2506146379471512,-1.0435315409620511,-0.9965303998510572,-1.0757017091036425,-0.8580600152743657,-1.0435315409620511,-0.10292269930791643,1.4322052484495715,-0.9388592272873083,1.274453940625177,-1.0872384039906786,-1.0810529900611252,0.8945024141468213,-0.43965181237560397,0.8119031607673295,0.8078694950515648,-0.8090550398079427,-0.1511972584572906,-0.10193962257473484,0.18652958731065797,2.0164652896911486,-0.29863974253397674,-0.5505386303477205,-0.07980868844676617,0,0,0,0,1.0,-0.0,False,0,0.0
san_jose,san_jose_3699,1.011742369159587,1.0066297719749018,-1.186550857568136e-15,2.0184530342822153,-2.1513016121456165,-1.7534176718208652,1.6275567587673,-0.10220971135443631,-1.1986688550545554,-1.5027000618067183,1.6275567587673,2.0036289756937413,-0.5477144693269489,1.9110986315910787,1.6275567587673,-0.10292269930791643,-1.7012378677610374,1.5703146406226494,-1.7024480790520418,1.6057741856770462,1.6247390620863689,-1.580640612241589,-1.2822090460682984,-1.365902922661691,-1.1282152351598684,-0.8090550398079427,6.613876535879535,-0.10193962257473484,-5.361079785881615,-0.4959172890861918,3.3485161469630915,-0.5505386303477205,-0.07980868844676617,1,1,1,1,1.0,-0.0,False,1,1.0
san_jose,san_jose_3700,-0.9055043080526394,-0.9043555738409986,-1.186550857568136e-15,-0.5683492499381687,0.36495801336005884,-0.5040175846323949,0.8646631229223902,-0.10220971135443631,-1.1434575638983255,-0.13354798619381694,0.8646631229223902,-0.5000618128125115,1.4048850464865332,-0.5930945362053429,0.8646631229223902,-0.10292269930791643,-0.14008704893941734,0.618251989824435,-0.21065845876094833,0.3090696313061958,0.3601863805023309,0.9071478934032193,-1.282190214814527,1.2626597599245684,-1.111172858390963,-0.8090550398079427,-0.1511972584572906,-0.10193962257473484,0.18652958731065797,-0.4959172890861918,-0.29863974253397674,1.8164029640724113,-0.07980868844676617,2,2,2,2,1.0,-0.0,False,2,2.0
san_jose,san_jose_3701,1.011742369159587,1.0066297719749018,-1.186550857568136e-15,-1.0178054007591653,-0.39815184175990453,0.9395039845828272,-1.0435315409620511,-0.10220971135443631,1.055526811600856,0.5242255194269614,-1.0435315409620511,-1.0856377370704076,-1.0757017091036425,-1.0642877110470528,-1.0435315409620511,-0.10292269930791643,1.038602403499665,-0.9463065261374907,0.6269970179549499,-0.31058065235397464,-0.3915686200733033,-1.580640612241589,-1.2822090460682984,-1.365902922661691,-1.1282152351598684,-0.8090550398079427,-0.1511972584572906,-0.10193962257473484,0.18652958731065797,-0.4959172890861918,3.3485161469630915,-0.5505386303477205,-0.07980868844676617,1,1,1,1,1.0,-0.0,False,1,0.0
san_jose,san_jose_3703,-0.9055043080526394,-0.9043555738409986,-1.186550857568136e-15,-1.0065287720622638,0.6474378181904832,0.9395039845828272,-1.0435315409620511,-0.10220971135443631,1.2086933480997786,-0.24167727806595093,-1.0435315409620511,-0.9783346878201463,-1.0757017091036425,-1.0018096000439072,-1.0435315409620511,-0.10292269930791643,0.39226374875115017,-0.946306526137486,-0.23431251120524688,0.41084800918991904,0.34323125243249414,1.1571524708549101,-1.2096219039588776,-0.2841859368543094,-0.8497413079514292,-0.8090550398079427,-0.1511972584572906,-0.10193962257473484,0.18652958731065797,-0.4959172890861918,-0.29863974253397674,1.8164029640724113,-0.07980868844676617,2,1,1,1,0.6666666666666666,0.5793801642856949,False,1,1.0
san_jose,san_jose_3704,-0.9055043080526394,-0.9043555738409986,-1.186550857568136e-15,-1.0425807943541068,0.1499523340171722,0.9116437680436055,-1.0435315409620511,-0.10220971135443631,-1.8418044607725554,-0.014849220155276632,-1.0435315409620511,-1.0818823777436095,-1.0757017091036425,-1.0765566834554658,-1.0435315409620511,-0.10292269930791643,0.611012994040836,-0.9223821011853351,0.04337976781743818,0.19461351400043236,0.11190524356259965,-1.580640612241589,-1.2822090460682984,-1.365902922661691,-1.1282152351598684,-0.8090550398079427,-0.1511972584572906,-0.10193962257473484,0.18652958731065797,-0.4959172890861918,3.3485161469630915,-0.5505386303477205,-0.07980868844676617,2,2,2,2,1.0,-0.0,False,2,1.0
san_jose,san_jose_3707,-0.9055043080526394,-0.9043555738409986,-1.186550857568136e-15,-1.0358918909282995,0.5002245882044299,0.9395039845828272,-1.0435315409620511,-0.10220971135443631,1.1499820033920976,-0.471273444107375,-1.0435315409620511,-1.0487615746839,-1.0757017091036425,-1.0637204391320445,-1.0435315409620511,-0.10292269930791643,0.08293275450580853,-0.9463065261374988,-0.5775130652401504,0.6036965946299738,0.6323469214200484,1.3645323198899189,-1.272191353362337,-1.016467507091933,-1.127745691102116,-0.8090550398079427,6.613876535879535,-0.10193962257473484,-5.361079785881615,-0.4959172890861918,-0.29863974253397674,1.8164029640724113,-0.07980868844676617,1,1,1,1,1.0,-0.0,False,1,0.0
san_jose,san_jose_3708,-0.9055043080526394,-0.9043555738409986,-1.186550857568136e-15,-1.0726669361335386,0.5647197653918951,0.63843298246448,-0.8616037006847906,-0.10220971135443631,-1.6435272855202936,-0.44432042768383145,-0.8616037006847906,-1.1006543964268038,1.8141952748083037,-1.102609962967275,-0.8616037006847906,-0.10292269930791643,0.19794848531688505,-0.6873286980909413,-0.45465260479750846,0.5940509775607863,0.5297633025690243,-0.01591879596599513,-1.1864819144885028,-0.7575108866148715,-0.8035411691368208,-0.8090550398079427,-0.1511972584572906,-0.10193962257473484,0.18652958731065797,-0.4959172890861918,-0.29863974253397674,1.8164029640724113,-0.07980868844676617,2,2,1,2,0.6666666666666666,0.5793801642856949,False,2,1.0
san_jose,san_jose_3709,1.011742369159587,1.0066297719749018,-1.186550857568136e-15,-0.7446829086466537,1.6107599081911856,0.9395039845828272,-1.0435315409620511,-0.10220971135443631,1.196190060081812,1.2040850215253027,-1.0435315409620511,-0.617273077310529,-1.0757017091036425,-0.4449740478528206,-1.0435315409620511,-0.10292269930791643,1.674401377196613,-0.9463065261374907,1.3729143606361243,-0.9663803561128363,-1.1629801601209544,-1.580640612241589,-1.2822090460682984,-1.365902922661691,-1.1282152351598684,0.09674263097792053,-0.1511972584572906,-0.10193962257473484,0.18652958731065797,-0.4959172890861918,3.3485161469630915,-0.5505386303477205,-0.07980868844676617,1,1,1,1,1.0,-0.0,False,1,1.0
san_jose,san_jose_3711,1.011742369159587,1.0066297719749018,-1.186550857568136e-15,-0.5065160940051799,0.5828342702227648,0.31534704091302934,0.41957472597894724,-0.10220971135443631,1.1884705697369398,-0.1291001678032804,0.41957472597894724,-0.3691991364827609,1.6501898472375762,-0.3822535786900882,0.41957472597894724,-0.10292269930791643,0.33085147356175687,-0.4080509868049651,-0.11611959711435012,0.29655002621974985,0.2750591085594349,-1.4639682830694862,1.3255143511582692,1.6932297193006118,0.6250935922786053,-0.8090550398079427,-0.1511972584572906,9.809728295461023,-5.361079785881615,-0.4959172890861918,-0.29863974253397674,-0.5505386303477205,-0.07980868844676617,1,1,1,1,1.0,-0.0,False,1,1.0
san_jose,san_jose_3712,-0.9055043080526394,-0.9043555738409986,-1.186550857568136e-15,-0.3700802388370135,0.5526429179689277,0.24048812934429833,-0.11959432401331127,-0.10220971135443631,1.1884705697424758,-0.05123075403637408,-0.11959432401331127,-0.23053863773302263,1.0667066211891905,-0.10449362110040511,-0.11959432401331127,-0.10292269930791643,0.3203494311640344,-0.2948132255931339,0.019681580968485785,0.222384163987935,0.1364106725898308,-0.9769883104201831,1.1657263196840533,-0.4132425494005968,-0.8048801026932675,-0.8090550398079427,-0.1511972584572906,-0.10193962257473484,0.18652958731065797,-0.4959172890861918,-0.29863974253397674,-0.5505386303477205,-0.07980868844676617,1,1,1,1,1.0,-0.0,False,1,1.0
san_jose,san_jose_3713,-0.9055043080526394,-0.9043555738409986,-1.186550857568136e-15,0.6225788793208995,0.5010464508759915,-0.8086681122620589,0.6635697488410662,-0.10220971135443631,1.1868749671720398,-0.22434748552196834,0.6635697488410662,0.9358659696672909,0.32025513112284704,1.1130643640251905,0.6635697488410662,-0.10292269930791643,-0.23658709726241736,0.586041907493659,-0.1934405059967644,0.3540175930975347,0.24476848373418553,-0.9653121909440032,1.1840186807462119,0.9103931209908827,-0.3912842010998975,-0.8090550398079427,-0.1511972584572906,-0.10193962257473484,0.18652958731065797,-0.4959172890861918,-0.29863974253397674,-0.5505386303477205,-0.07980868844676617,1,1,1,1,1.0,-0.0,False,1,1.0
san_jose,san_jose_3714,-0.9055043080526394,-0.9043555738409986,-1.186550857568136e-15,-1.0826023173815562,0.6444838379931329,0.8823605624214995,-1.009493503506506,-0.10220971135443631,1.155914581032538,-0.2740216741367552,-1.009493503506506,-1.1162952950665797,1.7147631530908336,-1.110943875794302,-1.009493503506506,-0.10292269930791643,0.32059731131080665,-0.8972276298730525,-0.32483264346347157,0.4435602795475025,0.4197498918846498,-0.29106070300564163,1.0142429538049946,0.534924045650316,1.335775476138678,-0.8090550398079427,6.613876535879535,-0.10193962257473484,-5.361079785881615,-0.4959172890861918,-0.29863974253397674,-0.5505386303477205,-0.07980868844676617,1,1,1,1,1.0,-0.0,False,1,1.0
san_jose,san_jose_3715,-0.9055043080526394,-0.9043555738409986,-1.186550857568136e-15,-0.5034892460565842,0.5486807284027467,-0.15255976336685892,0.15914076323646414,-0.10220971135443631,1.1456231667361543,-0.5775795951745879,0.15914076323646414,-0.29785899203862864,0.6006536877877062,-0.3231393529651644,0.15914076323646414,-0.10292269930791643,-0.3551715200566962,0.3273686118740941,-0.5381614264606094,0.7145222467937098,0.6102093931047888,1.415513868681592,-0.6602456353836262,0.2551449711235757,0.38620795315341433,-0.8090550398079427,-0.1511972584572906,-0.10193962257473484,0.18652958731065797,2.0164652896911486,-0.29863974253397674,-0.5505386303477205,-0.07980868844676617,1,1,1,1,1.0,-0.0,False,1,1.0
san_jose,san_jose_3716,-0.9055043080526394,-0.9043555738409986,-1.186550857568136e-15,-1.0097373471283069,0.4290013806571868,0.9395039845828272,-1.0435315409620511,-0.10220971135443631,1.1700470149603184,-0.16397650365900862,-1.0435315409620511,-1.0324800411087862,-1.0757017091036425,-1.0097160754423382,-1.0435315409620511,-0.10292269930791643,0.4638075096675492,-0.9463065261374907,-0.18441410416503298,0.3328040465984215,0.3040240546144864,1.2514461232431813,-0.893446685443629,-1.124136979208704,-0.1995278341944227,-0.8090550398079427,-0.1511972584572906,-0.10193962257473484,0.18652958731065797,-0.4959172890861918,-0.29863974253397674,1.8164029640724113,-0.07980868844676617,2,1,1,1,0.6666666666666666,0.5793801642856949,False,1,1.0
san_jose,san_jose_3717,-0.9055043080526394,-0.9043555738409986,-1.186550857568136e-15,-0.2644076411956448,0.5395560226623405,0.9395039845828272,-1.0435315409620511,-0.10220971135443631,1.1622018548696218,0.707746175916183,-1.0435315409620511,-0.23604588570219956,-1.0757017091036425,-0.1373984323538772,-1.0435315409620511,-0.10292269930791643,1.5708532195723202,-0.9463065261374954,0.8483490291514285,-0.5105277425292715,-0.5344115644523924,0.918355506204373,-1.2822090460682984,-0.8375084743023404,-1.128214721683948,-0.8090550398079427,-0.1511972584572906,-0.10193962257473484,0.18652958731065797,-0.4959172890861918,-0.29863974253397674,1.8164029640724113,-0.07980868844676617,2,2,1,2,0.6666666666666666,0.5793801642856949,False,1,1.0
san_jose,san_jose_3719,-0.9055043080526394,-0.9043555738409986,-1.186550857568136e-15,-0.5405826681141936,0.35930919245958126,0.45570769570090736,-0.04648459583989144,-0.10220971135443631,1.1651085514220978,-0.6713788910827588,-0.04648459583989144,-0.34683584061530665,1.004435572190173,-0.40188884578317347,-0.04648459583989144,-0.10292269930791643,-0.185794627347937,-0.5295861177705837,-0.7084032904643013,0.8300737414194305,0.7626769385366396,1.2135632952473305,-1.2822090460682984,0.5448507351834274,-1.1282146658804761,-0.8090550398079427,-0.1511972584572906,-0.10193962257473484,0.18652958731065797,-0.4959172890861918,-0.29863974253397674,1.8164029640724113,-0.07980868844676617,2,2,1,2,0.6666666666666666,0.5793801642856949,False,2,1.0
san_jose,san_jose_3720,-0.9055043080526394,-0.9043555738409986,-1.186550857568136e-15,-1.0481706392126584,0.4245286777226854,0.9395039845828272,-1.0435315409620511,-0.10220971135443631,1.145445647962539,-0.3578529379051229,-1.0435315409620511,-1.0759521893920188,-1.0757017091036425,-1.0625725821328822,-1.0435315409620511,-0.10292269930791643,0.24179563819001434,-0.9463065261375057,-0.42257571884405754,0.526087378780972,0.5030913375877292,1.3711338219654514,-1.2822090458151905,-1.115342868401176,-1.1281679731330048,-0.8090550398079427,6.613876535879535,-0.10193962257473484,-5.361079785881615,-0.4959172890861918,-0.29863974253397674,1.8164029640724113,-0.07980868844676617,1,1,1,1,1.0,-0.0,False,1,1.0
san_jose,san_jose_3721,-0.9055043080526394,-0.9043555738409986,-1.186550857568136e-15,-1.0878998535597448,1.1237263575419514,0.9395039845828272,-1.0435315409620511,-0.10220971135443631,1.1682760794535931,-0.22563513194635657,-1.0435315409620511,-1.1059464484867771,-1.0757017091036425,-1.1003056589375413,-1.0435315409620511,-0.10292269930791643,0.3937230651583376,-0.9463065261374907,-0.23512517238424877,0.405474119006584,0.3443527119692925,1.2787690213320084,-1.1366350131149165,-0.8067421631315834,-1.1280778869449803,0.09674263097792053,-0.1511972584572906,-0.10193962257473484,0.18652958731065797,-0.4959172890861918,-0.29863974253397674,1.8164029640724113,-0.07980868844676617,2,1,1,1,0.6666666666666666,0.5793801642856949,False,1,1.0
san_jose,san_jose_3722,1.011742369159587,1.0066297719749018,-1.186550857568136e-15,-0.7762416746863158,-0.7194114654043364,0.9395039845828272,-1.0435315409620511,-0.10220971135443631,1.1682760794778413,-1.218182673668054,-1.0435315409620511,-0.765679590623242,-1.0757017091036425,-0.8489088726042736,-1.0435315409620511,-0.10292269930791643,-0.7024539674615172,-0.9463065261374907,-1.300979091305669,1.3461357390384066,1.3198944279290517,-0.5550455839437314,0.9132036549816013,1.9869773440038674,-0.4994997576190748,0.09674263097792053,-0.1511972584572906,-0.10193962257473484,0.18652958731065797,-0.4959172890861918,-0.29863974253397674,-0.5505386303477205,12.52996408614229,1,1,1,1,1.0,-0.0,False,1,1.0
san_jose,san_jose_3723,-0.9055043080526394,-0.9043555738409986,-1.186550857568136e-15,-0.9743746726724086,1.2200112329630965,0.9395039845828272,-1.0435315409620511,-0.10220971135443631,-1.7069837500250655,1.8524496560778467,-1.0435315409620511,-1.0103705962492908,-1.0757017091036425,-0.9058531057055385,-1.0435315409620511,-0.10292269930791643,1.6176958895671076,-0.946306526137485,1.6171882674198246,-1.5889413058004178,-1.7428075240985936,1.250218433123833,-0.4912106597258025,-1.1496696612749022,0.833933405366286,0.09674263097792053,-0.1511972584572906,-0.10193962257473484,0.18652958731065797,2.0164652896911486,-0.29863974253397674,-0.5505386303477205,-0.07980868844676617,1,1,1,1,1.0,-0.0,False,1,1.0
san_jose,san_jose_3725,-0.9055043080526394,-0.9043555738409986,-1.186550857568136e-15,-0.7334314572256396,0.8628872722948333,0.8610279634539554,-0.8994824257567727,-0.10220971135443631,1.1408158166630107,-0.26823090610527717,-0.8994824257567727,-0.5497001584674633,1.7458646134313092,-0.6612127258468782,-0.8994824257567727,-0.10292269930791643,0.3962005694644435,-0.8788974015243187,-0.17367884537609682,0.41315846339715956,0.29126916239719325,-0.5026154431472722,-0.8023892456876086,1.144314118907006,-1.0850932944068532,0.09674263097792053,-0.1511972584572906,-0.10193962257473484,0.18652958731065797,-0.4959172890861918,-0.29863974253397674,1.8164029640724113,-0.07980868844676617,2,1,1,1,0.6666666666666666,0.5793801642856949,False,1,1.0
san_jose,san_jose_3726,-0.9055043080526394,-0.9043555738409986,-1.186550857568136e-15,-1.0448038381215963,1.1192104605309123,0.9395039845828272,-1.0435315409620511,-0.10220971135443631,1.1870985099226967,0.46747189372242925,-1.0435315409620511,-1.0622121836882246,-1.0757017091036425,-1.0416233510770005,-1.0435315409620511,-0.10292269930791643,1.000126679529032,-0.9463065261374907,0.5232654635644172,-0.2973146556132956,-0.29054377338960796,-0.3628179456165872,-1.2822090460682984,1.2120547795679704,-1.1282134781772002,0.09674263097792053,-0.1511972584572906,-0.10193962257473484,0.18652958731065797,-0.4959172890861918,-0.29863974253397674,1.8164029640724113,-0.07980868844676617,2,1,1,1,0.6666666666666666,0.5793801642856949,False,1,1.0
san_jose,san_jose_4133,1.011742369159587,1.0066297719749018,-1.186550857568136e-15,1.0073687872467636,-2.83347077818172,0.8498193854171735,-0.5979922617400016,-0.10220971135443631,-1.2739032744952505,-1.9565548352769997,-0.5979922617400016,0.3889141283912633,2.0908171764227323,-0.17691859167764626,-0.5979922617400016,-0.10292269930791643,-1.627240022721845,-0.8692644663483047,-1.8822748454155491,2.0130644378699176,1.9911460067897062,-1.580640612241589,-1.2822090460682984,-1.365902922661691,-1.1282152351598684,0.09674263097792053,-0.1511972584572906,-0.10193962257473484,0.18652958731065797,-0.4959172890861918,3.3485161469630915,-0.5505386303477205,-0.07980868844676617,0,1,1,1,0.6666666666666666,0.5793801642856949,False,0,
san_jose,san_jose_4138,1.011742369159587,1.0066297719749018,-1.186550857568136e-15,-0.5407930648587989,-2.299320161364426,0.7856785162991428,-0.8207564589778947,-0.10220971135443631,-1.1667314445790549,-1.9684809630610767,-0.8207564589778947,-0.6720143652391163,2.1236022447747263,-0.9484918794047055,-0.8207564589778947,-0.10292269930791643,-1.5969058332074098,-0.8141145274913378,-1.8683278281582671,2.030967531808156,1.9712324120933824,-1.580640612241589,-1.2822090460682984,-1.365902922661691,-1.1282152351598684,0.09674263097792053,-0.1511972584572906,-0.10193962257473484,0.18652958731065797,-0.4959172890861918,3.3485161469630915,-0.5505386303477205,-0.07980868844676617,0,1,1,1,0.6666666666666666,0.5793801642856949,False,1,1.0
san_jose,san_jose_4143,1.011742369159587,1.0066297719749018,-1.186550857568136e-15,-1.1103378200126919,0.9462432118451404,0.8669284447874323,-0.9989710796252382,-0.10220971135443631,-1.1522511011894276,0.18736410250077645,-0.9989710796252382,-1.1601773866072043,2.06140166314724,-1.1402396809868636,-0.9989710796252382,-0.10292269930791643,0.7805658700116208,-0.8839679054038645,0.2635464090984478,5.5831349827913465e-05,-0.07515995453558301,1.0793098112567383,-1.282190214814527,-0.2134300405529566,-1.111172858390963,-0.8090550398079427,-0.1511972584572906,9.809728295461023,-5.361079785881615,-0.4959172890861918,-0.29863974253397674,1.8164029640724113,-0.07980868844676617,1,1,1,1,1.0,-0.0,False,1,0.0
san_jose,san_jose_4163,1.011742369159587,1.0066297719749018,-1.186550857568136e-15,-0.4033607364817121,1.0264693682245591,0.326050769968122,0.06768626040206287,-0.10220971135443631,1.0879552360583167,1.903123311409535,0.06768626040206287,-0.4455729371613595,1.1188082169322482,-0.015452965140672983,0.06768626040206287,-0.10292269930791643,1.1137200936466034,0.05819713738661139,1.7325229113304796,-1.5984814867082202,-1.853158082654855,0.36514642146140636,-1.2822090460682984,-0.9125532997075174,-1.1282144438403883,-0.8090550398079427,-0.1511972584572906,-0.10193962257473484,0.18652958731065797,-0.4959172890861918,-0.29863974253397674,1.8164029640724113,-0.07980868844676617,1,1,1,1,1.0,-0.0,False,1,1.0
san_jose,san_jose_4164,1.011742369159587,1.0066297719749018,-1.186550857568136e-15,1.697840778112497,-0.9026692748536589,-2.0276245407618867,1.7657065783062962,-0.10220971135443631,-1.354392647072945,-1.5118002030976125,1.7657065783062962,1.9455888896351288,-0.09154331617561076,1.4984698439895798,1.7657065783062962,-0.10292269930791643,-1.6973287546026703,1.8828777464319528,-1.5834012168572829,0.9565500672324383,1.2995923437609624,-0.44818956327137643,0.9411354034506467,-0.6527692132883076,0.379180226420617,0.09674263097792053,-0.1511972584572906,-0.10193962257473484,0.18652958731065797,-0.4959172890861918,-0.29863974253397674,-0.5505386303477205,-0.07980868844676617,1,1,1,1,1.0,-0.0,False,1,1.0
san_jose,san_jose_4165,-0.9055043080526394,-0.9043555738409986,-1.186550857568136e-15,-0.339776211354365,0.4806449737211751,-0.31337042800050047,0.7374646643199086,-0.10220971135443631,-1.365252950599306,-0.16854797014472012,0.7374646643199086,0.008579660580424671,1.224324877633194,-0.1881896698892261,0.7374646643199086,-0.10292269930791643,-0.29147696059121875,0.26602909967345695,-0.2986639848582434,0.29250729665965225,0.35920642412587866,-1.4218428825696154,-1.2822090460682984,-0.5626858696289019,-1.1282041775611789,0.09674263097792053,-0.1511972584572906,9.809728295461023,-5.361079785881615,-0.4959172890861918,3.3485161469630915,-0.5505386303477205,-0.07980868844676617,1,1,1,1,1.0,-0.0,False,1,1.0
san_jose,san_jose_4166,-0.9055043080526394,-0.9043555738409986,-1.186550857568136e-15,-0.8504424219635857,-1.2313375772613913,0.9395039845828272,-1.0435315409620511,-0.10220971135443631,1.0814095253728138,-1.4465291619164147,-1.0435315409620511,-0.8808907134260898,-1.0757017091036425,-0.9782407409905256,-1.0435315409620511,-0.10292269930791643,-1.0134087880129907,-0.9463065261374907,-1.512614227940079,1.552887537400341,1.5306089873883675,0.5941506681327609,0.7168039077163806,1.5837918742848736,0.5943119865005917,0.09674263097792053,6.613876535879535,-0.10193962257473484,-5.361079785881615,-0.4959172890861918,-0.29863974253397674,-0.5505386303477205,-0.07980868844676617,1,1,1,1,1.0,-0.0,False,1,1.0
san_jose,san_jose_4167,-0.9055043080526394,-0.9043555738409986,-1.186550857568136e-15,-1.057192171109853,-0.6440407575891167,0.7509225344293484,-0.8901286064429519,-0.10220971135443631,-1.2760747625220985,-0.7235314459922826,-0.8901286064429519,-1.11064026751116,1.8221480700052428,-1.1032336448378488,-0.8901286064429519,-0.10292269930791643,-0.138522667987893,-0.7842114035776296,-0.791639807207181,0.8621242345507861,0.8198002521497355,-1.0390162817699338,1.2216843850716008,0.22460878926253236,-1.0948960872543037,0.09674263097792053,-0.1511972584572906,-0.10193962257473484,0.18652958731065797,-0.4959172890861918,-0.29863974253397674,-0.5505386303477205,-0.07980868844676617,1,1,1,1,1.0,-0.0,False,1,1.0
san_jose,san_jose_4168,-0.9055043080526394,-0.9043555738409986,-1.186550857568136e-15,-0.5443770217905717,-0.6038596306830802,0.9395039845828272,-1.0435315409620511,-0.10220971135443631,-1.273540835349187,-0.7033660311658637,-1.0435315409620511,-0.5855430745511628,-1.0757017091036425,-0.6628898784946144,-1.0435315409620511,-0.10292269930791643,-0.2652099135707685,-0.9463065261374907,-0.9072144425088804,0.7799736156787308,0.916277308644661,1.3630021043386846,-1.281985844686831,-0.26214413187033625,-1.127294890833667,-0.8090550398079427,-0.1511972584572906,-0.10193962257473484,0.18652958731065797,-0.4959172890861918,-0.29863974253397674,1.8164029640724113,-0.07980868844676617,2,2,1,2,0.6666666666666666,0.5793801642856949,False,2,1.0
san_jose,san_jose_4171,1.011742369159587,1.0066297719749018,-1.186550857568136e-15,-1.081108949374869,1.5142031523968957,0.9395039845828272,-1.0435315409620511,-0.10220971135443631,-1.357055023494765,0.4658040840728211,-1.0435315409620511,-1.0999027638358647,-1.0757017091036425,-1.0796706487853058,-1.0435315409620511,-0.10292269930791643,1.0054191458897996,-0.9463065261374907,0.5783203470828449,-0.2534100240938494,-0.34757775135547825,-1.5124624155913309,1.3438502490732604,-0.8107247249254483,-0.5912790689121719,-0.8090550398079427,-0.1511972584572906,-0.10193962257473484,0.18652958731065797,-0.4959172890861918,-0.29863974253397674,-0.5505386303477205,-0.07980868844676617,1,1,1,1,1.0,-0.0,False,1,1.0
san_jose,san_jose_4172,1.011742369159587,1.0066297719749018,-1.186550857568136e-15,-1.071606982416201,1.3517220896504198,0.9395039845828272,-1.0435315409620511,-0.10220971135443631,-1.4228498597105494,1.2818187557835576,-1.0435315409620511,-1.1098521936446775,-1.0757017091036425,-1.060485729177414,-1.0435315409620511,-0.10292269930791643,1.4535482629713403,-0.9463065261374907,1.306535498693409,-1.0562663996178139,-1.120562020321032,0.8306277175448411,-1.2763628925171344,-1.1485157761928906,-1.1279835668416716,-0.8090550398079427,-0.1511972584572906,-0.10193962257473484,0.18652958731065797,-0.4959172890861918,-0.29863974253397674,1.8164029640724113,-0.07980868844676617,1,1,0,1,0.6666666666666666,0.5793801642856949,False,1,1.0
san_jose,san_jose_4174,-0.9055043080526394,-0.9043555738409986,-1.186550857568136e-15,-0.3686876167015008,0.3959250308015584,0.12639561069878325,0.7171997564782822,-0.10220971135443631,-1.463975164710181,1.190679534729137,0.7171997564782822,-0.48361230761785956,0.9896052208339513,-0.2376970894552057,0.7171997564782822,-0.10292269930791643,1.1308643450967877,-0.21968244235676768,1.300761316035434,-0.988368160146171,-1.0181940122733564,1.0752241067536878,-0.4441507629993617,-0.3068842364660557,0.8093075529577715,0.09674263097792053,-0.1511972584572906,-0.10193962257473484,0.18652958731065797,2.0164652896911486,-0.29863974253397674,-0.5505386303477205,-0.07980868844676617,1,1,2,1,0.6666666666666666,0.5793801642856949,False,2,2.0
san_jose,san_jose_4176,1.011742369159587,1.0066297719749018,-1.186550857568136e-15,0.7142107461713846,-0.8525679536026645,-0.36286148587554123,0.7675163983568407,-0.10220971135443631,1.0889514985074407,-0.3409088870794994,0.7675163983568407,0.4660842731927342,1.4878603794383474,0.3622294533058044,0.7675163983568407,-0.10292269930791643,-0.12291024619187067,0.4241101170002827,-0.4483302450151287,0.4723021770745824,0.5236925215519128,0.7125684290741326,-1.1388394540243658,1.3319180704912141,-0.6155202072560779,0.09674263097792053,-0.1511972584572906,-0.10193962257473484,0.18652958731065797,-0.4959172890861918,-0.29863974253397674,1.8164029640724113,-0.07980868844676617,1,1,1,1,1.0,-0.0,False,1,
san_jose,san_jose_4177,1.6366186992858989,1.6757914677720755,-1.186550857568136e-15,0.062211312378923515,-0.7119638772235521,0.10195362642373185,0.026977946943106828,-0.10220971135443631,-1.3714439749267007,0.9845537658611477,0.026977946943106828,-0.35375386239955464,1.4534428732354499,-0.19659045913869813,0.026977946943106828,-0.10292269930791643,1.0040066232186946,0.16640433884177927,1.3481566138357617,-1.1480565629051283,-1.1478166837218065,0.851878457761726,-1.2822090460682984,-1.143057774912127,-1.1282149578511598,-0.8090550398079427,-0.1511972584572906,-0.10193962257473484,0.18652958731065797,-0.4959172890861918,-0.29863974253397674,1.8164029640724113,-0.07980868844676617,0,0,0,0,1.0,-0.0,False,0,0.0
san_jose,san_jose_4179,1.6366186992858989,1.6757914677720755,-1.186550857568136e-15,1.689140922116038,-1.4504019116784972,-1.994615262422167,1.7129345743083366,-0.10220971135443631,-1.2752142402546092,-0.14776242734440298,1.7129345743083366,1.5266363016039552,0.044146998028526854,1.3005093998367103,1.7129345743083366,-0.10292269930791643,-0.717442461031302,1.8243063631700418,-0.2912567234808925,-1.51601235557426,-0.5045461354554387,0.822059769875176,-0.14745717379606157,1.6200002888978358,0.8965228798099488,0.09674263097792053,-0.1511972584572906,-0.10193962257473484,0.18652958731065797,2.0164652896911486,-0.29863974253397674,-0.5505386303477205,-0.07980868844676617,0,0,0,0,1.0,-0.0,False,0,1.0
san_jose,san_jose_4117,1.6366186992858989,1.6757914677720755,-1.186550857568136e-15,-1.0104114068778873,-0.8073727326297226,0.9395039845828272,-1.0435315409620511,-0.10220971135443631,-1.402394684824924,-0.45694466693430963,-1.0435315409620511,-1.0794785944805867,-1.0757017091036425,-1.0747889361401683,-1.0435315409620511,-0.10292269930791643,0.11109787037027397,-0.9463065261374907,-0.5497585725309297,0.6077657921870494,0.6094959381931693,-1.580640612241589,-1.2822090460682984,-1.365902922661691,-1.1282152351598684,-0.8090550398079427,-0.1511972584572906,9.809728295461023,-5.361079785881615,-0.4959172890861918,3.3485161469630915,-0.5505386303477205,-0.07980868844676617,0,0,0,0,1.0,-0.0,False,0,0.0
san_jose,san_jose_2318,-0.9055043080526394,-0.9043555738409986,-1.186550857568136e-15,0.568654756704516,-0.4653055579548282,-0.8870671312969779,1.2979963332655444,-0.10220971135443631,-1.2300182237342898,0.5336972695828375,1.2979963332655444,0.32567598672428033,0.7354705305492185,0.40000373736163614,1.2979963332655444,-0.10292269930791643,0.4707603688859092,0.9791130373416326,1.3821555275084527,-1.5153578857518497,-1.4790812143657823,0.7805951473398632,-0.859746418786137,0.9350853227237231,0.10298341192133334,-0.8090550398079427,-0.1511972584572906,-0.10193962257473484,0.18652958731065797,-0.4959172890861918,-0.29863974253397674,1.8164029640724113,-0.07980868844676617,1,1,1,1,1.0,-0.0,False,1,1.0
san_jose,san_jose_4184,1.930456863604145,1.9856240541388692,-1.186550857568136e-15,-1.0118694073580559,-1.0196425465875483,0.9395039845828272,-1.0435315409620511,-0.10220971135443631,-1.198288391748649,0.14219831947807537,-1.0435315409620511,-1.0933867257091556,-1.0757017091036425,-1.0823412395606444,-1.0435315409620511,-0.10292269930791643,0.6837565752200592,-0.9463065261374907,0.13043431455106894,-2.796362434974469e-05,0.0366996046957413,-1.580640612241589,-1.2822090460682984,-1.365902922661691,-1.1282152351598684,-0.8090550398079427,-0.1511972584572906,-0.10193962257473484,0.18652958731065797,-0.4959172890861918,3.3485161469630915,-0.5505386303477205,-0.07980868844676617,0,0,0,0,1.0,-0.0,False,0,1.0
san_jose,san_jose_4185,-0.9055043080526394,-0.9043555738409986,-1.186550857568136e-15,-0.7834495171619913,0.3577457460604192,0.29082272108778917,-0.2260407586319226,-0.10220971135443631,-1.1863379442026893,-0.8005521607521427,-0.2260407586319226,-0.6499084709052844,1.8560986197729474,-0.8150510679652584,-0.2260407586319226,-0.10292269930791643,-0.365419270571222,-0.34153596292002203,-0.9384089492412059,0.9360287254981466,0.9595973652277285,0.8220915926783324,-0.47077192426808523,1.453423070942863,0.8055315470948823,0.09674263097792053,-0.1511972584572906,-0.10193962257473484,0.18652958731065797,2.0164652896911486,-0.29863974253397674,-0.5505386303477205,-0.07980868844676617,1,1,1,1,1.0,-0.0,False,1,1.0
san_jose,san_jose_4186,1.011742369159587,1.0066297719749018,-1.186550857568136e-15,-1.0084444006899533,0.5765151435311896,0.9061870527355298,-0.7626628931275026,-0.10220971135443631,-1.2709392710922889,-1.3265545281092634,-0.7626628931275026,-0.9363487175476912,2.0780230890481537,-0.9847560892046836,-0.7626628931275026,-0.10292269930791643,-0.8650518564274667,-0.8959128747951447,-1.3990088877014446,1.443319290861627,1.4081665086459618,-1.3140882795301967,-1.2822090460682984,-0.25352426031647124,-1.1282036620344564,-0.8090550398079427,6.613876535879535,-0.10193962257473484,-5.361079785881615,-0.4959172890861918,3.3485161469630915,-0.5505386303477205,-0.07980868844676617,1,1,1,1,1.0,-0.0,False,1,1.0
san_jose,san_jose_4188,2.4792517543616204,2.489123079584817,-1.186550857568136e-15,-0.23691301229281492,-2.5948693121463133,0.9204858050049887,-1.0435315409620511,-0.10220971135443631,-1.4079980788980457,2.03793661924517,-1.0435315409620511,-0.99169895778961,-1.0757017091036425,-0.8577044187424674,-1.0435315409620511,-0.10292269930791643,1.635297808857866,-0.9299758300352072,1.647489486430307,-1.759080329380312,-1.8772801714244207,-0.8773919006355249,-1.2822090460682984,0.6644514906213007,-1.1282147843428185,-0.8090550398079427,6.613876535879535,-0.10193962257473484,-5.361079785881615,-0.4959172890861918,-0.29863974253397674,1.8164029640724113,-0.07980868844676617,0,0,0,0,1.0,-0.0,False,0,0.0
san_jose,san_jose_4195,1.011742369159587,1.0066297719749018,-1.186550857568136e-15,-0.49774419194455427,1.4369383464400736,0.9395039845828272,-1.0435315409620511,-0.10220971135443631,1.0938055190151046,1.804825458074808,-1.0435315409620511,-0.4147940264672659,-1.0757017091036425,-0.06199554316543191,-1.0435315409620511,-0.10292269930791643,2.004071204189022,-0.9463065261374907,1.662584972961792,-1.5340972970482885,-1.6498500276818413,-0.6389623565764009,0.9144715843687924,0.7334830425276226,-0.852813422332299,-0.8090550398079427,-0.1511972584572906,-0.10193962257473484,0.18652958731065797,-0.4959172890861918,-0.29863974253397674,-0.5505386303477205,-0.07980868844676617,1,1,1,1,1.0,-0.0,False,1,1.0
san_jose,san_jose_4196,-0.9055043080526394,-0.9043555738409986,-1.186550857568136e-15,-1.0811253389903643,1.9466821488286397,0.9395039845828272,-1.0435315409620511,-0.10220971135443631,1.066426706061358,-0.5152520107606446,-1.0435315409620511,-1.0422852117900627,-1.0757017091036425,-1.0617375087617682,-1.0435315409620511,-0.10292269930791643,0.10171625679364854,-0.9463065261374907,-0.55563339101317,0.6752296717032724,0.614689042409749,-1.4863826601244046,1.3402373343870932,-0.9752176895659517,0.013181011213442726,-0.8090550398079427,6.613876535879535,-0.10193962257473484,-5.361079785881615,-0.4959172890861918,-0.29863974253397674,-0.5505386303477205,-0.07980868844676617,1,2,2,2,0.6666666666666666,0.5793801642856949,False,2,2.0
san_jose,san_jose_4197,1.011742369159587,1.0066297719749018,-1.186550857568136e-15,-0.9846173442740387,0.4611623543601173,0.9395039845828272,-1.0435315409620511,-0.10220971135443631,1.1662435616726612,-1.457845315778841,-1.0435315409620511,-0.8793872035814783,-1.0757017091036425,-0.9582168363832197,-1.0435315409620511,-0.10292269930791643,-1.0372009171973742,-0.9463065261374907,-1.5284366023511098,1.5582646623355492,1.5482106760089833,0.8091833996879872,0.38826617145026965,0.9610780293003187,-1.0601744975949023,-0.8090550398079427,-0.1511972584572906,-0.10193962257473484,0.18652958731065797,-0.4959172890861918,-0.29863974253397674,-0.5505386303477205,-0.07980868844676617,1,1,2,1,0.6666666666666666,0.5793801642856949,False,1,2.0
san_jose,san_jose_4198,-0.9055043080526394,-0.9043555738409986,-1.186550857568136e-15,-0.8962213393708599,1.49619091833635,0.9395039845828272,-1.0435315409620511,-0.10220971135443631,1.19246812553017,1.1085858794836203,-1.0435315409620511,-0.8440582411148583,-1.0757017091036425,-0.7428723944058879,-1.0435315409620511,-0.10292269930791643,1.4173986089539037,-0.9463065261374907,1.2744668269650221,-0.868182401001562,-1.0852237800526128,0.3754812286452299,-1.2389033977000194,-0.15635527779029154,-0.9835448015287614,-0.8090550398079427,6.613876535879535,-0.10193962257473484,-5.361079785881615,-0.4959172890861918,-0.29863974253397674,1.8164029640724113,-0.07980868844676617,1,1,1,1,1.0,-0.0,False,1,1.0
san_jose,san_jose_4199,-0.9055043080526394,-0.9043555738409986,-1.186550857568136e-15,-1.0489266074483807,1.7837642643279674,0.9395039845828272,-1.0435315409620511,-0.10220971135443631,1.1800204635611273,0.5409438963885908,-1.0435315409620511,-1.0263527703128905,-1.0757017091036425,-1.0022176935444689,-1.0435315409620511,-0.10292269930791643,1.0762184826075964,-0.9463065261374907,0.6909472782786966,-0.3285813093944867,-0.45102647758978126,-1.4294907639903196,1.2891932367871026,-0.44404329636329903,1.6147703678391623,-0.8090550398079427,-0.1511972584572906,-0.10193962257473484,0.18652958731065797,-0.4959172890861918,-0.29863974253397674,-0.5505386303477205,-0.07980868844676617,1,2,1,1,0.6666666666666666,0.5793801642856949,False,1,1.0
san_jose,san_jose_4201,-0.9055043080526394,-0.9043555738409986,-1.186550857568136e-15,-0.519964756574121,-1.2582057364680748,0.9395039845828272,-1.0435315409620511,-0.10220971135443631,0.9353642380363972,-1.8224766041227578,-1.0435315409620511,-0.39412019488965083,-1.0757017091036425,-0.687196727293055,-1.0435315409620511,-0.10292269930791643,-1.4374975052263825,-0.9463065261374907,-1.780788517861296,1.9011783228024395,1.8635523905239713,0.2698093991537362,0.7595830913000857,1.9652227046027944,0.6145046397012104,-0.8090550398079427,-0.1511972584572906,-0.10193962257473484,0.18652958731065797,-0.4959172890861918,-0.29863974253397674,-0.5505386303477205,12.52996408614229,2,2,1,2,0.6666666666666666,0.5793801642856949,False,2,1.0
san_jose,san_jose_4202,-0.9055043080526394,-0.9043555738409986,-1.186550857568136e-15,1.436610682241993,-0.38967088588040627,-1.1465651536324886,1.2066087118845092,-0.10220971135443631,-1.43835252711975,-0.7831271362461398,1.2066087118845092,1.5964471412694867,-0.1443908822669082,1.5084350219284217,1.2066087118845092,-0.10292269930791643,-0.9907659680450137,1.1206245655957165,-1.0363165127214375,0.9342757901426192,0.955965146665988,1.7844950329310927,-0.8532803159359621,0.6421413669825129,0.10764447749920777,0.09674263097792053,-0.1511972584572906,-0.10193962257473484,0.18652958731065797,-0.4959172890861918,-0.29863974253397674,1.8164029640724113,-0.07980868844676617,1,1,1,1,1.0,-0.0,False,1,1.0
san_jose,san_jose_4210,1.011742369159587,1.0066297719749018,-1.186550857568136e-15,-1.0454488794474954,1.015899586336953,0.9395039845828272,-1.0435315409620511,-0.10220971135443631,-1.3329502069163004,1.8485671389614051,-1.0435315409620511,-1.0968156578912098,-1.0757017091036425,-1.0261849237669427,-1.0435315409620511,-0.10292269930791643,1.6240953589576572,-0.9463065261374849,1.6112234722018417,-1.5784664806362467,-1.7071655639277288,1.2478859811590257,-0.4598627999199484,-1.2476428001536444,0.8564133619867769,-0.8090550398079427,-0.1511972584572906,9.809728295461023,-5.361079785881615,2.0164652896911486,-0.29863974253397674,-0.5505386303477205,-0.07980868844676617,1,1,1,1,1.0,-0.0,False,1,1.0
san_jose,san_jose_4211,1.011742369159587,1.0066297719749018,-1.186550857568136e-15,-0.12471459621719197,-0.5075312777796154,-0.39273381883122005,0.379696143468778,-0.10220971135443631,-1.2460470374861827,-1.212378116649636,0.379696143468778,0.10348485278060314,1.6012223102697982,-0.2830131635304795,0.379696143468778,-0.10292269930791643,-0.9735205491317384,0.22819582457789434,-1.4226862815458734,1.3386372110892029,1.4149017805818795,1.0125542460562813,0.43629769311980143,1.578830656561925,0.5464341428071432,0.09674263097792053,-0.1511972584572906,-0.10193962257473484,0.18652958731065797,-0.4959172890861918,-0.29863974253397674,-0.5505386303477205,-0.07980868844676617,1,1,1,1,1.0,-0.0,False,1,1.0
san_jose,san_jose_4212,1.011742369159587,1.0066297719749018,-1.186550857568136e-15,-1.0949380820210333,0.08917569928133878,0.8119490617056719,-0.9443785157244746,-0.10220971135443631,1.1047744814701377,1.0952866724668204,-0.9443785157244746,-1.1529495109598804,1.7935320024113748,-1.1254058965228555,-0.9443785157244746,-0.10292269930791643,1.3594829101817247,-0.836707989560034,1.171821123060331,-0.8617895891234059,-0.9531327055872298,0.8882520875312715,-1.2750912859741201,-1.1269018273834095,-1.1280694926229258,0.09674263097792053,6.613876535879535,-0.10193962257473484,-5.361079785881615,-0.4959172890861918,-0.29863974253397674,1.8164029640724113,-0.07980868844676617,1,1,1,1,1.0,-0.0,False,1,1.0
san_jose,san_jose_4213,1.011742369159587,1.0066297719749018,-1.186550857568136e-15,1.8261957862926552,-0.7828427834575203,-1.5750321543124384,1.6268192295883406,-0.10220971135443631,1.0854898178299726,-0.014496769832341135,1.6268192295883406,1.7482481381803592,-0.12613569126287283,1.7974517549225661,1.6268192295883406,-0.10292269930791643,-0.5803075641048216,1.4327350231398293,0.5192616111160592,-0.8481884711481391,-0.7581895909579749,-0.2698960222575595,-1.2822090460682984,1.6720321135020282,-1.1282145014700777,-0.8090550398079427,6.613876535879535,-0.10193962257473484,-5.361079785881615,-0.4959172890861918,-0.29863974253397674,1.8164029640724113,-0.07980868844676617,1,1,1,1,1.0,-0.0,False,1,1.0
san_jose,san_jose_4214,1.011742369159587,1.0066297719749018,-1.186550857568136e-15,-1.0389574595138398,1.5076150851814452,0.923229535801697,-1.0435315409620511,-0.10220971135443631,1.1823428453633296,2.0323665541983083,-1.0435315409620511,-1.0731204670966226,-1.0757017091036425,-0.9938510870117356,-1.0435315409620511,-0.10292269930791643,1.641060596748809,-0.9323320520562869,1.6502494147213327,-1.7478697942792596,-1.8871751890739519,-1.4360051336766502,1.3068631095506256,-0.4741741330633452,1.1778023708489005,-0.8090550398079427,-0.1511972584572906,-0.10193962257473484,0.18652958731065797,-0.4959172890861918,-0.29863974253397674,-0.5505386303477205,-0.07980868844676617,1,1,1,1,1.0,-0.0,False,1,1.0
san_jose,san_jose_4216,1.011742369159587,1.0066297719749018,-1.186550857568136e-15,-1.0400705301794781,1.6311943543661933,0.9163184186034743,-1.0435315409620511,-0.10220971135443631,-1.581169550058351,1.4568162954742119,-1.0435315409620511,-1.0561916772581368,-1.0757017091036425,-0.9889564803759335,-1.0435315409620511,-0.10292269930791643,1.5596220745382543,-0.9263968837356844,1.4296856102065667,-1.249910707562979,-1.2958325995486957,-1.4068846340627623,1.3038862054982618,-1.2881594826987783,1.3113623800327345,0.09674263097792053,-0.1511972584572906,9.809728295461023,-5.361079785881615,-0.4959172890861918,-0.29863974253397674,-0.5505386303477205,-0.07980868844676617,1,1,1,1,1.0,-0.0,False,1,1.0
san_jose,san_jose_4217,1.011742369159587,1.0066297719749018,-1.186550857568136e-15,-0.008931350478884527,-0.11454422186251341,0.10600603914126722,0.18490879876999453,-0.10220971135443631,1.1005604172459713,-0.2586332674115084,0.18490879876999453,0.0025082646630025856,0.8653907707174624,0.026165910307293268,0.18490879876999453,-0.10292269930791643,0.0982480580309279,-0.018723615295621714,-0.22197400103535536,0.4292162081045205,0.3439422835599756,0.13209844059201623,-0.5244486158733298,0.8671409170601954,0.6955860532256801,-0.8090550398079427,-0.1511972584572906,-0.10193962257473484,0.18652958731065797,2.0164652896911486,-0.29863974253397674,-0.5505386303477205,-0.07980868844676617,1,1,1,1,1.0,-0.0,False,1,1.0
san_jose,san_jose_4218,1.011742369159587,1.0066297719749018,-1.186550857568136e-15,-0.8733014524859211,-0.1673108772808042,0.790911700867154,-0.939960429773791,-0.10220971135443631,1.1335679919360717,-0.43683679386000407,-0.939960429773791,-0.9015568762674793,1.944566922852737,-0.8872647509120801,-0.939960429773791,-0.10292269930791643,0.13353611415874653,-0.8186158338125359,-0.5489066942781282,0.5844785129572055,0.6107449415507464,1.2265345887608392,-0.018138190451443,0.9984095691428192,0.6598429488075557,-0.8090550398079427,-0.1511972584572906,-0.10193962257473484,0.18652958731065797,2.0164652896911486,-0.29863974253397674,-0.5505386303477205,-0.07980868844676617,1,1,1,1,1.0,-0.0,False,1,1.0
san_jose,san_jose_4222,1.011742369159587,1.0066297719749018,-1.186550857568136e-15,-1.1053753029904656,0.04052682442589331,0.9395039845828272,-1.0435315409620511,-0.10220971135443631,-1.34303556795154,2.127470754221162,-1.0435315409620511,-1.1634274975736862,-1.0757017091036425,-1.1367319153304845,-1.0435315409620511,-0.10292269930791643,1.6550046263425118,-0.9463065261374907,1.6597198394761246,-1.7939933782561333,-1.9495890624967787,0.1345753282717614,-1.2822090460682984,-1.2331660366849182,-1.1282146330559952,0.09674263097792053,-0.1511972584572906,-0.10193962257473484,0.18652958731065797,-0.4959172890861918,-0.29863974253397674,1.8164029640724113,-0.07980868844676617,1,1,1,1,1.0,-0.0,False,1,1.0
san_jose,san_jose_4223,1.011742369159587,1.0066297719749018,-1.186550857568136e-15,0.3214179971626215,-1.4890940624564994,-0.36830110358742374,0.25918327029586624,-0.10220971135443631,-1.478426128769693,-0.9398408463080794,0.25918327029586624,0.03934065955046358,1.63601787590422,-0.3582278726333442,0.25918327029586624,-0.10292269930791643,-0.685340048757243,0.28549729997269907,-1.1650136398436926,1.0693775139121122,1.1480735590636422,0.13623348190979673,-1.282208957731938,0.6089701666742873,-1.1280861999695027,-0.8090550398079427,-0.1511972584572906,-0.10193962257473484,0.18652958731065797,-0.4959172890861918,-0.29863974253397674,1.8164029640724113,-0.07980868844676617,1,1,1,1,1.0,-0.0,False,1,1.0
san_jose,san_jose_4224,1.011742369159587,1.0066297719749018,-1.186550857568136e-15,-0.29793819768340307,1.232262049747688,-0.8813366811167387,1.0635545070189576,-0.10220971135443631,1.133648761125346,1.5048527321876393,1.0635545070189576,-0.12639079231224568,0.610272789705856,0.2424667993209539,1.0635545070189576,-0.10292269930791643,0.5854321681196812,0.6524822951348191,1.3626079544675815,-1.5511172759916292,-1.6511758196620658,0.6148623979948894,-0.5267032109753556,-0.13151762055935357,-0.8304420089206999,-0.8090550398079427,-0.1511972584572906,-0.10193962257473484,0.18652958731065797,-0.4959172890861918,-0.29863974253397674,1.8164029640724113,-0.07980868844676617,1,1,1,1,1.0,-0.0,False,1,1.0
san_jose,san_jose_4225,-0.9055043080526394,-0.9043555738409986,-1.186550857568136e-15,0.5696686464948093,-1.6829981649640824,-1.974801691373224,1.3247729037386669,-0.10220971135443631,-1.2684195880193618,-0.6684328961891404,1.3247729037386669,0.20320415379816661,0.10504345298596764,-0.02186622024138169,1.3247729037386669,-0.10292269930791643,-1.3208045058676159,1.9663110070252892,-0.6790231549825329,-1.4681649987527854,-0.466782103337074,0.6036781410016201,0.14538668957646966,1.2759065828698193,0.8078931358287625,-0.8090550398079427,-0.1511972584572906,9.809728295461023,-5.361079785881615,2.0164652896911486,-0.29863974253397674,-0.5505386303477205,-0.07980868844676617,1,0,0,0,0.6666666666666666,0.5793801642856949,False,0,0.0
san_jose,san_jose_4228,-0.9055043080526394,-0.9043555738409986,-1.186550857568136e-15,-0.8665787898936879,0.07393276423088868,0.9395039845828272,-1.0435315409620511,-0.10220971135443631,-1.275188355768573,-1.7662208130901926,-1.0435315409620511,-0.6191052983211904,-1.0757017091036425,-0.8246984560686729,-1.0435315409620511,-0.10292269930791643,-1.4088974246457944,-0.9463065261374967,-1.7626416413269603,1.8407756273612093,1.8296997735672325,2.226268592101905,-0.8401889810868104,-1.1626321592946318,0.14441000943169577,-0.8090550398079427,-0.1511972584572906,-0.10193962257473484,0.18652958731065797,-0.4959172890861918,-0.29863974253397674,1.8164029640724113,-0.07980868844676617,2,2,2,2,1.0,-0.0,False,2,2.0
san_jose,san_jose_4230,-0.9055043080526394,-0.9043555738409986,-1.186550857568136e-15,-0.7708476885928781,0.5760255370087127,0.9395039845828272,-1.0435315409620511,-0.10220971135443631,-1.060251906263715,0.8906605152977877,-1.0435315409620511,-0.8060995273478262,-1.0757017091036425,-0.7165907555033827,-1.0435315409620511,-0.10292269930791643,1.2781019461850676,-0.9463065261374907,1.0444652566517232,-0.740566240735678,-0.8091453145284541,0.9795168662190296,-1.2822090460682984,-0.19855788572957778,-1.1282147548471215,1.0025403017637837,-0.1511972584572906,-0.10193962257473484,0.18652958731065797,-0.4959172890861918,-0.29863974253397674,1.8164029640724113,-0.07980868844676617,1,1,1,1,1.0,-0.0,False,1,1.0
san_jose,san_jose_4231,1.011742369159587,1.0066297719749018,-1.186550857568136e-15,-1.1044826197300421,0.5432072160841549,0.9395039845828272,-1.0435315409620511,-0.10220971135443631,-1.218603094924792,-1.4105370667757484,-1.0435315409620511,-1.139353289027803,-1.0757017091036425,-1.1381084252888232,-1.0435315409620511,-0.10292269930791643,-0.9162982031957129,-0.9463065261374907,-1.4421684372619505,1.524745760011006,1.4530819485284725,1.8879776407226545,-1.2822090460682984,-0.7565424510688281,-1.1282147548471215,-0.8090550398079427,-0.1511972584572906,-0.10193962257473484,0.18652958731065797,-0.4959172890861918,-0.29863974253397674,1.8164029640724113,-0.07980868844676617,1,1,1,1,1.0,-0.0,False,1,1.0
san_jose,san_jose_4235,1.011742369159587,1.0066297719749018,-1.186550857568136e-15,-0.7537664521752379,-0.19967380496608186,0.9395039845828272,-1.0435315409620511,-0.10220971135443631,1.0664252874077829,-0.9017362922061285,-1.0435315409620511,-0.7021957063697956,-1.0757017091036425,-0.7841329814908606,-1.0435315409620511,-0.10292269930791643,-0.4448623299081338,-0.9463065261374966,-1.0730887723482772,1.002797152528324,1.07579690222623,-1.571155508847749,-1.2822090460682984,-1.3127906648701144,-1.1279918403981035,-0.8090550398079427,-0.1511972584572906,-0.10193962257473484,0.18652958731065797,-0.4959172890861918,3.3485161469630915,-0.5505386303477205,-0.07980868844676617,1,1,1,1,1.0,-0.0,False,1,1.0
san_jose,san_jose_4238,-0.9055043080526394,-0.9043555738409986,-1.186550857568136e-15,-1.0343909718679813,1.7715755753860052,0.9395039845828272,-1.0435315409620511,-0.10220971135443631,1.0780098002552732,0.4446893861877266,-1.0435315409620511,-1.0061608352230664,-1.0757017091036425,-0.9775623026731916,-1.0435315409620511,-0.10292269930791643,1.0065416066559065,-0.9463065261374907,0.5057449817898614,-0.2664920491112961,-0.2821713246674296,-1.5635120867787193,-1.2822090460682984,-1.2597884268204549,-1.1280032330939447,-0.8090550398079427,-0.1511972584572906,-0.10193962257473484,0.18652958731065797,-0.4959172890861918,3.3485161469630915,-0.5505386303477205,-0.07980868844676617,2,2,2,2,1.0,-0.0,False,2,2.0
san_jose,san_jose_4239,-0.9055043080526394,-0.9043555738409986,-1.186550857568136e-15,-0.6158779424245551,-0.11818756930146342,0.9395039845828272,-1.0435315409620511,-0.10220971135443631,1.035851950865434,-1.5965845731589525,-1.0435315409620511,-0.27287085799352956,-1.0757017091036425,-0.5689580260779095,-1.0435315409620511,-0.10292269930791643,-1.2528922616536902,-0.9463065261374815,-1.6667988303906185,1.6750369735604342,1.7081647129060717,-1.5066689411326915,-0.5288116470095995,-0.9295636261345618,-1.084856972659697,-0.8090550398079427,-0.1511972584572906,9.809728295461023,-5.361079785881615,-0.4959172890861918,3.3485161469630915,-0.5505386303477205,-0.07980868844676617,2,2,2,2,1.0,-0.0,False,2,2.0
san_jose,san_jose_4240,1.6366186992858989,1.6757914677720755,-1.186550857568136e-15,-1.0525575851939453,2.318639308550714,0.9395039845828272,-1.0435315409620511,-0.10220971135443631,1.1655100278561923,0.9215210617645789,-1.0435315409620511,-1.0091992365182496,-1.0757017091036425,-0.961556216391225,-1.0435315409620511,-0.10292269930791643,1.3151495044406352,-0.9463065261374907,1.0754615874811617,-0.7227879168752249,-0.840046877829759,0.8642259257747373,-1.2822090460682984,-1.147310615865969,-1.1282141844146314,-0.8090550398079427,-0.1511972584572906,-0.10193962257473484,0.18652958731065797,-0.4959172890861918,-0.29863974253397674,1.8164029640724113,-0.07980868844676617,1,1,1,1,1.0,-0.0,False,1,1.0
san_jose,san_jose_1253,-0.9055043080526394,-0.9043555738409986,-1.186550857568136e-15,-0.9376971541771661,-1.2600048006935365,-0.9360957019621943,0.13063884150550514,-0.10220971135443631,-1.6634712109606158,-2.4142949970214445,0.13063884150550514,-0.7650533742630331,1.4808399707380286,-1.0849140653611038,0.13063884150550514,-0.10292269930791643,-2.1096942288306435,0.702836194302288,-2.1193707238418766,2.3527417388981475,2.3534407734846297,0.44606351875076833,0.7562725045803826,-0.5348635269375984,0.2523262277537532,-0.8090550398079427,-0.1511972584572906,-0.10193962257473484,0.18652958731065797,-0.4959172890861918,-0.29863974253397674,-0.5505386303477205,-0.07980868844676617,1,1,1,1,1.0,-0.0,False,1,1.0
san_jose,san_jose_3678,1.011742369159587,1.0066297719749018,-1.186550857568136e-15,-1.1143994328051612,2.490777949284816,0.9395039845828272,-1.0435315409620511,-0.10220971135443631,1.1172334184244859,0.8081799071382099,-1.0435315409620511,-1.1616723947672896,-1.0757017091036425,-1.1393948019003972,-1.0435315409620511,-0.10292269930791643,1.232660879379413,-0.9463065261374907,0.8954656496988955,-0.6101523018331985,-0.6475481964504888,-1.4906201478940886,1.335979333039055,-1.0697450770463441,1.5822928001232441,-0.8090550398079427,-0.1511972584572906,-0.10193962257473484,0.18652958731065797,-0.4959172890861918,-0.29863974253397674,-0.5505386303477205,-0.07980868844676617,1,1,1,1,1.0,-0.0,False,1,1.0
san_jose,san_jose_4246,-0.9055043080526394,-0.9043555738409986,-1.186550857568136e-15,-0.9329077828596193,0.7520395821133588,0.08594469010763643,-0.4258511439951232,-0.10220971135443631,-0.645522212221178,-0.8850727819529873,-0.4258511439951232,-0.800721860455696,1.6158856485088957,-0.9551925637746278,-0.4258511439951232,-0.10292269930791643,-0.4029780770535107,-0.20857816225875878,-1.0533917208212449,0.9552817131907178,1.0503190567536873,-1.5251730026923598,-1.2822090460682984,-1.065239633098372,-1.12816349987506,-0.8090550398079427,-0.1511972584572906,-0.10193962257473484,0.18652958731065797,-0.4959172890861918,3.3485161469630915,-0.5505386303477205,-0.07980868844676617,2,2,2,2,1.0,-0.0,False,2,2.0
san_jose,san_jose_4249,1.011742369159587,1.0066297719749018,-1.186550857568136e-15,-0.8095404720978331,-0.4696059375744468,0.28306093235184177,-0.6548499183369195,-0.10220971135443631,0.15161985415903573,-1.7528962243361392,-0.6548499183369195,-0.6211984960724537,1.8810209648119753,-0.9951203031067668,-0.6548499183369195,-0.10292269930791643,-1.3700363358943257,-0.38004408524181443,-1.7365227222978858,1.8282423457888248,1.7924290342129288,-1.580640612241589,-1.2822090460682984,-1.365902922661691,-1.1282152351598684,-0.8090550398079427,-0.1511972584572906,-0.10193962257473484,0.18652958731065797,-0.4959172890861918,3.3485161469630915,-0.5505386303477205,-0.07980868844676617,1,1,1,1,1.0,-0.0,False,1,1.0
san_jose,san_jose_4251,-0.9055043080526394,-0.9043555738409986,-1.186550857568136e-15,-1.0309841305342733,0.38063186606338495,0.8929612941982491,-0.6423806659880401,-0.10220971135443631,0.11559341876165538,-0.980681777593773,-0.6423806659880401,-1.0247028414081822,2.066907572772964,-1.0338694842564387,-0.6423806659880401,-0.10292269930791643,-0.4273035397916751,-0.8687357252577083,-1.0713131062606278,1.1187133233180737,1.0815715548284859,-1.580640612241589,-1.2822090460682984,-1.365902922661691,-1.1282152351598684,-0.8090550398079427,-0.1511972584572906,-0.10193962257473484,0.18652958731065797,-0.4959172890861918,3.3485161469630915,-0.5505386303477205,-0.07980868844676617,2,2,1,2,0.6666666666666666,0.5793801642856949,False,2,1.0
san_jose,san_jose_4252,-0.9055043080526394,-0.9043555738409986,-1.186550857568136e-15,0.019125607526189636,0.7391450355419628,-0.38806218116057384,1.010646671893901,-0.10220971135443631,-0.07836843173844046,-1.1367590055885757,1.010646671893901,0.7705160139026497,1.5884942848554595,0.45356338662017126,1.010646671893901,-0.10292269930791643,-0.9868848407225869,0.23145696013301603,-1.2912520405785721,1.2326852483884854,1.287530337914954,-1.580640612241589,-1.2822090460682984,-1.365902922661691,-1.1282152351598684,-0.8090550398079427,-0.1511972584572906,-0.10193962257473484,0.18652958731065797,-0.4959172890861918,3.3485161469630915,-0.5505386303477205,-0.07980868844676617,2,2,1,2,0.6666666666666666,0.5793801642856949,False,2,1.0
san_jose,san_jose_4255,1.011742369159587,1.0066297719749018,-1.186550857568136e-15,1.7855047963872428,-0.47256667985181655,0.9395039845828272,-1.0435315409620511,-0.10220971135443631,0.1564472851866327,-1.1705207407540263,-1.0435315409620511,1.9427403744500769,-1.0757017091036425,1.8843377557345804,-1.0435315409620511,-0.10292269930791643,-1.4962711922627496,-0.9463065261374907,-1.5587639038250845,0.9643592790594903,1.3581448358768375,-1.5705846448785334,-1.2822090460682984,-1.3032003316457377,-1.1279502849800418,0.09674263097792053,-0.1511972584572906,-0.10193962257473484,0.18652958731065797,-0.4959172890861918,3.3485161469630915,-0.5505386303477205,-0.07980868844676617,1,1,1,1,1.0,-0.0,False,1,1.0
san_jose,san_jose_4256,1.011742369159587,1.0066297719749018,-1.186550857568136e-15,-1.107906461865115,2.2267113827896643,0.9395039845828272,-1.0435315409620511,-0.10220971135443631,1.1907129235145608,0.8568015285321643,-1.0435315409620511,-1.148884708546634,-1.0757017091036425,-1.121335953539047,-1.0435315409620511,-0.10292269930791643,1.2561624880095419,-0.9463065261374907,0.970755671652845,-0.6475289221624624,-0.7243160676440492,0.9534856251031045,-1.2822090460682984,-1.0637659374004307,-1.1282140563068848,-0.8090550398079427,-0.1511972584572906,-0.10193962257473484,0.18652958731065797,-0.4959172890861918,-0.29863974253397674,1.8164029640724113,-0.07980868844676617,1,1,1,1,1.0,-0.0,False,1,1.0
san_jose,san_jose_4257,1.011742369159587,1.0066297719749018,-1.186550857568136e-15,-0.6940079183284363,1.2122462344555274,0.16044801745247617,0.47778901003892305,-0.10220971135443631,1.1853577197577043,1.6667989699112784,0.47778901003892305,-0.6548116949612935,1.2665406312121816,-0.4373456923967555,0.47778901003892305,-0.10292269930791643,1.3283232412672519,-0.2734882012639941,1.7261966011469863,-1.8932669863368219,-1.9356628018183306,-0.3297792067835257,-1.268457718279516,0.7650542512037893,-1.1279831937690386,-0.8090550398079427,-0.1511972584572906,-0.10193962257473484,0.18652958731065797,-0.4959172890861918,-0.29863974253397674,1.8164029640724113,-0.07980868844676617,1,1,1,1,1.0,-0.0,False,1,1.0
san_jose,san_jose_4258,1.6366186992858989,1.6757914677720755,-1.186550857568136e-15,-0.34401415287174664,1.0245906658851522,-0.24980993421406467,0.3616935037824343,-0.10220971135443631,1.0285444616958657,1.486507897630252,0.3616935037824343,-0.3275980494643812,1.0364740731209203,0.09426827621265692,0.3616935037824343,-0.10292269930791643,1.0384787010748942,0.08582304384364099,1.4358196441810795,-1.2277112771097989,-1.3612163159999013,-1.580640612241589,-1.2822090460682984,-1.365902922661691,-1.1282152351598684,-0.8090550398079427,-0.1511972584572906,-0.10193962257473484,0.18652958731065797,-0.4959172890861918,3.3485161469630915,-0.5505386303477205,-0.07980868844676617,1,0,1,1,0.6666666666666666,0.5793801642856949,False,1,1.0
san_jose,san_jose_4259,-0.9055043080526394,-0.9043555738409986,-1.186550857568136e-15,-0.33823279221071656,-0.2827353057632335,0.78359637999514,-0.9663225211986816,-0.10220971135443631,-1.6113835316019864,-0.8555410396587014,-0.9663225211986816,-0.22714905160892335,1.5912042493956695,-0.37339657473381554,-0.9663225211986816,-0.10292269930791643,-0.5115140916776039,-0.8123234995874906,-1.1109514773391957,0.9048470968934423,1.0996634885409264,-0.4371434787218253,1.0885737432887288,0.3084602806545155,1.282986690243463,-0.8090550398079427,-0.1511972584572906,-0.10193962257473484,0.18652958731065797,-0.4959172890861918,-0.29863974253397674,-0.5505386303477205,-0.07980868844676617,2,1,1,1,0.6666666666666666,0.5793801642856949,False,1,1.0
san_jose,san_jose_4262,-0.9055043080526394,-0.9043555738409986,-1.186550857568136e-15,-0.09247491040721115,-0.39424542597152523,0.8627010630395495,0.6948470161710271,-0.10220971135443631,1.0376364304673888,-1.8896027632653287,0.6948470161710271,0.607494991252109,1.762971538704897,0.02625407531429718,0.6948470161710271,-0.10292269930791643,-1.6154487423413066,-0.8803351946233332,-1.880839063824899,1.9600015348483442,1.9867476297755917,-0.66233081160394,1.1850664260744348,-0.18833689555747077,-0.17630225424604604,-0.8090550398079427,-0.1511972584572906,-0.10193962257473484,0.18652958731065797,-0.4959172890861918,-0.29863974253397674,-0.5505386303477205,-0.07980868844676617,2,2,1,2,0.6666666666666666,0.5793801642856949,False,2,1.0
san_jose,san_jose_4291,-0.9055043080526394,-0.9043555738409986,-1.186550857568136e-15,0.5105090107603015,1.289202428710521,-1.521120022342067,1.661030948296714,-0.10220971135443631,1.1958517296872924,0.39039811240976224,1.661030948296714,0.9663727423482545,-0.26583926837602534,1.2692440039142519,1.661030948296714,-0.10292269930791643,-0.4616999707965987,1.2761927669564603,0.04146827729716519,-0.19822261667893362,-0.1476585729104204,-0.05892076753857452,0.418667535580864,0.5956783262327647,0.822107335936126,-0.8090550398079427,-0.1511972584572906,-0.10193962257473484,0.18652958731065797,-0.4959172890861918,-0.29863974253397674,-0.5505386303477205,-0.07980868844676617,1,1,2,1,0.6666666666666666,0.5793801642856949,False,1,1.0
san_jose,san_jose_4297,1.6366186992858989,1.6757914677720755,-1.186550857568136e-15,-1.0536426805614276,-0.8649346085097661,0.8890241834700897,-0.9795818039870967,-0.10220971135443631,-1.2890722772190961,0.6830663218308174,-0.9795818039870967,-1.1316408109411134,2.0338482134806934,-1.1074991125570612,-0.9795818039870967,-0.10292269930791643,1.1230293006852858,-0.8615394787027609,0.7758752855695533,-0.4898701146905779,-0.533168225760349,0.20792735356593528,0.4756798604891463,0.6188987718410213,0.8570324440001226,-0.8090550398079427,-0.1511972584572906,-0.10193962257473484,0.18652958731065797,-0.4959172890861918,-0.29863974253397674,-0.5505386303477205,-0.07980868844676617,1,0,0,0,0.6666666666666666,0.5793801642856949,False,0,0.0
san_jose,san_jose_4299,1.930456863604145,1.9856240541388692,-1.186550857568136e-15,-0.9418855897356937,-2.1143815490955173,0.9395039845828272,-1.0435315409620511,-0.10220971135443631,-1.3531785151908453,0.4310773540426656,-1.0435315409620511,-1.1100483432273518,-1.0757017091036425,-1.0877331044438885,-1.0435315409620511,-0.10292269930791643,0.943384725713914,-0.9463065261374907,0.48644608664736316,-0.2491853090842077,-0.26644673739597813,-1.580640612241589,-1.2822090460682984,-1.365902922661691,-1.1282152351598684,-0.8090550398079427,-0.1511972584572906,-0.10193962257473484,0.18652958731065797,-0.4959172890861918,3.3485161469630915,-0.5505386303477205,-0.07980868844676617,0,0,0,0,1.0,-0.0,False,0,0.0
san_jose,san_jose_4300,1.011742369159587,1.0066297719749018,-1.186550857568136e-15,-1.0071717903169297,-0.236874494519323,0.925911194288815,-1.0435315409620511,-0.10220971135443631,1.1197442027821638,0.3980057991241706,-1.0435315409620511,-1.0765417882878894,-1.0757017091036425,-1.055534788062911,-1.0435315409620511,-0.10292269930791643,0.9139242661022731,-0.9346348992579516,0.4346417529582058,-0.253368183155005,-0.22300672271881658,0.6612147283920653,-1.2822073182947638,0.1747265740290179,-1.1231125936027155,-0.8090550398079427,-0.1511972584572906,-0.10193962257473484,0.18652958731065797,-0.4959172890861918,-0.29863974253397674,1.8164029640724113,-0.07980868844676617,1,1,1,1,1.0,-0.0,False,1,1.0
san_jose,san_jose_4302,1.011742369159587,1.0066297719749018,-1.186550857568136e-15,-0.9932857485400826,1.4452769465888504,0.9395039845828272,-1.0435315409620511,-0.10220971135443631,1.1520142323362221,1.6638412858075993,-1.0435315409620511,-1.0129002525226485,-1.0757017091036425,-0.9177207037982109,-1.0435315409620511,-0.10292269930791643,1.591757499114417,-0.9463065261374907,1.5745940917403654,-1.3791612721217419,-1.6071670776285831,-1.580640612241589,-1.2822090460682984,-1.365902922661691,-1.1282152351598684,-0.8090550398079427,-0.1511972584572906,-0.10193962257473484,0.18652958731065797,-0.4959172890861918,3.3485161469630915,-0.5505386303477205,-0.07980868844676617,1,1,1,1,1.0,-0.0,False,1,1.0
san_jose,san_jose_4305,-0.9055043080526394,-0.9043555738409986,-1.186550857568136e-15,-1.0911207934723903,1.0574110374366839,0.8246005171865775,-0.9596553387144422,-0.10220971135443631,-1.610365194229014,0.420120932067658,-0.9596553387144422,-1.133434732922605,1.9425662415619345,-1.1092913193534384,-0.9596553387144422,-0.10292269930791643,0.9411450694467033,-0.8475859321172985,0.5080623395966776,-0.23773031589936816,-0.2882842672081677,-1.5534011710068651,-1.2821996488970135,-1.2067395140282777,-1.1231305806245648,-0.8090550398079427,-0.1511972584572906,-0.10193962257473484,0.18652958731065797,-0.4959172890861918,3.3485161469630915,-0.5505386303477205,-0.07980868844676617,2,2,1,2,0.6666666666666666,0.5793801642856949,False,2,1.0
san_jose,san_jose_4316,2.4593627198756973,2.475546991215113,-1.186550857568136e-15,0.5127952150254068,-1.2194263210786453,0.9395039845828272,-1.0435315409620511,-0.10220971135443631,1.0259028631744387,0.6617938908216745,-1.0435315409620511,-0.16827164793036653,-1.0757017091036425,0.25087516327023246,-1.0435315409620511,-0.10292269930791643,1.516603756150738,-0.9463065261374907,0.8629849844882519,-0.4384060292883318,-0.5780415583001723,0.25234683878958636,-1.2822090460682984,-1.3196941721114053,-1.1282148225113198,-0.8090550398079427,-0.1511972584572906,-0.10193962257473484,0.18652958731065797,-0.4959172890861918,-0.29863974253397674,1.8164029640724113,-0.07980868844676617,0,0,0,0,1.0,-0.0,False,0,0.0
san_jose,san_jose_4329,1.6366186992858989,1.6757914677720755,-1.186550857568136e-15,-0.9879561900441773,-0.95665569877355,0.9304232116967845,-1.0435315409620511,-0.10220971135443631,1.1892028328106456,1.6171756533893136,-1.0435315409620511,-1.1099284665197904,-1.0757017091036425,-1.0476063991188713,-1.0435315409620511,-0.10292269930791643,1.568535085705451,-0.9385093948735574,1.517896416915396,-1.3530316109614042,-1.4690989834593853,-1.5421491721982317,-1.282209046068298,-1.2265220473559828,-1.12818481307136,-0.8090550398079427,-0.1511972584572906,-0.10193962257473484,0.18652958731065797,-0.4959172890861918,3.3485161469630915,-0.5505386303477205,-0.07980868844676617,0,0,0,0,1.0,-0.0,False,0,0.0
san_jose,san_jose_2169,-0.9055043080526394,-0.9043555738409986,-1.186550857568136e-15,2.0388996121035725,-2.9540931005326816,-1.9236984022534025,1.969868230490645,-0.10220971135443631,-1.133204655615761,-1.856308007097623,1.969868230490645,2.022547160876853,1.2112463638876472,1.8469865621386403,1.969868230490645,-0.10292269930791643,-1.9711829229843425,1.7350595527747963,-1.8807102668329387,1.6370607079916084,1.835693168461098,-0.5016309561787207,-0.5208037954825169,0.8186429070289083,0.7367943175203523,-0.8090550398079427,-0.1511972584572906,9.809728295461023,-5.361079785881615,2.0164652896911486,-0.29863974253397674,-0.5505386303477205,-0.07980868844676617,1,2,1,1,0.6666666666666666,0.5793801642856949,False,1,1.0
san_jose,san_jose_2432,-0.9055043080526394,-0.9043555738409986,-1.186550857568136e-15,0.7538227279047127,-2.659100624522386,0.581481424931234,-0.7907098229887728,-0.10220971135443631,1.0598033683121395,-2.1348026350422233,-0.7907098229887728,0.43825985122543737,2.013170271516845,-0.20966695790784443,-0.7907098229887728,-0.10292269930791643,-1.8152789083540817,-0.6382158260987073,-1.9856369150860407,2.1686215900739327,2.1404513419382476,-0.7193382078801727,-1.282209046068299,-0.3285560066478295,-1.1282142909499806,-0.8090550398079427,-0.1511972584572906,-0.10193962257473484,0.18652958731065797,-0.4959172890861918,-0.29863974253397674,1.8164029640724113,-0.07980868844676617,2,0,0,0,0.6666666666666666,0.5793801642856949,False,0,0.0
san_jose,san_jose_3690,-0.9055043080526394,-0.9043555738409986,-1.186550857568136e-15,0.35419075822834295,-0.7092558061932865,0.7254039470595255,-0.9070008719972164,-0.10220971135443631,1.093612237570684,1.520950903116675,-0.9070008719972164,-0.23070942541412026,1.8795302960041287,0.1140624796473353,-0.9070008719972164,-0.10292269930791643,1.887824695713025,-0.7622469415076893,1.533958057921967,-1.260819403923546,-1.3883562980936235,0.5146030535107955,-1.281782657750869,0.3047194942195238,-1.0505491755552248,-0.8090550398079427,-0.1511972584572906,9.809728295461023,-5.361079785881615,-0.4959172890861918,-0.29863974253397674,1.8164029640724113,-0.07980868844676617,1,1,1,1,1.0,-0.0,False,1,1.0
san_jose,san_jose_3691,-0.9055043080526394,-0.9043555738409986,-1.186550857568136e-15,-0.4029293987827367,-1.370891543842369,0.8869449971050016,-0.9219280946402547,-0.10220971135443631,1.0517555495014146,-0.39955675018226966,-0.9219280946402547,-0.6034451773838087,2.0907745627127032,-0.7268903389056689,-0.9219280946402547,-0.10292269930791643,0.27113824177084284,-0.9011662487348333,-0.37301860977530127,0.5727047747446307,0.4591812742152731,0.890549199693641,-1.28219399268214,0.832342028992492,-1.113064355391307,-0.8090550398079427,-0.1511972584572906,-0.10193962257473484,0.18652958731065797,-0.4959172890861918,-0.29863974253397674,1.8164029640724113,-0.07980868844676617,2,2,2,2,1.0,-0.0,False,2,0.0
san_jose,san_jose_4317,2.4313784110250953,2.45523667196676,-1.186550857568136e-15,1.653116579031482,-1.232759119309998,-0.8806520531124594,0.6692830225265445,-0.10220971135443631,1.053250381161452,0.663482791042043,0.6692830225265445,1.1779176497579171,0.6604312087856758,1.2806460875518824,0.6692830225265445,-0.10292269930791643,-0.46292394889392674,1.1056727595482196,0.9909402837134097,-0.9752509159918226,-0.97646209963724,0.655420632563059,-1.2821837568844678,-0.35985723017311855,-1.1114918294101284,-0.8090550398079427,-0.1511972584572906,-0.10193962257473484,0.18652958731065797,-0.4959172890861918,-0.29863974253397674,1.8164029640724113,-0.07980868844676617,0,0,0,0,1.0,-0.0,False,0,0.0
san_jose,san_jose_4318,2.3897194983121173,2.4228715092492554,-1.186550857568136e-15,-0.08674256115174964,-1.0692595816073711,-0.27366316224301657,0.9284377787455963,-0.10220971135443631,1.0639710423003967,1.3546675658805936,0.9284377787455963,-0.5885379697132358,0.5206578709405355,-0.38791078482025104,0.9284377787455963,-0.10292269930791643,-0.01847741983387887,0.791233608720716,1.7188648320157156,-1.7722311826943864,-2.030447072493387,0.20939013251662925,-1.2817419498355964,0.27660061075912606,-1.050551452351575,-0.8090550398079427,-0.1511972584572906,9.809728295461023,-5.361079785881615,-0.4959172890861918,-0.29863974253397674,1.8164029640724113,-0.07980868844676617,0,0,0,0,1.0,-0.0,False,0,0.0
san_jose,san_jose_1764,1.011742369159587,1.0066297719749018,-1.186550857568136e-15,2.0259602292482364,-1.4746109497156696,-1.693776946339571,1.0281456942014247,-0.10220971135443631,-1.4267254021820974,0.6150582850220384,1.0281456942014247,1.9299319462303064,0.07976417394710723,1.997439562009016,1.0281456942014247,-0.10292269930791643,-0.7144455427539999,1.8088397829382066,0.2914491500916997,-0.9389778334317521,-0.7333226138767889,-0.7213618343675213,-1.2817529317026268,0.40296572335778613,-1.0548624636138246,-0.8090550398079427,-0.1511972584572906,-0.10193962257473484,0.18652958731065797,-0.4959172890861918,-0.29863974253397674,1.8164029640724113,-0.07980868844676617,1,0,1,1,0.6666666666666666,0.5793801642856949,False,0,0.0
san_jose,san_jose_1364,-0.9055043080526394,-0.9043555738409986,-1.186550857568136e-15,1.0643127718777188,0.0527285653252359,0.9395039845828272,-1.0435315409620511,-0.10220971135443631,-1.6122271398581716,-0.983709802072478,-1.0435315409620511,1.49244304816217,-1.0757017091036425,1.3590665967409907,-1.0435315409620511,-0.10292269930791643,-1.1320638202666675,-0.9463065261374907,-1.422325626784892,0.7945042979024792,1.267341451045238,1.7851880076624926,-1.2822090460682984,0.6562739232134885,-1.1282147843428185,-0.8090550398079427,6.613876535879535,-0.10193962257473484,-5.361079785881615,-0.4959172890861918,-0.29863974253397674,1.8164029640724113,-0.07980868844676617,1,1,2,1,0.6666666666666666,0.5793801642856949,False,2,1.0
san_jose,san_jose_1336,-0.9055043080526394,-0.9043555738409986,-1.186550857568136e-15,1.6781208673154406,-2.052520805801239,-0.22348204945441755,0.78775186476723,-0.10220971135443631,-1.6851019804069913,-1.0666761265049676,0.78775186476723,1.2383766648567927,1.5993458531468485,0.8053807832790248,0.78775186476723,-0.10292269930791643,-1.1167830857614358,0.8180895555420193,-1.2085816505965128,1.124389667460355,1.2298319548254766,-0.9251832364677598,-0.8794904836945835,-1.0395099302335293,0.016294292404860324,-0.8090550398079427,-0.1511972584572906,-0.10193962257473484,0.18652958731065797,-0.4959172890861918,-0.29863974253397674,1.8164029640724113,-0.07980868844676617,2,1,1,1,0.6666666666666666,0.5793801642856949,False,1,1.0
san_jose,san_jose_4306,-0.9055043080526394,-0.9043555738409986,-1.186550857568136e-15,-1.0808199079623135,1.2198019229760995,0.9395039845828272,-1.0435315409620511,-0.10220971135443631,1.1813753784753678,0.08279295892969181,-1.0435315409620511,-1.097071625556882,-1.0757017091036425,-1.0863877331763916,-1.0435315409620511,-0.10292269930791643,0.6879999572600056,-0.9463065261374907,0.1318433775844069,0.11010261731948758,0.03794010975709987,-1.5152180219509954,1.3459201016409394,-1.2700789269449353,-0.8139478030841977,-0.8090550398079427,-0.1511972584572906,-0.10193962257473484,0.18652958731065797,-0.4959172890861918,-0.29863974253397674,-0.5505386303477205,-0.07980868844676617,1,1,1,1,1.0,-0.0,False,1,1.0
san_jose,san_jose_1002436,-0.9055043080526394,-0.9043555738409986,-1.186550857568136e-15,-1.0902958793346569,0.3624104998419591,0.9395039845828272,-1.0435315409620511,-0.10220971135443631,-1.2552388373415115,-0.8417170379594652,-1.0435315409620511,-1.1172757028731193,-1.0757017091036425,-1.1189316890769674,-1.0435315409620511,-0.10292269930791643,-0.27740623036860806,-0.9463065261375012,-0.9310525079582774,0.9930017441227578,0.9468590219670451,-1.580640612241589,-1.2822090460682984,-1.365902922661691,-1.1282152351598684,-0.8090550398079427,-0.1511972584572906,-0.10193962257473484,0.18652958731065797,-0.4959172890861918,3.3485161469630915,-0.5505386303477205,-0.07980868844676617,2,0,0,0,0.6666666666666666,0.5793801642856949,False,2,
san_jose,san_jose_2417,2.3226042627945263,2.366612509356721,-1.186550857568136e-15,1.1357119350973994,-1.51935479934556,-0.06178920903235553,-0.18342751582793715,-0.10220971135443631,1.1095430556955495,2.017241784017569,-0.18342751582793715,0.019325578979360086,0.9956503226551188,0.5349233413723108,-0.18342751582793715,-0.10292269930791643,1.2070861241287294,-0.0661727938254188,1.5756353061124142,-1.9028609543275088,-1.8650944565766812,-0.05732603862567688,-1.09991301720127,0.327417894411951,-1.1234686439542951,-0.8090550398079427,-0.1511972584572906,-0.10193962257473484,0.18652958731065797,-0.4959172890861918,-0.29863974253397674,1.8164029640724113,-0.07980868844676617,0,0,0,0,1.0,-0.0,False,0,0.0
san_jose,san_jose_4182,-0.9055043080526394,-0.9043555738409986,-1.186550857568136e-15,-1.1055593212020352,1.8179650233287736,0.9395039845828272,-1.0435315409620511,-0.10220971135443631,-1.2427381005962197,-0.20471915883462197,-1.0435315409620511,-1.1371196222747262,-1.0757017091036425,-1.1241827425762885,-1.0435315409620511,-0.10292269930791643,0.40629611864436266,-0.9463065261374907,-0.21982966419924002,0.3803358336742865,0.3315535503023514,0.01710942332405274,-1.2822090460682984,-1.0332540608199476,-1.1282135273222094,-0.8090550398079427,-0.1511972584572906,-0.10193962257473484,0.18652958731065797,-0.4959172890861918,-0.29863974253397674,1.8164029640724113,-0.07980868844676617,2,1,1,1,0.6666666666666666,0.5793801642856949,False,1,1.0
san_jose,san_jose_1895,1.6366186992858989,1.6757914677720755,-1.186550857568136e-15,1.4469198531392593,-0.442229123355487,-0.7033069855919579,1.3530207910434013,-0.10220971135443631,1.1610592776876463,-1.0431728063294872,1.3530207910434013,1.7383340170775834,-0.28235831195608624,1.3600548455225563,1.3530207910434013,-0.10292269930791643,-1.1992205082128187,1.1781060930163936,0.29838030525834125,-0.21839509873924304,-0.4041252110095277,-0.9858507371084958,1.0609727613514706,-0.07565579444843222,-0.34736689948205346,-0.8090550398079427,-0.1511972584572906,9.809728295461023,-5.361079785881615,-0.4959172890861918,-0.29863974253397674,-0.5505386303477205,-0.07980868844676617,1,0,1,1,0.6666666666666666,0.5793801642856949,False,1,0.0
san_jose,san_jose_1920,1.011742369159587,1.0066297719749018,-1.186550857568136e-15,0.01722565601943132,-0.13426430034587203,0.3646146952858461,-0.4966975260151966,-0.10220971135443631,0.8756615658769173,1.7321115897618553,-0.4966975260151966,-0.3525773113344055,-0.1786467131323616,0.10292380127913021,-0.4966975260151966,-0.10292269930791643,1.3351542047252747,-0.4505877413720839,1.5464857708529585,-1.5198513264693811,-1.618195924510231,-1.2010223357897614,1.2129220733258657,-1.2581412009002508,0.14902180569395718,-0.8090550398079427,-0.1511972584572906,-0.10193962257473484,0.18652958731065797,-0.4959172890861918,-0.29863974253397674,-0.5505386303477205,-0.07980868844676617,1,1,1,1,1.0,-0.0,False,1,1.0
san_jose,san_jose_1805,1.011742369159587,1.0066297719749018,-1.186550857568136e-15,0.2651245058331905,-0.7506609034596132,0.39989137493083593,0.06589864262648575,-0.10220971135443631,-1.2336797007186746,0.15639272872337928,0.06589864262648575,-0.07605087044700479,0.8505887343139215,-0.09199863072713328,0.06589864262648575,-0.10292269930791643,0.6213380459288399,-0.2827818473659355,0.3556600561274558,0.011838568881181642,-0.18317789090462613,0.22603370245197335,0.17324019857999923,1.4168848769488105,1.0195846295008093,-0.8090550398079427,-0.1511972584572906,-0.10193962257473484,0.18652958731065797,-0.4959172890861918,-0.29863974253397674,-0.5505386303477205,-0.07980868844676617,1,1,1,1,1.0,-0.0,False,1,1.0
san_jose,san_jose_1841,-0.9055043080526394,-0.9043555738409986,-1.186550857568136e-15,-0.9611344557969157,1.2020124377749961,0.9395039845828272,-1.0435315409620511,-0.10220971135443631,1.052487532363961,0.9541021261222138,-1.0435315409620511,-0.9587336212778902,-1.0757017091036425,-0.8954816284054372,-1.0435315409620511,-0.10292269930791643,1.3860305197230065,-0.9463065261374907,1.1349589612561028,-0.7115307816538872,-0.9010789807772239,-1.4431467394556847,1.3134566669710828,0.41389370669604364,-1.0668273270795896,-0.8090550398079427,-0.1511972584572906,-0.10193962257473484,0.18652958731065797,-0.4959172890861918,-0.29863974253397674,-0.5505386303477205,-0.07980868844676617,1,2,1,1,0.6666666666666666,0.5793801642856949,False,1,1.0
san_jose,san_jose_3649,1.011742369159587,1.0066297719749018,-1.186550857568136e-15,-0.9121823699077912,0.6651497160112609,0.6572818463354343,0.12783280030005223,-0.10220971135443631,-1.176580459650161,1.8170006783756487,0.12783280030005223,-0.9872698383407226,1.4636290253486637,-0.8570922577204537,0.12783280030005223,-0.10292269930791643,1.498579613205358,-0.46726294351649983,1.6571259616091587,-1.5494024319126494,-1.724266091090606,-1.186673181905935,1.1798114319579203,-1.00697855283368,-0.6245201951592434,-0.8090550398079427,-0.1511972584572906,-0.10193962257473484,0.18652958731065797,-0.4959172890861918,-0.29863974253397674,-0.5505386303477205,-0.07980868844676617,1,1,1,1,1.0,-0.0,False,1,1.0
san_jose,san_jose_3650,-0.9055043080526394,-0.9043555738409986,-1.186550857568136e-15,-1.076586911350578,-0.36781811656769653,0.9395039845828272,-1.0435315409620511,-0.10220971135443631,-1.2987084258329913,0.21780875805203737,-1.0435315409620511,-1.1357535307913593,-1.0757017091036425,-1.1183006437480085,-1.0435315409620511,-0.10292269930791643,0.7468194530009774,-0.9463065261374907,0.213140743262496,-0.07202647745431982,-0.03302364218202571,-0.7083692444771061,0.709297503440145,-0.8888626226603838,-1.0617730075968335,-0.8090550398079427,6.613876535879535,-0.10193962257473484,-5.361079785881615,-0.4959172890861918,-0.29863974253397674,-0.5505386303477205,-0.07980868844676617,1,1,1,1,1.0,-0.0,False,1,1.0
san_jose,san_jose_1001873,1.011742369159587,1.0066297719749018,-1.186550857568136e-15,-1.0010166787931485,-0.28896160711081137,0.9395039845828272,-1.0435315409620511,-0.10220971135443631,-1.3053453344296484,-1.5763144527116533,-1.0435315409620511,-0.9340162453522455,-1.0757017091036425,-1.0561059113973694,-1.0435315409620511,-0.10292269930791643,-1.1294405393376215,-0.9463065261374907,-1.5828341320394743,1.6700074840806443,1.6105098552102273,1.9583936065582244,-0.27345785436729775,-0.39663693159563906,0.34851501704314086,-0.8090550398079427,-0.1511972584572906,-0.10193962257473484,0.18652958731065797,2.0164652896911486,-0.29863974253397674,-0.5505386303477205,-0.07980868844676617,1,1,1,1,1.0,-0.0,False,1,1.0
san_jose,san_jose_1682,1.011742369159587,1.0066297719749018,-1.186550857568136e-15,-0.25366386891726844,0.4731469966341494,-1.052114687463916,0.6590445909213667,-0.10220971135443631,1.0990688454779234,2.018897372877384,0.6590445909213667,-0.3565119628344148,0.547780968801637,0.0011626782149069621,0.6590445909213667,-0.10292269930791643,-0.010608682317080044,1.1824745507209282,1.092115751482985,-1.0143014028524546,-1.1037890309097989,0.2792518612979049,-1.1444266720929808,-0.6216935989776998,-1.1276979235477864,-0.8090550398079427,-0.1511972584572906,-0.10193962257473484,0.18652958731065797,-0.4959172890861918,-0.29863974253397674,1.8164029640724113,-0.07980868844676617,1,1,1,1,1.0,-0.0,False,1,2.0
san_jose,san_jose_4260,1.011742369159587,1.0066297719749018,-1.186550857568136e-15,1.1760786192333583,-1.051727926144856,-1.8565266709505772,1.2356295830544646,-0.10220971135443631,1.0921568721249628,-1.8810004269560814,1.2356295830544646,1.6743021076851186,1.1633537870543713,1.1876525718567086,1.2356295830544646,-0.10292269930791643,-2.034541294204718,1.6435158369826837,-2.0669526337730852,1.9261281194671913,2.164975586166116,-0.9496383770963248,1.2329848622923665,-0.5655274793329077,-0.26622123007750625,-0.8090550398079427,-0.1511972584572906,-0.10193962257473484,0.18652958731065797,-0.4959172890861918,-0.29863974253397674,-0.5505386303477205,-0.07980868844676617,1,1,1,1,1.0,-0.0,False,1,1.0
san_jose,san_jose_4253,1.011742369159587,1.0066297719749018,-1.186550857568136e-15,0.3435130594763289,0.06775094276942413,-0.8358730006161628,0.7506151296394481,-0.10220971135443631,-1.7385696543797013,1.371185391552644,0.7506151296394481,0.1264633513033723,0.779724015463819,0.4284622127582948,0.7506151296394481,-0.10292269930791643,0.7391047930569612,0.6415239872045232,1.2901235256333643,-1.7411408046127155,-1.3511311617682678,-0.4067526698505414,-1.2822090460682984,1.0901622338256383,-1.1282142659954395,-0.8090550398079427,-0.1511972584572906,-0.10193962257473484,0.18652958731065797,-0.4959172890861918,-0.29863974253397674,1.8164029640724113,-0.07980868844676617,1,1,1,1,1.0,-0.0,False,1,1.0
san_jose,san_jose_1265,1.011742369159587,1.0066297719749018,-1.186550857568136e-15,-1.05986200774944,1.3525245711221792,0.9395039845828272,-1.0435315409620511,-0.10220971135443631,-1.512195952453368,0.5168213905212742,-1.0435315409620511,-1.0807048199269407,-1.0757017091036425,-1.0313243235471625,-1.0435315409620511,-0.10292269930791643,0.9726607687851303,-0.9463065261374907,0.5312212462165641,-0.39884562433328336,-0.31148214392328205,-0.298010037861864,-1.2822090460682984,-0.09713623094109683,-1.128213270094698,0.09674263097792053,-0.1511972584572906,-0.10193962257473484,0.18652958731065797,-0.4959172890861918,-0.29863974253397674,1.8164029640724113,-0.07980868844676617,1,1,1,1,1.0,-0.0,False,1,1.0
san_jose,san_jose_1265,1.011742369159587,1.0066297719749018,-1.186550857568136e-15,-0.36623637951252713,0.4377918881478851,0.24568276118967605,0.645308361440453,-0.10220971135443631,-1.6240169409023177,0.4753014742816319,0.645308361440453,-0.3573154695340833,1.4965272219977932,-0.26986982335674053,0.645308361440453,-0.10292269930791643,0.7525424762348799,-0.29417295170831387,0.6341218550059733,-0.2734113709973298,-0.34944564577664594,0.7560207774730733,-1.2810930093358799,0.3101833812735905,-1.0477602633218805,0.09674263097792053,-0.1511972584572906,-0.10193962257473484,0.18652958731065797,-0.4959172890861918,-0.29863974253397674,1.8164029640724113,-0.07980868844676617,1,1,1,1,1.0,-0.0,False,1,1.0
san_jose,san_jose_4247,-0.9055043080526394,-0.9043555738409986,-1.186550857568136e-15,-0.7332134223414661,-0.0461313138446119,0.9395039845828272,-1.0435315409620511,-0.10220971135443631,-1.3564915323669158,-1.4997840474935262,-1.0435315409620511,-0.4908323250281364,-1.0757017091036425,-0.784603247951639,-1.0435315409620511,-0.10292269930791643,-1.1187521660675352,-0.9463065261374907,-1.5769624992175504,1.5801580328638092,1.6016404212143378,1.8406238750026604,-1.2822090460682984,0.39063701614807256,-1.1282147904766688,-0.8090550398079427,6.613876535879535,-0.10193962257473484,-5.361079785881615,-0.4959172890861918,-0.29863974253397674,1.8164029640724113,-0.07980868844676617,1,2,1,1,0.6666666666666666,0.5793801642856949,False,1,1.0
san_jose,san_jose_4247,-0.9055043080526394,-0.9043555738409986,-1.186550857568136e-15,-1.001005731538764,1.8877809895544218,0.6871198673277421,-0.9003488878929884,-0.10220971135443631,-0.7233738819577407,-0.5303046184809128,-0.9003488878929884,-0.8087795074054676,1.9085024540039472,-0.897093757080961,-0.9003488878929884,-0.10292269930791643,0.11329335416138406,-0.7292801540382943,-0.5157880281228426,0.6748223266498006,0.5741548145314012,-0.26769333854489635,-1.1257913424847052,-0.5729983985968204,-0.6619578578480829,-0.8090550398079427,6.613876535879535,-0.10193962257473484,-5.361079785881615,-0.4959172890861918,-0.29863974253397674,1.8164029640724113,-0.07980868844676617,1,2,1,1,0.6666666666666666,0.5793801642856949,False,1,1.0
san_jose,san_jose_4247,-0.9055043080526394,-0.9043555738409986,-1.186550857568136e-15,-0.6430825401171907,0.9882390439153051,-0.6282385465821745,0.49904456246524553,-0.10220971135443631,-0.5281696760598936,-0.6679948707690139,0.49904456246524553,-0.29892519326545314,1.4804493311141218,-0.5726209046126247,0.49904456246524553,-0.10292269930791643,-0.47711022675799436,0.9897452154298482,-0.9055957389251416,0.6919933602971742,0.8538796435795559,-0.4834562453875594,-1.2822090460682984,-0.3736193308956464,-1.1282128716374504,-0.8090550398079427,6.613876535879535,-0.10193962257473484,-5.361079785881615,-0.4959172890861918,-0.29863974253397674,1.8164029640724113,-0.07980868844676617,1,1,1,1,1.0,-0.0,False,1,1.0
san_jose,san_jose_4248,1.011742369159587,1.0066297719749018,-1.186550857568136e-15,-0.9025227025581969,-0.39742350232822926,0.9395039845828272,-1.0435315409620511,-0.10220971135443631,-1.3471511163093488,-1.473910926449776,-1.0435315409620511,-0.8124659974962299,-1.0757017091036425,-1.016075565126004,-1.0435315409620511,-0.10292269930791643,-0.9996041588878284,-0.9463065261374961,-1.4982132286035321,1.5828158537789896,1.5145301425317692,0.09009897265134456,0.8025164798842518,-1.2896109379910166,0.766976959127093,0.09674263097792053,-0.1511972584572906,-0.10193962257473484,0.18652958731065797,-0.4959172890861918,-0.29863974253397674,-0.5505386303477205,-0.07980868844676617,1,1,1,1,1.0,-0.0,False,1,2.0
san_jose,san_jose_4248,1.011742369159587,1.0066297719749018,-1.186550857568136e-15,-0.10197680898559049,-0.8995902285133885,-0.4847743805718791,-0.06489322915969649,-0.10220971135443631,-0.7184046392312559,-1.6718053928524084,-0.06489322915969649,0.16243667183720967,0.3261326182851656,-0.5725767627345862,-0.06489322915969649,-0.10292269930791643,-1.2967083009366458,0.2942034321351986,-1.6772815553671134,1.7107555336429132,1.7492148146382869,0.8104837751831985,-0.44291276503441646,1.7640680343079866,0.6959910446479618,0.09674263097792053,-0.1511972584572906,-0.10193962257473484,0.18652958731065797,2.0164652896911486,-0.29863974253397674,-0.5505386303477205,-0.07980868844676617,1,1,1,1,1.0,-0.0,False,1,2.0
san_jose,san_jose_4248,1.011742369159587,1.0066297719749018,-1.186550857568136e-15,-0.8930643825946254,0.38819886232319006,-1.1072888331398179,0.6537143535958342,-0.10220971135443631,-0.4444906321078537,-0.9762842565383838,0.6537143535958342,-0.7909388290439958,1.090733209149502,-0.9460012118179296,0.6537143535958342,-0.10292269930791643,-0.6197786503009338,0.8621306756153928,-1.176989324937008,0.999494470882291,1.1307248754237151,1.4997219889574502,-1.2650273285106879,0.19859520755791107,-0.677475160997426,0.09674263097792053,-0.1511972584572906,-0.10193962257473484,0.18652958731065797,-0.4959172890861918,-0.29863974253397674,1.8164029640724113,-0.07980868844676617,1,1,1,1,1.0,-0.0,False,1,2.0
san_jose,san_jose_1248,1.011742369159587,1.0066297719749018,-1.186550857568136e-15,-0.9896552380384075,2.113682978110162,0.9395039845828272,-1.0435315409620511,-0.10220971135443631,1.141514413615832,1.4022094315487603,-1.0435315409620511,-0.9291044702667723,-1.0757017091036425,-0.7865418818063895,-1.0435315409620511,-0.10292269930791643,1.5735086408666454,-0.9463065261374907,1.3808777479367524,-1.2336009590235202,-1.2202529159531812,0.5996906842620124,-1.2822090460682984,0.21137351639680457,-1.12821397522441,-0.8090550398079427,6.613876535879535,-0.10193962257473484,-5.361079785881615,-0.4959172890861918,-0.29863974253397674,1.8164029640724113,-0.07980868844676617,1,1,1,1,1.0,-0.0,False,1,1.0
san_jose,san_jose_1273,1.011742369159587,1.0066297719749018,-1.186550857568136e-15,1.5006924620653805,-0.09335242153400303,-0.569829643498223,0.851004581475814,-0.10220971135443631,1.0879015698226666,0.6647565660904686,0.851004581475814,1.4824232571612537,0.12371715947273665,1.6396044861661763,0.851004581475814,-0.10292269930791643,-0.5760776051229881,1.2383817383537692,1.4524966968710704,-1.6884589844268751,-1.7554644574288545,0.6707722911341368,-1.2822010705712679,-0.28728107086879856,-1.1192680326321132,-0.8090550398079427,6.613876535879535,-0.10193962257473484,-5.361079785881615,-0.4959172890861918,-0.29863974253397674,1.8164029640724113,-0.07980868844676617,1,1,1,1,1.0,-0.0,False,1,1.0
san_jose,san_jose_1333,1.011742369159587,1.0066297719749018,-1.186550857568136e-15,-0.9272899303124855,0.8692549472029812,0.9395039845828272,-1.0435315409620511,-0.10220971135443631,1.0892829938155826,1.623867652140705,-1.0435315409620511,-0.9781117358684671,-1.0757017091036425,-0.8729841399333133,-1.0435315409620511,-0.10292269930791643,1.5820045910883587,-0.9463065261374907,1.5452372805357268,-1.3605376347479596,-1.5341597762703523,-1.5477665336203135,-1.2822090460682984,-1.2039183194817287,-1.1281600678595105,-0.8090550398079427,-0.1511972584572906,-0.10193962257473484,0.18652958731065797,-0.4959172890861918,3.3485161469630915,-0.5505386303477205,-0.07980868844676617,1,1,1,1,1.0,-0.0,False,1,1.0
san_jose,san_jose_3632,1.011742369159587,1.0066297719749018,-1.186550857568136e-15,-0.026207331059287724,0.9957898401654611,-1.137355243268262,1.1861614483655964,-0.10220971135443631,-1.3872471883358577,0.2484423231180965,1.1861614483655964,0.33656362207554813,-0.7976017932684704,0.36040943973796763,1.1861614483655964,-0.10292269930791643,-0.5689812828341826,1.5611939065816414,0.1430158747360926,-0.7290639191074588,-0.30360700278907415,0.8120572103622017,-0.16424098695684022,1.3813611110718076,0.9031444765868522,-0.8090550398079427,-0.1511972584572906,-0.10193962257473484,0.18652958731065797,2.0164652896911486,-0.29863974253397674,-0.5505386303477205,-0.07980868844676617,1,1,1,1,1.0,-0.0,False,1,1.0
san_jose,san_jose_1505,1.011742369159587,1.0066297719749018,-1.186550857568136e-15,-0.4460130957048662,2.0571549445127375,-1.6179665978342952,1.5002259132912494,-0.10220971135443631,-1.3464430479275031,0.4743519467065986,1.5002259132912494,0.31742623520446145,0.43135506948149366,0.29447305509947486,1.5002259132912494,-0.10292269930791643,0.09391434542309861,1.3849519677745827,0.7213357069030518,-1.7014828401247826,-1.0180604636894206,-1.5586268400867807,-1.2819263785306845,-1.3384711432054803,-1.0636755704456107,0.09674263097792053,-0.1511972584572906,-0.10193962257473484,0.18652958731065797,-0.4959172890861918,3.3485161469630915,-0.5505386303477205,-0.07980868844676617,1,1,0,1,0.6666666666666666,0.5793801642856949,False,0,1.0
san_jose,san_jose_1792,1.011742369159587,1.0066297719749018,-1.186550857568136e-15,2.0001234583953527,-2.5000962191444422,-2.0626441669888624,1.8712946027551909,-0.10220971135443631,1.1049748504863663,-1.685554951016249,1.8712946027551909,2.003158898971585,-0.10209881608039628,1.527429330435305,1.8712946027551909,-0.10292269930791643,-1.8420673229334974,1.976747748460149,-1.485053134092249,0.08769184410209058,0.4102879392102578,-0.4700958845925277,-0.284549680403821,-0.3591075522187549,-1.0831246916537243,-0.8090550398079427,6.613876535879535,-0.10193962257473484,-5.361079785881615,-0.4959172890861918,-0.29863974253397674,1.8164029640724113,-0.07980868844676617,1,1,1,1,1.0,-0.0,False,1,1.0
